url,label
"mp3raid.com/music/krizz_kaliko.html",safe
"bopsecrets.org/rexroth/cr/1.htm",safe
"http://buzzfil.net/m/show-art/ils-etaient-loin-de-s-imaginer-que-le-hibou-allait-faire-ceci-quand-ils-filmaient-2.html",safe
"espn.go.com/nba/player/_/id/3457/brandon-rush",safe
"yourbittorrent.com/?q=anthony-hamilton-soulife",safe
"allmusic.com/album/crazy-from-the-heat-r16990",safe
"corporationwiki.com/Ohio/Columbus/frank-s-benson-P3333917.aspx",safe
"myspace.com/video/vid/30602581",safe
"quickfacts.census.gov/qfd/maps/iowa_map.html",safe
"nugget.ca/ArticleDisplay.aspx?archive=true&e=1160966",safe
"uk.linkedin.com/pub/steve-rubenstein/8/718/755",safe
"baseball-reference.com/players/h/harrige01.shtml",safe
"192.com/atoz/people/oakley/patrick/",safe
"nytimes.com/1998/03/29/style/cuttings-oh-that-brazen-raucous-glorious-hibiscus.html",safe
"escholarship.org/uc/item/5xt4952c",safe
"songfacts.com/detail.php?id=13410",safe
"casamanana.org/education/blba/",safe
"http://hollywoodlife.com/2014/05/01/rihanna-iheartradio-music-awards-dress-2014-pics/",safe
"en.wikipedia.org/wiki/North_Dakota",safe
"soaps.sheknows.com/daysofourlives/news/id/20259/Days_Of_Our_Lives_Casts_Ruta_Lee/",safe
"perfectpeople.net/celebrity-star/6920/gidget-gein.htm",safe
"media.caltech.edu/press_releases/13186",safe
"wikiobits.com/Obits/TonyProudfoot",safe
"vanderbilt.rivals.com/viewcoach.asp?coach=2079&sport=1&year=2011",safe
"movies.yahoo.com/shop?d=hv&cf=info&id=1800340831",safe
"cyndislist.com/us/pa/counties",safe
"psychology.wikia.com/wiki/Phonemes",safe
"info.centriq.com/content/fivereasons",safe
"articles.baltimoresun.com/1991-06-11/sports/1991162162_1_james-koehler-texas-rangers-terrell-lowery",safe
"infinitysw.com/",safe
"strawberrycreekgardens.com/",safe
"spoke.com/dir/p/desantis/nick",safe
"wordsmith.org/words/pignus.html",safe
"http://interpark.com/displaycorner/FreeMarket.do?_method=itemCateList&free1=pc&free2=007001008003&free3=item&disp_no=007001008003",safe
"almanac.logos.com/Denominations",safe
"gaming.wikia.com/wiki/Backbreaker_(video_game)",safe
"ceu.hu/",safe
"registry.weddingchannel.com/coupledir/20108/C/R314763282/JARED_CLOUGH_AND_TAJAI_RITCHIE.htm",safe
"linkedin.com/pub/george-cleveland/7/80a/599",safe
"sunshinemills.com/",safe
"agoda.com/north_america/canada/montreal_qc/attractions/hotels_near_mcgill_university_centre_for_continuing_education.html",safe
"ctv.ca/generic/WebSpecials/sponsorship_scandal/",safe
"veoox.com/tags/game.html",safe
"chuckwalkertrio.blogspot.com/",safe
"aerosolesshoes.org/",safe
"recipelink.com/msgbrd/board_14/2007/DEC/29094.html",safe
"ideas.repec.org/f/pma235.html",safe
"peopleaz.org/firstname/Fowlkes/6",safe
"orensamtraktrip.wordpress.com/",safe
"alexa.com/whatshot?q=james+arness",safe
"jpopasia.com/group/arashi/discography/",safe
"kitsapsun.com/photos/2011/feb/25/177999/",safe
"local.yahoo.com/info-42862457-oakland-international-airport-oakland",safe
"tripadvisor.com/Restaurant_Review-g680765-d1768647-Reviews-Yacha_Yacha-Miyakojima_Okinawa_Prefecture_Kyushu_Okinawa.html",safe
"articles.elitefts.com/articles/training-articles/five-great-exercises-for-building-a-dominant-defensive-lineman/",safe
"broadwaystars.com/classic/?source=www.playbill.com",safe
"forums.networkinfrastructure.info/motorola-wireless-lan-switches/",safe
"youtube.com/watch?v=mwpoPQ1SPJU",safe
"mccall-idchamber.org/",safe
"chacha.com/question/who-said-the-quote-%27say-what-you-mean%2C-mean-what-you-say-and-put-a-beat-to-it%27",safe
"friars.com/sports/m-baskbl/archive/prov-m-baskbl-2003.html",safe
"pipl.com/directory/name/Whissell/180",safe
"spokeo.com/John+Collet",safe
"http://fanpage.gr/family/gineka/%ce%b1%cf%85%cf%84%ce%bf%ce%af-%ce%b5%ce%af%ce%bd%ce%b1%ce%b9-%ce%bf%ce%b9-13-%cf%89%cf%81%ce%b1%ce%b9%cf%8c%cf%84%ce%b5%cf%81%ce%bf%ce%b9-%ce%ad%ce%bb%ce%bb%ce%b7%ce%bd%ce%b5%cf%82-%ce%b1%ce%bd-2/",safe
"faqs.org/copyright/handbook-for-the-individual-or-group-culture-free/",safe
"duckduckgo.com/1/c/Roman_Catholic_cathedrals_in_Canada",safe
"http://worldoftanks.ru/ru/content/guide/payments_instruction/mobile-payments-rostelekom-ural-utel/",safe
"en.wikipedia.org/wiki/Lloyd_Bacon",safe
"http://serverfault.com/questions/682832/squid-transparent-https-certificate-error-ssl-error-bad-cert-domain",safe
"ciajfk.com/harold.html",safe
"indyweek.com/artery/archives/2011/10/07/come-back-to-the-1980s-at-the-escapism-film-festival-which-begins-friday",safe
"linkedin.com/pub/charles-gariepy/2/642/28",safe
"eyeappealoptometry.com/",safe
"brophygen.com/",safe
"icehockey.wikia.com/wiki/Dan_Blackburn",safe
"gurufocus.com/news/116068/who-is-the-warren-buffett-of-canada-prem-watsa-of-fairfax-financial-ffh-or-paul-desmarais-of-power-corporation-of-canada-pow",safe
"stewstew.com/",safe
"livingharvest.com/products/ice-cream-bars",safe
"http://icicibank.com/Personal-Banking/offers/offer-detail.page?id=offer-readers-digest-magazine-offer-20150202203953555",safe
"bleacherreport.com/articles/300242-doug-harvey-one-of-the-best-ever-to-play-the-game",safe
"artfacts.net/it/istituzion/ms--muzeum-sztuki-lodz-2724/visione-generale.html",safe
"parsippanysoccerclub.org/",safe
"international.uiowa.edu/services/language/allnet/resources/languages/turkish.asp",safe
"btscene.eu/verified-search/torrent/franco+piersanti/",safe
"signature-editions.com/",safe
"en.wikipedia.org/wiki/Blessed_by_a_Broken_Heart",safe
"national.ca/Bold-Thinking/NATIONAL-Publications.aspx",safe
"http://motthegioi.vn/the-gioi-cuoi/clip-dai-gia-mac-ca-voi-co-ban-banh-my-185682.html",safe
"metroactive.com/papers/metro/01.29.98/idiotflesh-9804.html",safe
"https://twitter.com/home?status=%E3%83%8C%E3%81%91%E3%82%8B%EF%BC%81%E3%80%90%E3%82%A2%E3%83%8B%E3%83%A1%E3%80%91+http%3A%2F%2Fero-video.net%2Ft%2FwjfL4fhPp1lPxTZb+%E3%82%A2%E3%83%AA%E3%82%B5%E5%86%8D%E3%81%B3%EF%BC%81%E3%82%A8%E3%83%AD%E3%82%A2%E3%83%8B%E3%83%A1+%23ero+%23douga+%23agesage",safe
"http://correios.com.br/para-sua-empresa/comunicacao/certificados-digitais/ajuda-interativa/informacoes-sobre-a-baixa-dos-certificados-a1",safe
"http://olx.ro/i2/electronice-si-electrocasnice/electrocasnice/masini-de-cusut/gtm.start",safe
"msn.foxsports.com/nhl/player/yann-sauve/720461",safe
"hallmark.businessgreetings.com/",safe
"musicstack.com/records-cds/toni+tony+tone",safe
"nudecelebsnow.com/tags/1/victoria+justus.htm",safe
"worldwrestlinginsanity.com/am2/publish/ringofhonorlive/roh_sinclair_tv2.shtml",safe
"http://slashdot.org/submission/2916707/facebook-to-include-profile-photos-in-its-facial-recognition-database",safe
"facebook.com/people/Yui-Takeshita/100001611015714",safe
"sportsposterwarehouse.com/items_388__grandprixclassicscoll.html",safe
"padmapper.com/search/apartments/Quebec/Montreal-est/",safe
"mrskin.com/christina-ricci-nude-c868.html",safe
"lip-service.com/webzine/tag/post-apocalyptic-fashion/",safe
"linkedin.com/pub/dir/elizabeth/scarborough",safe
"cqgcr.ca/ang/producer01.php",safe
"huffingtonpost.com/2011/10/24/south-carolina-primary-case_n_1029599.html",safe
"http://qz.com/403774/quartz-daily-brief-japanese-military-verizon-aol-sporty-branson-saucy-swedes/",safe
"select.nytimes.com/gst/abstract.html?res=F70814F93B581A7A93CBA9178BD95F4C8385F9",safe
"startrekcostumes.net/",safe
"en.wikipedia.org/wiki/Neil_Curtis",safe
"music.carowinds.com/",safe
"newjersey.craigslist.org/",safe
"familypedia.wikia.com/wiki/Joseph_Philippe_Roi_de_Villere_%281727-1769%29",safe
"http://mylust.com/videos/232790/hentai-slut-with-big-juicy-tits-gets-fucked-doggy-style/",safe
"acronymfinder.com/John-Burroughs-High-school-(Burbank%2c-CA)-(JBHS).html",safe
"youtube.com/watch?v=K_-bsYE-y08",safe
"myspace.com/jking909",safe
"movies.msn.com/celebrities/celebrity/george-'gabby'-hayes/",safe
"idlebrain.com/news/functions/engagement-brahmini.html",safe
"vh1.com/video/that-metal-show/full-episodes/carmine-appice-dave-meniketti/1663564/playlist.jhtml",safe
"archiver.rootsweb.ancestry.com/th/read/GEN-OBIT/2007-04/1176208149",safe
"perezhilton.com/category/william-shatner/",safe
"fsnaindia.com/",safe
"actionjaxon666.wordpress.com/2011/02/24/new-macbook-pros-secretly-16gb-capable/",safe
"en.wikipedia.org/wiki/Kenji_Nojima",safe
"alaskajewelry.com/colored-stone-tanzanite-rings-c-21_72_91.html?=&infoBox=0",safe
"greenparty.ca/campaign/24048",safe
"http://mic.com/articles/117758/mtv-just-gave-these-artists-a-huge-platform-to-bring-attention-to-indigenous-rights",safe
"randomhouse.com/book/84548/tapestry-of-spies-by-stephen-hunter",safe
"argentinawarez.com/musica-mp3-gratis/65991-ost-boat-rocked-soundtrack-2cd-2009-a.html",safe
"192.com/atoz/people/gerrard/steven/",safe
"users6.nofeehost.com/aldenh/493.html",safe
"facebook.com/opalhilldrive",safe
"scottss.com/",safe
"manta.com/ic/mt6fkz0/ca/residence-sault-au-recollet",safe
"forum.exscn.net/archive/index.php/t-10778.html?pda=1",safe
"superpages.com/bp/Kansas-City-KS/Kansas-City-Terminal-Railway-L2170949422.htm",safe
"maxlapointe.com/?p=141",safe
"ca.ratemyteachers.com/louise-trichet/106184-s",safe
"cardomain.com/ride/2424103/2006-pontiac-gto",safe
"apps.facebook.com/ilike/artist/Les+Respectables",safe
"cbssports.com/nba/players/playerpage/20626/paul-pierce",safe
"home.comcast.net/~jcage89/350z/navbox/index.htm",safe
"margaritawill.com/hotdogs/",safe
"pipl.com/directory/name/Pallas/Tony",safe
"newyorker.com/archive/1982/04/12/1982_04_12_039_TNY_CARDS_000335949",safe
"youtube.com/watch?v=eMY1FT3Pqh8",safe
"law.cornell.edu/wex/Joint_venture",safe
"pitchfork.com/reviews/albums/13979-broken-bells/",safe
"http://skyrock.com/videos/eDJwODRhNzoxMw==-bug-1187-moi-ma-famille.html?top=3&period=recent",safe
"hollywood.com/movie/Biutiful/6870447",safe
"facebook.com/pages/The-Paul-Lynde-Halloween-Special-1976/280289980245",safe
"hot-people.info/Crossett_AR_Dorothy-Moore_Eric--Newton_1051.html",safe
"onlineradio7.com/listen/CFLO_1047",safe
"artistswithaids.org/artforms/music/catalogue/rileyl.html",safe
"mylife.com/dominicbouchard",safe
"mmagearguide.com/ufc-117-t-shirts-silva-vs-sonnen/",safe
"worldtraveltours.org/4-alternative-places-you-can-choose-at-montreal-travel/.html",safe
"iptv.org/",safe
"elliscountydivorcelawyer.com/ellis-county-post-divorce-modification.htm",safe
"http://grantland.com/the-triangle/2015-mlb-over-under-bets-chicago-cubs-houston-astros-oakland-as-tampa-bay-rays/",safe
"fanpix.net/gallery/doug-savant-pictures.htm",safe
"chacha.com/question/what-time-does-metro-center-mall-close",safe
"marcospecialties.com/storeitems.asp?game=Chicago%20Coin&Chicago%20Coin=RED%20BARON%20(Blue%20Max)",safe
"hdlns.com/g508zf1457/Kansas+City+Star+Obituaries+Obituaries+from+Kansas+City+Star+Kansas+City%2C+MO",safe
"familytreemaker.genealogy.com/users/v/e/r/James-R-Verrier/GENE7-0008.html",safe
"therainmakersmessageboard.yuku.com/",safe
"tumblr.com/tagged/sebastien+lefebvre",safe
"ussoccer.com/News/Soccer-Wire/2002/10/U-S-Soccer-Wire-Galaxy-Claims-2002-MLS-Cup-With-1-0-Double-OT-Win-Over-Revs-Will-Go-For-Rare-Double.aspx",safe
"filmannex.com/movie/1984-olympics-fencing-men-saber/21938",safe
"allaboutjazz.com/php/musician.php?id=3751",safe
"skiracing.com/?q=node/514",safe
"ertx.com/movie/2008/mad-about-mambo",safe
"classicbikepictures.co.uk/c319/p2499/for_sale/yamaha%C2%A0yfu1wyfu1-t_for_sale.html",safe
"http://thenextweb.com/dd/2011/05/09/squarespace-to-begin-version-6-beta-testing/gtm.js/gtm.js",safe
"mtlasm.blogspot.com/",safe
"medicinenet.com/heel_spurs/city.htm",safe
"music.yahoo.com/nothingface/",safe
"espn.go.com/college-football/team/_/id/2306/kansas-state-wildcats",safe
"bleacherreport.com/articles/811265-mlb-power-rankings-comparing-every-mlb-team-to-a-classic-80s-rock-band",safe
"famoushookups.com/site/relationship_detail.php?name=Martin-Brodeur&celebid=12150&relid=11371",safe
"genealogybuff.com/ar/clark/webbbs_config.pl/noframes/read/10",safe
"microlabsltd.com/",safe
"tripadvisor.com/ShowUserReviews-g57417-d1013388-r21219909-Mulligan_s-Stratton_Mountain_Vermont.html",safe
"flickr.com/people/sleepingelf/",safe
"subscene.com/Taking-Woodstock/subtitles-80048.aspx",safe
"http://thenextweb.com/insider/2014/10/29/unbabel-integrates-mailchimp-offer-translation-service-promotional-emails/gtm.js/gtm.start",safe
"tabs.ultimate-guitar.com/a/audioslave/audioslave_album_btab.htm",safe
"sunjournal.com/section/news/5974",safe
"ethicalsuperstore.com/products/green-and-blacks/organic-hot-chocolate-drink/?_$ja=tsid:6494%7Ccc:%7Cprd:12744%7Ccat:Groceries+%26+Everyday+%3E+Drinks+%3E+Chocolate",safe
"lilliputreview.blogspot.com/2011/04/r-h-blyth-on-waka-and-haiku.html",safe
"basketball.wikia.com/wiki/Golden_State_Warriors",safe
"ech.cwru.edu/ech-cgi/article.pl?id=PGS",safe
"filmaffinity.com/es/search.php?stype=cast&stext=Elliott+Gould",safe
"chicopeemasoniclodge.org/westover.htm",safe
"filmcritic.com/features/2008/10/american-science-fiction-movies/",safe
"geographic.org/geographic_names/v/ve_014.html",safe
"paperbackswap.com/Sadie-Rose-Adventure-Hilda-Stahl/book/0891076352/",safe
"baseball-almanac.com/players/player.php?p=hengeda01",safe
"biographi.ca/EN/ShowBio.asp?BioId=41243",safe
"deborahfrances-white.com/stand-up.html",safe
"spcmoray.com/",safe
"edu.gov.on.ca/eng/sift/indexSec.asp",safe
"benoitglazer.com/",safe
"judgepedia.org/index.php/Alan_Gold",safe
"sbnation.com/ncaa-football/players/36729/brandon-smith",safe
"isearch.com/searching.php?qloc=&showForm=name&qname=Robin+Kelly&refer=3338",safe
"ratemyteachers.com/amelia-high-school/15131-s",safe
"carfloormatsforsale.com/door-sill/",safe
"facebook.com/pages/Liberman-Broadcasting/106123536086051?sk=info",safe
"thefreelibrary.com/No+Catholic+schools+in+Quebec.-a030534573",safe
"cngzhz.en.ec21.com/",safe
"atlasshrugs2000.typepad.com/atlas_shrugs/2007/08/your-black-musl.html",safe
"rotoworld.com/player/nhl/1413/player?r=1",safe
"facebook.com/topic.php?uid=34012632110&topic=5794",safe
"tomdegan.blogspot.com/",safe
"http://codecanyon.net/item/hide-my-joomla-hide-your-source-links/full_screen_preview/8988449",safe
"cswisdom.com/",safe
"ibabuzz.com/outtakes/category/night-owl/crown-city-rockers/",safe
"youtube.com/watch?v=ueziUAQR9LU",safe
"en.wikipedia.org/wiki/Simonne_Monet-Chartrand",safe
"martindale.com/Brett-Donald-McIntosh/834737-lawyer.htm",safe
"frillr.com/?q=taxonomy/term/1733",safe
"bankingblog.celent.com/?p=2493",safe
"en.wikipedia.org/wiki/Category:American_religious_leaders",safe
"narrativemagazine.com/authors/saul-bellow",safe
"benmeadowcroft.com/reports/corbato/",safe
"spokeo.com/Mike+Burrows",safe
"http://otomoto.pl/ciezarowe/EW4Hou_aN610rPsocimkJ_IuLBofatBy4b0MLqoh7Lf.B7/JOcK7gzdoyrcIT2176iLzhCz8UoPOGcT6Y1ax8FNTPf.l7",safe
"youtube.com/watch?v=FXWq7qMYB2s",safe
"cifstate.org/",safe
"nchsband.com/",safe
"tvguide.com/celebrities/peter-keleghan/169984",safe
"arstechnica.com/apple/news/2011/07/how-charlie-miller-discovered-the-apple-battery-hackhow-a-security-researcher-discovered-the-apple-battery-hack.ars",safe
"blog.metmuseum.org/penandparchment/tag/hours-of-jeanne-devreux/",safe
"divacafe.net/",safe
"archive.org/stream/lifeofmaryqueeno00headuoft/lifeofmaryqueeno00headuoft_djvu.txt",safe
"http://buzzfil.net/article/5646/animaux/on-dirait-une-attaque-mais-la-realite-en-est-tout-autre-3.html?href=inner_website",safe
"manta.com/c/mmq1m7y/coldwell-banker-heart-america",safe
"superpages.com/bp/Milford-OH/Cliff-Riley-Insurance-L0125750056.htm",safe
"ideas.repec.org/e/ppe73.html",safe
"flickr.com/photos/cornforthimages/5812399737/",safe
"national.citysearch.com/profile/45753728/vacaville_ca/fentons_creamery.html",safe
"http://yourlust.com/videos/tight-euro-teen-anna-gets-properly-fucked-on-the-floor.html",safe
"nytimes.com/pages/books/index.html",safe
"legendsofhockey.net/LegendsOfHockey/jsp/SearchPlayer.jsp?player=10372",safe
"homegain.com/local_real_estate/ND/argusville.html",safe
"http://noticias.uol.com.br/album/bbc/2015/04/01/obras-de-anel-rodoviario-de-r-68-bilhoes-afetam-rios-e-nascentes-em-sp.htm",safe
"theglobeandmail.com/news/opinions/editorials/in-the-commons-the-kids-are-alright/article2011610/",safe
"bw.edu/athletics/fb/staff/grabowski/",safe
"fadsplymouth.com/",safe
"locatetv.com/tv/ellen-degeneres-show/1964142/episode-guide",safe
"imdb.com/name/nm0769371/",safe
"scotborders-folk.org.uk/labels.htm",safe
"visa.ca/gvav/list2005.jsp?year=2005&curMonth=12",safe
"en.wikipedia.org/wiki/Party_of_One_(Peter_Elkas_album)",safe
"http://kienthuc.net.vn/diem-thi/diem-chuan-dai-hoc-bach-khoa-ha-noi-nam-2014-487293.html",safe
"http://pikabu.ru/tag/%D0%BC%D0%B8%D0%BD%D0%B8%D0%BC%D0%B0%D0%BB%D0%B8%D0%B7%D0%BC/hot",safe
"absoluteastronomy.com/topics/Legion_of_Merit",safe
"thaiairways.com/",safe
"famouspeople.com/famous_biographies/Lizzie_Stanton.htm",safe
"triclopsband.com/",safe
"mp3raid.com/music/lo_key.html",safe
"amtrakcalifornia.com/index.cfm/routes/san-joaquin/",safe
"4martinique.com/",safe
"http://extratorrent.cc/torrent/4189694/Linux+User+%26+Developer+-+50+Critical+Fixes+%28Issue+152%2C+2015%29.html",safe
"dwaynemeisner.com/",safe
"linkedin.com/pub/john-barkley/7/764/916",safe
"flyershistory.com/cgi-bin/b-player.cgi?Bernie_Parent",safe
"topix.com/ca/montreal-qc-montreal-nord",safe
"trssllc.com/",safe
"allgame.com/game.php?id=39396",safe
"renerichardcollections.com/media.html",safe
"securityfirstinternationalholdings.com/",safe
"factbites.com/topics/Leyte",safe
"car-stuff.com/pontiacgrandprixparts.htm",safe
"usa-people-search.com/Find-Steven-Schwartz-CO.aspx",safe
"en.wordpress.com/tag/j-pop/",safe
"pinoyexchange.com/forums/archive/index.php/t-194687.html",safe
"classicflix.com/buster-keaton-shorts-collection-bluray-1920-1923-p-11169.html",safe
"vodacom.co.za/",safe
"uwsuper.edu/alumni/halloffame/individuals.cfm",safe
"suite.tekora.com/i/philippecoupjambet",safe
"medicine.mcgill.ca/radiology/home_teachinghospitals.htm",safe
"http://gizmodo.com/one-year-after-the-first-snowden-leak-whats-really-cha-1586213046/all",safe
"jbmfilms.com/",safe
"en.wikipedia.org/wiki/Southeast_High_School_(Kansas_City%2C_Missouri)",safe
"infopig.com/news/12-08-2009.html",safe
"http://uproxx.com/dimemag/2015/05/lebron-instagram-like-wants-to-leave-school-to-be-model-she-shouldnt/",safe
"linkedin.com/pub/tim-stepanski/18/319/149",safe
"deafresources.info/",safe
"http://web.tv/liveCategory/17/language/1/index/changeLanguage/newshared/searchAutoComplete",safe
"juggle.com/gary-pettis",safe
"weather.noaa.gov/weather/TX_cc_us.html",safe
"answers.com/topic/the-northern-pikes",safe
"uk.ask.com/wiki/Lou_Holtz",safe
"adsoftheworld.com/profile/profile_country/Egypt?page=4",safe
"lifeskate.com/skate/2009/01/jessica-dub%C3%A9-and-bryce-davison-win-pairs-event-at-2009-canadian-figure-skating-championships.html",safe
"flixster.com/actor/tyrone-benskin",safe
"basil-poledouris.thelyricarchive.com/lonesome-dove/",safe
"monettecn.multiply.com/contacts",safe
"collegehockeynews.com/news/2010/03/13_quinnipiac.php",safe
"summitconnects.com/In_the_News/ARCHIVE/2005_06.htm",safe
"http://yourlust.com/videos/frantic-european-blondie-rocks-the-show-with-masturbation-solo.html",safe
"dailymotion.com/video/x3ytl9_wcw-superbrawl-1998-part-1_sport",safe
"imdb.com/name/nm0056924/",safe
"wn.com/De_La_Rue",safe
"ehow.com/list_7588256_solar-panel-manufacturing-companies.html",safe
"prnewswire.com/news-releases/reportlinker-adds-the-top-10-confectionery-companies-84485407.html",safe
"sanfranciscobay.sierraclub.org/",safe
"myspace.com/amyryan07",safe
"placesforafrica.com/exdeo/directions.php",safe
"hmckc.maestroweb.com/",safe
"poemhunter.com/poem/the-ten-lepers/",safe
"fanpop.com/spots/jun-matsumoto/images",safe
"facecouncil.org/",safe
"factmonster.com/ce6/people/A0809182.html",safe
"mylife.com/c-2123302385",safe
"barnesandnoble.com/w/hero-living-rudy-reyes/1100173214",safe
"facebook.com/pages/Sergio-Vitanza-Belgrave/179652016207",safe
"jigsaw.com/scid5327852/peter_m_blaikie.xhtml",safe
"http://rt.com/in-vision/oles-buzina-last-respects/assassinated-oles-journalist-buzina/",safe
"http://torcache.net/torrent/2463A34D382BCD98F471FB5A7F028D2B49EBE011.torrent?title=[kickass.to]vmware.workstation.9.0.2.build.1031769.final.serial",safe
"ihavenet.com/nfl-2008-new-york-giants-aim-to-repeat-as-NFL-champions.html",safe
"ca.linkedin.com/pub/daniel-belanger/15/b37/b62",safe
"2merkato.com/20110920355/afdb-to-co-finance-ethiopian-power-line-to-kenya",safe
"jdcarr.com/forsale.htm",safe
"lyrics.com/cant-hold-us-down-lyrics-christina-aguilera.html",safe
"croonet.com/start/G_NDg4MDQwMQ%3D%3D/",safe
"soloautotuning.com/nissan-juke/",safe
"totalwrestlinguk.co.uk/wcw-ppv.php",safe
"armchairgm.wikia.com/1957_NCAA_Men%27s_Division_I_Basketball_Tournament",safe
"facebook.com/TheLateLateShowwithCraigFerguson?filter=3",safe
"baseball-almanac.com/teamstats/roster.php?y=1985&t=MON",safe
"alibris.com/search/books/author/Pratt%2C%20Fletcher",safe
"smartshoppingmontreal.com/store.php?s=146",safe
"http://elitedaily.com/entertainment/film/uncle-wears-princess-dress-movie-niece/976238/",safe
"dipity.com/timeline/NTSB-FedEx-Crash/",safe
"facebook.com/pages/London-Ice-Dawgs-Youth-Hockey-Club/221260881220211",safe
"legendsofhockey.net/LegendsOfHockey/jsp/SearchPlayer.jsp?player=18648",safe
"kalamu.com/bol/2008/04/14/kevin-mahogany-%e2%80%9cjust-my-imagination%e2%80%9d/",safe
"baltimorebeatdown.com/2010/4/20/1433515/baltimore-ravens-2010-schedule",safe
"mylife.com/roygiff",safe
"linkedin.com/pub/dir/chris/benoit",safe
"youtube.com/watch?v=AEXM7LxEwig",safe
"allposters.co.uk/-st/Tessier-Posters_c82413_.htm",safe
"montrealselectlimo.com/",safe
"wiley.com/bw/editors.asp?ref=1098-1616",safe
"theposselist.com/agencies/indiana/indianapolis/",safe
"montrealgazette.com/sports/Horror+Hartford+silver+lining/5723049/story.html",safe
"katu.com/traffic/live",safe
"http://torcache.net/torrent/C17420F0CEB6D995732BAE67BD73B51B505005EA.torrent?title=[kickass.to]counter.strike.source",safe
"hollow-art.com/base/jessalyn-gilsig-heroes",safe
"theglobeandmail.com/life/health/leslie-roberts-works-out-hard-to-overcome-a-poor-family-health-history/article1558802/",safe
"burbed.com/",safe
"mylife.com/c-1956134312",safe
"ca.linkedin.com/pub/dir/Angela/+/ca-4880-Vancouver%2C-Canada-Area",safe
"mylife.com/damonhenrysr",safe
"rottentomatoes.com/m/the_swimming_pool/",safe
"aceshowbiz.com/celebrity/dianne_wiest/",safe
"https://medium.com/human-parts/the-laziest-coming-out-story-you-ve-ever-heard-a9f877acdd14?source=has-recommended",safe
"elyrics.net/read/p/prince-lyrics/why-you-wanna-treat-me-so-bad-lyrics.html",safe
"checksure.biz/directors-da-121.htm",safe
"people.famouswhy.com/ramzi_yousef/",safe
"wn.com/Raymond",safe
"youtube.com/watch?v=aYRauv5oeXQ",safe
"armchairgm.wikia.com/San_Diego_Chargers",safe
"imartial.com/",safe
"theglobeandmail.com/report-on-business/careers/susan-pinker/why-we-cant-really-assess-our-own-skills-and-performance/article1896412/",safe
"doom.ocremix.org/",safe
"yidio.com/celebrity/ted+lange",safe
"mondotimes.com/1/world/ca/63/3144/27447",safe
"montrealgazette.com/health/Cancer+fight+hits+home+Alouettes+Marc+Olivier+Brouillette/5589710/story.html",safe
"wanderingcommuter.blogspot.com/2009/10/are-philippine-gay-indie-films-really.html",safe
"http://qz.com/371908/the-greeks-money-already-stuffed-under-mattresses-may-learn-their-fate-this-weekend/",safe
"baseball-almanac.com/yearly/yr1887a.shtml",safe
"worthpoint.com/worthopedia/1881-rogers-silver-plate-tea-pot-sugar-bowl",safe
"daylife.com/topic/Gabriel_Aubry",safe
"chnm.gmu.edu/dimenovels/romance_series.html",safe
"mafiaslugger.blogspot.com/",safe
"forecaster.thehockeynews.com/hockeynews/hockey/player.cgi?990",safe
"amazon.com/Lonely-Planet-British-Columbia-Fanselow/dp/1864502207",safe
"flightsimhangar.com/fsblog/?p=1061",safe
"comtedegrasse.org/history.html",safe
"section303.com/jp-dumont-bought-out-by-the-nashville-predators-11886",safe
"zimbio.com/Marshon+Brooks",safe
"linkedin.com/pub/dir/donald/harvey",safe
"scnow.com/sports/2011/mar/18/patriots-reflect-1986-naia-national-championship-ar-1598780/",safe
"songlyrics.com/doobie-brothers/sweet-maxine-lyrics/",safe
"http://babal.net/downloads_details/497/%D9%83%D8%A7%D8%B8%D9%85-%D8%A7%D9%84%D8%B3%D8%A7%D9%87%D8%B1---%D8%A7%D9%86%D8%AA-%D8%A7%D9%84%D8%AE%D8%A7%D8%B3%D8%B1",safe
"http://zozo.jp/shop/americanragcie/?price=proper&p_ssy=2015&p_ssm=5&p_ssd=13&p_sey=2015&p_sem=5&p_sed=13&dstk=2",safe
"crisiscampmontreal.wordpress.com/",safe
"broadcasting-history.ca/index3.html?url=http%3A//www.broadcasting-history.ca/stations/tvlinks.html",safe
"johndouglasmindhunter.com/forums/viewtopic.php?t=6383",safe
"rachelperry.wordpress.com/2010/07/02/zach-and-angie-houston-wedding-photography/",safe
"iraqwarheroes.org/wightman.htm",safe
"legacy.com/obituaries/herald/obituary.aspx?n=jeffrey-m-klein&pid=149024269",safe
"associatedcontent.com/article/2907580/2010_nfl_predictions_buffalo_bills.html",safe
"company-formations-ireland.com/companies-registration-office.html",safe
"eagletribune.com/obituaries/x1305242071/Matilda-Sirois-81",safe
"funnybumblog.com/just-for-laughs-gags-accidental-shooting-prank/",safe
"en.wikipedia.org/wiki/Aria_(disambiguation)",safe
"urbanspoon.com/r/6/764245/restaurant/Locust-Street-Deli-Cafe-Walnut-Creek",safe
"facebook.com/people/Randall-Moss/1118160021",safe
"kansas.com/2011/10/25/2076791/a-history-of-kemper-arena-in-pictures.html",safe
"en.wikipedia.org/wiki/KBWF",safe
"manta.com/c/mt7wwmh/jason-rhoades",safe
"amazon.com/Pink-Motel-VHS-Phyllis-Diller/dp/6301930185",safe
"allensarchiveofearlyoldcountrymusic.blogspot.com/2011/01/fred-van-eps-vess-l-ossman-kings-of.html",safe
"wn.com/lewislavoie",safe
"packersnews.greenbaypressgazette.com/article/20111027/PKR01/111027128/Green-Bay-Packers-quarterback-Aaron-Rodgers-zeroing-in-on-record-breaking-season",safe
"en.wikipedia.org/wiki/Will_Work_for_Food_(TV_show)",safe
"kwqc.com/Global/story.asp?S=15903666",safe
"christianacare.org/",safe
"jets.nhl.com/club/news.htm?id=569847",safe
"gamefilmexpress.com/",safe
"wolfslatkin.com/Attorneys/Albert-B-Wolf.shtml",safe
"tv.com/shows/bewitched/the-house-that-uncle-arthur-built-25554/",safe
"garybruce.bandcamp.com/",safe
"facebook.com/people/Chester-Brown/1321855909",safe
"movies.msn.com/celebrities/celebrity-biography/dean-stockwell/",safe
"ibnlive.in.com/news/ram-sampath-to-compose-for-rock-the-shaadi/190544-8-66.html",safe
"washingtonexaminer.com/news/2011/11/safrica-top-politician-faces-bribery-accusations?category=18",safe
"fordfocus2012.org/",safe
"salary-money.com/samuel-eto-salary-euro-625000.php",safe
"classicrockforums.com/forum/f53/rip-jim-clench-10766/",safe
"youtube.com/watch?v=093nXYvngLc",safe
"en.wikipedia.org/wiki/List_of_hemophilia_organizations",safe
"last.fm/music/Arcade+Fire",safe
"evri.com/person/charles-l.-frink-0x5ae8da",safe
"en.wikipedia.org/wiki/St._Vincent_Mercy_Children%27s_Hospital",safe
"pennyfather.com/_nameindex.html",safe
"soccer365.com/news/u_s_news/m_l_s/6633/de_rosario_named_mls_mvp",safe
"lindaguarino.com/detail.asp?listingid=w32666&agentid=111138&searchtype=ByCorp",safe
"facebook.com/pages/CFMB/107472729281906",safe
"jeopardylabs.com/",safe
"wn.com/The_Montreal_Star",safe
"linkedin.com/company/universal-studios",safe
"http://mixi.jp/share.pl?u=http://alfalfalfa.com/articles/117917.html&k=e09afc106e473491952cfe324aa83aabe5b07446",safe
"facebook.com/WilburWatson",safe
"yougabsports.com/pt/The-Almost-All-Time-San-Diego-Chargers/blog.htm",safe
"filecrop.com/GhostGirl-Tonya-Hurley-loca-por-amor-.pdf.html",safe
"channel5.com/shows/the-vanessa-show",safe
"camerchants.com/Canada-City/QC/Quebec/St-Barthelemy",safe
"videostravelguide.com/Virgin%20Islands/",safe
"portlandmercury.com/portland/liam-finn-and-the-luyas/Event?oid=3633906",safe
"uncyclopedia.wikia.com/wiki/New_Zealand",safe
"en-gb.facebook.com/clementine.bailly",safe
"http://distractify.com/post/related/id/5540d7154a0c4b3c311f252c/skip/10/limit/10/back/0",safe
"news.am/eng/news/77114.html",safe
"buckeyecablesystem.com/lineup/lineup-tol.html",safe
"omaopioridge.com/",safe
"http://kakaku.com/kaden/food-processor/ranking_2129/pricedown/div-gpt-ad-k/header_text",safe
"forbes.com/sites/kitconews/2011/06/10/plan-nords-extension-of-route-167-key-for-mining-in-northern-quebec-stornoway-ceo/",safe
"athletics.scout.com/2/621936.html",safe
"portland.daveknows.org/category/sport/timbers/",safe
"beyondrobson.com/music/2007/02/mixed_bag_book_of_lists_les_georges_leningrad_and_papercuts/",safe
"5tothrive.net/cgi-bin/mt/mt-search.cgi?blog_id=1&tag=kaiser&limit=20",safe
"en.wikipedia.org/wiki/Maurice_Richard_(film)",safe
"ussoccer.com/News/Federation-Services/2009/06/University-Of-Miami-President-Donna-E-Shalala-Joins-Team-To-Bring-FIFA-World-Cup-To-United-States-In.aspx",safe
"washingtondc.bcg.com/",safe
"spokeo.com/Matthew+Dunkle",safe
"maxalbums.com/index.php?artist=Loredana%20Groza%20Zaraza",safe
"http://interpark.com/product/MallDisplay.do?_method=Detail&sc.shopNo=0000100000&sc.dispNo=001930&sc.prdNo=3104163110&bm1=bottom&bm2=prd",safe
"temple.edu/classics/epic/index.html",safe
"kotaku.com/5395085/behold-the-single+player-fighting-game",safe
"multilingualbooks.com/foreignvids-ital.html",safe
"amazon.com/Born-Losers/dp/B002ZW6YX8",safe
"bloggn.grainews.ca/scotts_equip/2011/08/agcos-kansas-city-stars.html",safe
"amazon.com/Barometer-Rising-New-Canadian-Library/dp/0771099916",safe
"areawidenews.com/story/1495635.html",safe
"uk.ask.com/wiki/Hershey_Felder",safe
"http://mylust.com/videos/69734/a-small-cock-of-that-guy-is-still-good-for-this-vintage-whore/",safe
"cartoonnetwork.com/feedback/index.html",safe
"twinkacademy.com/index2.htm",safe
"freepages.genealogy.rootsweb.ancestry.com/~rosdavies/SURNAMES/B/BruBry.htm",safe
"mortonsauto.com/",safe
"thecanadianencyclopedia.com/index.cfm?PgNm=TCE&Params=A1ARTA0002467",safe
"eveningtribune.com/features/x1638744422/Days-until-Sept-11-Remembrances-begin-Wednesday-and-continue-through-10-year-anniversary-or-terror-attacks",safe
"encycl.opentopia.com/term/KPIX-TV",safe
"semissourian.com/story/1753207.html",safe
"capitals.nhl.com/club/page.htm?id=62951",safe
"manta.com/c/mmdjrmw/walls-alive-paper-hanging-inc",safe
"richnye.com/",safe
"bizofbaseball.com/index.php?option=com_content&task=view&id=1899&Itemid=81",safe
"cincinnati.reds.mlb.com/stats/historical/individual_stats_player.jsp?c_id=cin&playerID=115587&print=true&HS=True",safe
"en.wikipedia.org/wiki/Dean_Marshall",safe
"sfgate.com/sports/warriors/",safe
"http://torcache.net/torrent/A53109A89F38C9D0BACB394E51703AE921F56967.torrent?title=[kickass.to]dum.laga.ke.haisha.2015.720p.blu.ray.hindi.x264.ac3.5.1.mafiaking.m2tv",safe
"arashixdream.com/2009/08/5x10-mp3-arashi-hidden-track-from-all.html",safe
"tremblay-alvergne.com/",safe
"goatlocker.org/oldlogs/oldlogc98.htm",safe
"telusplanet.net/public/dgarneau/french14.htm",safe
"en.wikipedia.org/wiki/Jim_Macpherson",safe
"maa.org/features/012304mathinindustry.html",safe
"docstoc.com/docs/22027831/Council-on-Foreign-Relations--CFR--Membership-Lists-1950-2005",safe
"sites.google.com/a/woodplanning.com/www/",safe
"answers.yahoo.com/question/index?qid=20060825211359AAIp8Zb",safe
"theonion.com/",safe
"http://babal.net/photos/46/%D8%A8%D9%86%D8%A7%D8%AA-%D9%84%D8%A8%D9%86%D8%A7%D9%86%D9%8A%D8%A9",safe
"docstoc.com/docs/66806077/1996-FORD-F-SERIES",safe
"m2movie.blogspot.com/2011/05/watch-game-2011-hindi-movie-online.html",safe
"navweaps.com/index_reunions/reunion_usn_E.htm",safe
"onlineradio2.com/listen/Mix_933",safe
"mapsofworld.com/usa/states/california/california-county-map.html",safe
"video.ca.msn.com/watch/video/dog-kills-quebec-baby/16a6etkt7",safe
"http://torrentdn.com/bbs/s.php?bo_table=torrent_util&wr_id=15244&k=%ED%8F%AC%ED%86%A0%EC%83%B5&page=1",safe
"youtube.com/watch?v=tzooZPZEqwk",safe
"careers.state.gov/",safe
"elyrics.net/read/a/audrye-sessions-lyrics/relentless-lyrics.html",safe
"onestophelp.state.mi.us/wiki/Limited_Liability_Partnership",safe
"http://thenextweb.com/insider/2015/05/13/9-notable-young-companies-from-the-500-startups-demo-extravaganza/gtm.start",safe
"insidemnsoccer.com/2010/01/29/q-and-a-with-andrew-nestor-owner-president-and-ceo-of-fc-tampa-bay-rowdies-soccer/",safe
"amazon.com/Vanity-Fair-ebook/dp/B000JQUGVI",safe
"trulia.com/schools/NY-Tarrytown/E_F_International_Academy/",safe
"metalodyssey.wordpress.com/",safe
"infoplease.com/ipa/A0855603.html",safe
"tcm.com/tcmdb/title/3073/These-Glamour-Girls/",safe
"facebook.com/demerson1",safe
"gomarquette.com/",safe
"ycharts.com/indices/%5EINX",safe
"iamachild.wordpress.com/2010/12/20/frederic-henri-schopin-1804-1880-french/",safe
"imdb.com/name/nm0185045/",safe
"tallen.cutlerhomes.com/",safe
"answers.com/topic/robert-francis",safe
"dipity.com/gordonp/Japanese_Science_Fiction_Fantasy_Horror_Films/",safe
"genforum.genealogy.com/cochrane/",safe
"lost-in-translation.com/",safe
"tampabay.com/news/publicsafety/crime/clearwater-police-man-dropped-9-month-old-because-she-cried/1195251",safe
"rightsideva.blogspot.com/2010/11/is-hockey-stick-prof-michael-mann.html",safe
"dictionary.sensagent.com/Sandro/en-en/",safe
"bartleby.com/100/437.html",safe
"altpress.com/features/entry/exclusive_stream_blaqk_audios_afterdark",safe
"fangraphs.com/blogs/index.php/wally-pipping-jason-heyward/",safe
"thedublinguide.com/",safe
"sagedata.com/the_company/our-clients.html",safe
"associatedcontent.com/article/5436606/largest_cities_in_north_dakota_2011.html",safe
"fcfighter.stores.yahoo.net/superbrawls.html",safe
"faqs.ign.com/objects/142/14260594.html",safe
"evri.com/organization/kcwe-0x135a9c",safe
"music.yahoo.com/econochrist/",safe
"1972topps.blogspot.com/2009/03/77-ron-theobald.html",safe
"canadastop100.com/montreal/",safe
"aklgammabeta.com/",safe
"beaconforchange.com/municipalteam.html",safe
"movi.ca/actor-first/Paul/",safe
"http://thenextweb.com/in/2014/11/13/uber-introduces-paytm-digital-wallet-payments-india-response-new-e-commerce-ruling/",safe
"mixedmartialarts.com/mma.cfm?go=blogs.Detail&gid=28490",safe
"healthgrades.com/group-directory/minnesota-mn/le-center/le-sueur-county-mental-health-svs-b82a27b9",safe
"http://mic.com/articles/89573/12-biggest-lies-we-re-told-in-college-graduation-speeches",safe
"catalog.ccclib.org/",safe
"blog.sfgate.com/inoakland/2011/07/04/cyclist-reported-missing-in-oaklandberkeley-hills/",safe
"cityunionmission.org/about/partners/fiorellas-jack-stack-barbecue",safe
"brookislandrecords.com/",safe
"people.famouswhy.com/peter_mitchell/",safe
"youtube.com/watch?v=39d3WECNSSA",safe
"abebooks.com/book-search/title/five-roses-cook-book/",safe
"articles.sfgate.com/2011-06-11/opinion/29645960_1_chauncey-bailey-project-bakery-handyman-antoine-mackey",safe
"kalispellchristiancenter.org/team_bishop.html",safe
"utahutes.cstv.com/sports/w-gym/mtt/damianova_nansy02.html",safe
"la.findacase.com/research/wfrmDocViewer.aspx/xq/fac/SAC/LA/1995/19951215_0003029.LA.htm/qx",safe
"beijingairlinetickets.com/",safe
"uncyclopedia.wikia.com/wiki/Gilles_Duceppe",safe
"whosdatedwho.com/sections/celebrities/first-name/Jeff",safe
"dibussi.com/2010/10/unpacking-a-chinese-companys-land-grab-in-cameroon.html",safe
"missouriwrestling.com/news.php?recordID=300",safe
"amazon.com/Cherry-Falls-Terror-Brittany-Murphy/dp/B000056PXL",safe
"https://hollywoodlife.com/2015/05/14/new-york-rangers-beat-washington-capitals-overtime-game-7-fan-reaction/",safe
"worldtimezone.net/time/wtzstandard.php?listsw=namerica&sorttb=CountryID",safe
"blueslyrics.tripod.com/artistswithsongs/jimmy_reed_2.htm",safe
"en.wikipedia.org/wiki/Category:County_seats_in_Pennsylvania",safe
"ca.local.yahoo.com/results?stx=bibliotheque&csz=St-Bruno-de-Montarville%2C%20QC",safe
"en.wikipedia.org/wiki/Honor%C3%A9_Mercier",safe
"mp3raid.com/music/justin_mcroberts.html",safe
"agrimonia.info/",safe
"big-game-hunting-usa.com/",safe
"californiazones.net/login.asp",safe
"en.wikipedia.org/wiki/Marcus_Moore",safe
"maritimeupdates.com/index.php?option=com_content&amp;task=view&amp;id=38724&amp;Itemid=69",safe
"huffingtonpost.com/2011/05/20/big-ten-athletes_n_864982.html",safe
"maryvilleac.web139.discountasp.net/subpages.asp?id=28&parentid=6",safe
"legacy.com/guestbook/washingtonpost/guestbook.aspx?n=michael-anthony-jordan&pid=16394973&page=2",safe
"chuckhawks.com/45Colt.htm",safe
"allaboutjazz.com/php/musician.php?id=7574",safe
"lincolnchristian.edu/Seminary/",safe
"yangamat.com/?p=1865",safe
"mymindseye.com/",safe
"blog.syracuse.com/parish/index.html",safe
"whoabc.com/harrison-ford/",safe
"century21town-country.com/Property/MI/48322/West_Bloomfield/5436_PAUL_LOUIS_LN",safe
"igea.net/",safe
"evri.com/person/graeme-dunstan-0x58f76",safe
"baseballjump.com/baseball-memorabilia/kansas-city-royals",safe
"http://thenextweb.com/insider/2015/05/05/foursquare-leverages-its-geolocation-technology-with-location-cloud-and-places/",safe
"interceder.net/topic/ciccone",safe
"ussoccer.com/News/U-17-MNT/2005/12/U-S-U-17-MNT-Fall-2-0-To-Mexico-At-Los-Angeles-Memorial-Coliseum.aspx",safe
"jbworld.jbs.st-louis.mo.us/",safe
"http://twitter.com/home?status=%E3%83%8C%E3%81%91%E3%82%8B%EF%BC%81%E3%80%90%E7%BE%8E%E5%B0%91%E5%A5%B3%E3%80%91+http%3A%2F%2Fero-video.net%2Ft%2FmAsWlaomtJkLLbgk+%E6%95%99%E3%81%88%E5%AD%90%E3%81%AF%E7%BE%8E%E3%83%9E%E3%83%B3%E5%A5%B3%E5%AD%90%E6%A0%A1%E7%94%9F+%23ero+%23douga+%23agesage",safe
"gothiclolitawigs.deviantart.com/",safe
"http://haberler.com/galatasaray-mersin-idman-yurdu-nu-1-0-yendi-7303426-haberi-yorumlari/",safe
"archive.org/stream/morenosdictionar00morerich/morenosdictionar00morerich_djvu.txt",safe
"http://cheezburger.com/8440974848/funny-fail-photo-portrait-bobby-jindal-politics?ref=rightarrow&siteId=1264",safe
"bergschneiderfamily.com/Bergschneider_Family_Newsletter/news.html",safe
"linkedin.com/pub/dir/mike/gibbons",safe
"youtube.com/watch?v=vt8vA1v3hyo",safe
"soa.sys-con.com/node/380232",safe
"evri.com/person/s.-jay-plager-0x376ac",safe
"http://tobogo.net/cdsb/board.php?board=issue&bm=view&no=2338&category=&auth=&page=1&search=&keyword=&recom=",safe
"heritageapp.cyr.gov.sk.ca/public/",safe
"mastersoftrivia.com/blog/2011/06/june-20th-in-history-it-happened-today/",safe
"eduplace.com/kids/mhm/",safe
"carto.net/neumann/photographs/2007/kerzers_papiliorama_2007_11_04/12_white_tree_nymph_weisse_baumnymphe_idea_leuconoe.html",safe
"bigbandpdfs.com/",safe
"cms.skidmore.edu/odsp/programs/arts/flute/faculty.cfm",safe
"lima-ny.org/",safe
"en.wikipedia.org/wiki/Lartigue",safe
"http://icicibank.com/Personal-Banking/insurance/general-insurance/health-insurance/index.page",safe
"topix.com/ca/cabano-qc",safe
"lyrics007.com/Planet%20Smashers%20Lyrics/Janice%20Lyrics.html",safe
"conservapedia.com/Republican_Party",safe
"icehockey.wikia.com/wiki/Jesse_Scanzano",safe
"iagenweb.org/madison/marriage_records/mr_marston-maxon.html",safe
"punkkie.wordpress.com/2011/11/03/spiritualized-ladies-and-gentlemen-we-are-floating-in-space-2/",safe
"wilsonstatebank.net/",safe
"weddingwire.com/wedding-songs/garter-removal-music/wanna-be-your-lover/943a52b86500a099.html",safe
"facebook.com/SkyeBlueC",safe
"http://motthegioi.vn/tin-tuc/thoi-quen-an-nhieu-dua-ca-cua-nguoi-viet-khien-benh-ung-thu-tang-cao-188148.html",safe
"isthisyour.name/directory/fullnames/ma~pelton.htm",safe
"wikitree.com/genealogy/De%20Chauvigny-Family-Tree-6",safe
"new.ca.music.yahoo.com/josh/",safe
"ehow.com/video_4766621_invest-privately-held-company.html",safe
"youtube.com/watch?v=mgMZ8ZNajpg",safe
"sertoma-gl-region.org/",safe
"vale-healthcare.com/hand-clinic/",safe
"imdb.com/name/nm0589603/",safe
"quotes-famous.com/person/Lionel-Tiger-quotes.html",safe
"http://torcache.net/torrent/722B98D9F645DF03E5D760EBD58F8D36A6EAFF3B.torrent?title=[kickass.to]sword.of.vengeance.2015.720p.brrip.x264.yify",safe
"gouldsminorhockey.com/news.php",safe
"hotnewsofday.com/college-football-hall-of-fame.html",safe
"thefreelibrary.com/The+Hockey+Company+Holdings+Inc.+Announces+Acquisition+of+Lifestyle...-a0106768219",safe
"mylife.com/c-1232369030",safe
"cableslovenia.com/",safe
"hotladybody.com/2010/08/making-of-brazilian-playboy-cleo-pires.html",safe
"sideshowtoy.com/?page_id=4489&sku=9004721",safe
"hobbylinc.com/htm/bac/bac50906.htm?source=froogle",safe
"mind-world.com/",safe
"pipl.com/directory/name/Lillie/Kathleen",safe
"asunderpress.com/",safe
"http://dribbble.com/shots/1269523-Sperant-mobile-sidebar-concepts/attachments/174429",safe
"ababmx.com/index.php?page=default/halloffame&year=1999",safe
"glassdoor.com/Job/Grassroots-Campaigns-Inc-Jobs-E149346.htm",safe
"amazon.com/Songs-Debussy/dp/B00007FKRI",safe
"http://torcache.net/torrent/3B72AAC22AE198BDF5CD9EDE72F8E118E8371008.torrent?title=[kickass.to]game.of.thrones.s05e05.720p.hdtv.x264.0sec",safe
"yelp.ca/biz/jean-jacques-campeau-gatineau",safe
"google.com/hostednews/afp/article/ALeqM5iK8qoGy6KCQ835kZ1ps-VBbCEmqg?docId=CNG.70c74f0238858f49a6b97a2c9ed0618b.71",safe
"http://deadspin.com/5746724/is-erin-andrews-reebok-endorsement-deal-journalistically-unethical",safe
"en.wikipedia.org/wiki/Pierre_Dupuy",safe
"forums.lazygirls.info/419484.html",safe
"wn.com/American_Football_League",safe
"reviews.creditkarma.com/credit-unions/communityamerica-credit-union1/1/",safe
"r1ma.blogspot.com/2011/11/anais-pouliot-in-diva-by-anthony-maule.html",safe
"songlyrics.com/arrogant-worms-the/the-happy-happy-birthday-song-lyrics/",safe
"northjersey.com/news/022411_Report_recommends_scrapping_urban_enterprise_zones.html",safe
"flixster.com/videos",safe
"en.wikipedia.org/wiki/Francine_Lalonde",safe
"shgresources.com/ca/timeline/",safe
"lemonamiga.com/?game_id=352",safe
"mylife.com/laurakjohnson82",safe
"how-to-kiss.net/types-of-kisses.php",safe
"ca.linkedin.com/pub/shannon-gaskell/14/262/100",safe
"jackianderson.com/",safe
"tvrage.com/person/id-34775/Hans+Conried",safe
"alkire.org/gen/ohio/d0033/f0000003.html",safe
"wendylynncustomhomes.com/",safe
"biomedexperts.com/Profile.bme/282390/Fran%c3%a7ois_Dabis",safe
"afcubridge.org/",safe
"archives.cbc.ca/society/religion_spirituality/clips/6024/",safe
"bonjourlafrance.com/france-history/bourbon-dynasty.htm",safe
"everyguitarist.com/billie_joe_armstrong.htm",safe
"myeasyauction.com/",safe
"psychology.wikia.com/wiki/Ian_Stevenson",safe
"familysearch.org/learn/wiki/en/Lenawee_County%2C_Michigan",safe
"sciway.net/statistics/scsa98/tr/tr12.html",safe
"twaflightattendants.com/liftoffhtml/historytimeline.html",safe
"corporationwiki.com/Florida/Miami/shakir-saafir-P6169609.aspx",safe
"nils-fabisch.de/",safe
"deiradios.radio-dealers.com/aboutus.cfm?did=4c4e5e54-af9a-4c14-a266-b11c54e7a4e0&cat_id=1",safe
"http://nguyentandung.org/141-ha-noi-phat-hien-nhanh-2-xe-di-muon-la-xe-trom-cap.html",safe
"britannica.com/EBchecked/topic/59931/Saul-Bellow",safe
"jennieo.com/",safe
"songlyrics.com/flipsyde/laserbeam-lyrics/",safe
"vertor.com/download/la+donna+della+mia++vita",safe
"reunion.com/richardbolen/",safe
"en.wikipedia.org/wiki/Ross_Macdonald",safe
"imdb.com/name/nm1884657/bio",safe
"famouspoetsandpoems.com/poets/maya_angelou/biography",safe
"cleveland.com/arts/index.ssf/2010/04/community_theaters_in_northeas.html",safe
"en.wikipedia.org/wiki/List_of_counties_in_California",safe
"docstoc.com/docs/6132660/History_of_Stoke_City_FC",safe
"wsn.com/football/norwegian-2-division-avd-2-fixtures/",safe
"http://tobogo.net/cdsb/board.php?board=storymusic&bm=view&no=250&category=&auth=&page=1&search=&keyword=&recom=",safe
"imdb.com/keyword/erotic-thriller/",safe
"starpulse.com/Music/Shakira/Discography/album/P174707/R744021/",safe
"sportsillustrated.cnn.com/vault/article/magazine/MAG1006891/index.htm",safe
"mailtribune.com/apps/pbcs.dll/article?AID=/20110719/NEWS/107190317",safe
"reading-glasses.bttradespace.com/our-galleries/designer-eyewear/gallery-item?mediaId=759870EFDA70C63EE0401BAC7101193D",safe
"babepedia.com/babe/Lanny_Barby",safe
"spokeo.com/Brian+Watts",safe
"whatifsports.com/nfl-l/profile_team.asp?hfid=26",safe
"whatisjameswearing.com/george-smith-showrooms/",safe
"http://olx.co.id/i2/jasa-lowongan-kerja/jasa/jasa-lainnya/jasa-lowongan-kerja/jasa/jasa-lainnya",safe
"freebase.com/view/en/commerce_bancshares",safe
"filmsandtv.com/movies/danielpilon.php",safe
"videosurf.com/the-ellen-degeneres-show-17804",safe
"pipl.com/directory/people/gary/sabaugh",safe
"discogs.com/Pixies-Trompe-Le-Monde/master/16797",safe
"stacey-hannant.co.uk/",safe
"americansoccernews.net/2009/op-ed/a-business-model-for-american-specifically-mls-soccer-news/",safe
"beakey.familytreeguide.com/descend.php?personID=I4596&tree=Beakey%202007",safe
"sanfrancisco.cbslocal.com/2011/09/04/livermore-soldier-dies-of-rabies/",safe
"wordiq.com/definition/Public_art",safe
"fanbase.com/Syracuse-Orange-Mens-Basketball-1999-00",safe
"dc.about.com/od/museums/p/NaturalHistory.htm",safe
"freebase.com/view/en/cincinnati_bengals",safe
"yellowpages.ca/bus/Quebec/Laval/Sports-Autoroute-13-Inc/7541800.html",safe
"http://allrecipes.com/video/4124/cheesy-broccoli-puffs-with-sriracha-sauce/detail.aspx?prop24=VH_Brands",safe
"blockbuster.com/browse/catalog/personDetails/75406",safe
"web.sau.edu/athletics/athletics/football/news/2005/gameday_stuff/Morningside/Welcome%20to%20the%20GPAC%20Home%20Page%20-%20The%20Great%20Plains%20Athletic%20Conference.htm",safe
"forum.fullsextube.com/vintage-videos-movies/26800-%5Brs%5D-nothing-hide-2-1993-tianna-roxanne-blaze.html",safe
"be.linkedin.com/pub/jan-roels/27/141/746",safe
"youtube.com/watch?v=EcGsM-PNQHQ",safe
"bloomberg.com/news/2011-08-28/dust-bowl-in-texas-means-cotton-bottoming-with-rick-perry-praying-for-rain.html",safe
"innerearbrigade.com/",safe
"brokenbells.com/",safe
"missouri.scout.com/2/1091275.html",safe
"amazon.com/Inter-Municipal-Cooperation-Europe-Rudie-Hulst/dp/1402053789",safe
"amazon.com/Best-Mississippi-John-Hurt/dp/B000000EBH",safe
"http://olx.ro/i2/electronice-si-electrocasnice/gps-navigatie/electronice-si-electrocasnice/gps-navigatie",safe
"ccpoa.org/news/monthly/2009/10/",safe
"youtube.com/watch?v=bMhwK4hjhwQ",safe
"dougpayne.com/earland.htm",safe
"123people.com/z/carl+musgrove",safe
"http://superuser.com/questions/811630/how-can-i-limit-the-speed-of-the-chasis-fan-on-an-asus-m5a78l-m-lx-plus",safe
"espn.go.com/mlb/player/_/id/5588/rich-harden",safe
"youtube.com/watch?v=vPJNYrZcxuE",safe
"imdb.com/name/nm0017578/",safe
"youtube.com/watch?v=pAihoSDRqjo",safe
"mlbfansite.com/team-memorabilia/new-york-mets/baseball-apparel/",safe
"spoke.com/info/pApLvZA/JohnHazlet",safe
"ckuik.com/Stray_Cats",safe
"http://espn.go.com/blog/carolina-panthers/post/_/id/12919/why-the-panthers-are-spending-time-with-nebraska-end-randy-gregory",safe
"radiocity.com/",safe
"absoluteanime.com/blue_gender/yuji.htm",safe
"http://elitedaily.com/humor/guys-donkey-prank-women-thinking-being-catcalled-video/922767/",safe
"mylife.com/c-466561956",safe
"paragonvideo.com/",safe
"sbnation.com/mlb/players/33977/lars-anderson",safe
"imdb.com/name/nm0187981/",safe
"classcreator.com/Jacksonville-FL-Bishop-Kenny-1970/class_classmates.cfm",safe
"songlyrics.com/kate-anna-mcgarrigle-lyrics/",safe
"en.wikipedia.org/wiki/Robert_Crouch_Kinney",safe
"search.espn.go.com/corey-hart/",safe
"celebnakedness.com/tour/videoarchive.php?celeb_first_name=j",safe
"springvalleysales.com/",safe
"lil-fingers.com/abc/a.html",safe
"bookfinder4u.com/detail/096201074X.html",safe
"roadrunnerrecords.com/blabbermouth.net/news.aspx?mode=Article&newsitemID=156745",safe
"dallasnews.com/sports/dallas-stars/headlines/20111001-stars-address-an-issue-that-led-to-their-demise-last-season.ece",safe
"pipl.com/directory/people/Anne/Blodgett",safe
"epctv.com/online_tv_Educational_1.htm",safe
"usgs.gov/state/state.asp?State=WA",safe
"banquelaurentienne.ca/en/personal_banking_services/my_futur/indexed_investments.html",safe
"videosurf.com/mad-about-mambo-81415",safe
"allstarpics.net/pic-gallery/marie-josee-croze-pics.htm",safe
"facebook.com/PonyUpRescue",safe
"projects.latimes.com/hollywood/star-walk/rory-calhoun/",safe
"dublinbus.ie/",safe
"chess.com/news/ivan-salgado-wins-in-barcelona-2854",safe
"petershurman.com/",safe
"jent-fanfics.livejournal.com/profile",safe
"ca.linkedin.com/in/yvesyau",safe
"hotels.com/de1690365/hotels-near-saint-laurent-montreal-canada/",safe
"westport-news.com/news/article/BOE-to-vote-on-new-Bedford-Middle-School-principal-468858.php",safe
"czechsouvenirs.com/czech-dvd/",safe
"facebook.com/pages/Queens-Park-Rangers-FC/32792126803",safe
"euroflyulm.com/",safe
"tao-garden.com/Inst1/",safe
"facebook.com/people/ConceptElite-St-Dorothee/100000964403664",safe
"en.wikipedia.org/wiki/Headspace_(Pulse_Ultra_album)",safe
"cdbaby.com/cd/vermillionlies",safe
"facebook.com/pages/Melanie-Morgan/150570901699938",safe
"mc-hammer.deviantart.com/",safe
"drbizzy.com/",safe
"info-world.com/",safe
"batlyrics.com/come_to_me-lyrics-france_joli.html",safe
"http://seekingalpha.com/author/dividends4life/research?source=follow_top_learn_more",safe
"huffingtonpost.com/dan-aykroyd",safe
"facebook.com/andrews.megan",safe
"bmcaluniv.org/",safe
"bradleyhillel.org/",safe
"tempest-inc.com/",safe
"us.macmillan.com/author/rhodajanzen",safe
"wordtravels.com/Attractions/?attraction=2525",safe
"nme.com/artists/joe-brown",safe
"en.wikipedia.org/wiki/1969_NCAA_Men%27s_Division_I_Basketball_Tournament",safe
"britannica.com/EBchecked/topic/461108/Steven-Pinker",safe
"craftconn.com/genealogy/dit.htm",safe
"andreas-olsson.com/",safe
"fortworthtejano.com/news_letter__hispanic_heritage_month_",safe
"yell.com/b/Rolf+C+Hagen+(UK)+Ltd-Pet+Supplies-Castleford-WF105QH-1018773/index.html",safe
"myspace.com/aundrone",safe
"https://paytm.com/blog/vijay-shekahr-sharma-on-building-finance-infrastructure-for-smes/?share=email",safe
"r2wracing.com/hp_wordpress/",safe
"facebook.com/philippe.turcotte1",safe
"mmaroot.com/nate-quarry-vs-kalib-starnes-ufc-83-video/",safe
"tezmilleroz.wordpress.com/2011/10/22/7-new-covers-banks-dane-clark-crane-dane-ellison-leicht-neal-roberts/",safe
"artquotes.net/masters/nathan-oliveira/index.htm",safe
"lindseybiggs.com/",safe
"facebook.com/russel.hamilton",safe
"provigo-boul-hull.foodpages.ca/?qqq=FAQ",safe
"photovault.com/Link/Cities/Lake/Ohio/Places/FootballHallOfFame.html",safe
"wikitree.com/genealogy/STEWART",safe
"missouririverrunners.com/",safe
"thenhf.com/article.php?id=2113",safe
"lyricsmode.com/lyrics/m/michael_franti/",safe
"iwishiknewit.com/",safe
"jasa-blues.blogspot.com/",safe
"pubsub.com/Senior-Java-Engineer-at-GrubHubcom-Webster-Elston-National-Signing-Day-P8kaW9K1wIS",safe
"hfboards.com/showthread.php?p=28056476",safe
"http://sourceforge.net/directory/development/add_facet_filter?facet=license&constraint=OSI-Approved+Open+Source+%3A%3A+Eclipse+Public+License",safe
"123people.ca/s/david+murray",safe
"naval-history.net/WW1NavyBritishLGNavalPrizeMoney.htm",safe
"artistonlineradio.com/",safe
"myspace.com/epic.ben",safe
"http://torcache.net/torrent/9154FAAD712957FD02C9507EB9A583DF724A7683.torrent?title=[kickass.to]grand.theft.auto.v.reloaded",safe
"coffeyforjudge.com/",safe
"gigmasters.com/",safe
"kansas-city-news.pro/2009/07/kansas-city-is-number-1-abandoned-city.html",safe
"cduniverse.com/productinfo.asp?pid=8114106",safe
"collider.com/focus-features-seeking-a-friend-for-the-end-of-the-world/89762/",safe
"legacy.com/obituaries/roanoke/obituary.aspx?n=evelyn-alice-terry-slusher&pid=154726502",safe
"realgm.com/src_playerfile/1372/joel_anthony/",safe
"amazon.com/Animated-Films-Don-Bluth/dp/0685503348",safe
"http://techcrunch.com/2013/06/09/first-cut-pro-just-made-post-production-collaborative-video-editing-much-less-painful/",safe
"newbernnchotels.com/",safe
"123people.ca/s/georges+arsenault",safe
"commons.wikimedia.org/wiki/Category:1956_births",safe
"netglimse.com/celebs/pages/sylvia_earle/index.shtml",safe
"allmusic.com/album/fenix-tx-r423666",safe
"stuffaboutnames.com/dennis/index.htm",safe
"facebook.com/people/Catherine-Archer/1559547281",safe
"slovenia.info/?cerkev=4914",safe
"http://mic.com/articles/97512/here-s-the-one-simple-reason-why-we-need-more-openly-bisexual-characters-on-television",safe
"http://ecnavi.jp/redirect/?url=http://ad-4091.affit.jp/c.ts/35n.2/-/1g.html?mu=%user_id%",safe
"kentucky.com/2011/11/14/1959369/oakland-and-alabama-tangle-in.html",safe
"youtube.com/watch?v=9FgXy7QyLDo",safe
"onlinetickets.com/events/sports_nfl/houston_texans/tickets.html",safe
"aceshowbiz.com/news/view/w0006245.html",safe
"en.wikipedia.org/wiki/William_Tummel",safe
"fisherpaykel.com/",safe
"uk.ask.com/wiki/Charles-Fran%C3%A7ois_Dupuis",safe
"mylife.com/high-schools/ca/sacramento/luther-burbank-high-school/",safe
"aaanimalcontrol.com/Professional-Trapper/county/IN-Allen-County-Animal-Services.htm",safe
"makivik.org/makivik-corporation-and-the-kativik-regional-government-welcome-visit-of-minister-of-justice-yvon-marcoux-and-minister-for-native-affairs-for-quebec-geoffrey-kelley-to-nunavik/",safe
"fleshspot.com/sites/arielrebel/",safe
"http://mashable.com/category/spacex/2014/04/25/elon-musk-spacex-booster-stage-atlantic",safe
"txdot.lib.utexas.edu/",safe
"jonathanturley.org/2011/04/01/army-sergeant-convicted-of-threatening-a-judge-due-to-one-line-in-a-song/",safe
"en.wikipedia.org/wiki/Vietnam_War",safe
"miningforthetruthinmelancthon.blogspot.com/",safe
"st-ives-ceramics.co.uk/potters.asp?view=Francoise%20Dufayard",safe
"youtube.com/watch?v=hekL0DCUxpk",safe
"yourottawaregion.com/what's%20on/article/259704--ctv-s-dr-marla-shapiro-in-kemptville",safe
"thecanadianencyclopedia.com/index.cfm?PgNm=TCE&Params=A1ARTA0006315",safe
"yasni.com/naima+kamel/check+people",safe
"bottomlinecom.com/kcnews/alexroleatkshbchanges.html",safe
"amazon.com/David-Bowie-Reality-Tour/dp/B00064AEOC",safe
"allposters.co.uk/-st/Helene-Leveillee-Posters_c117522_.htm",safe
"bizjournals.com/kansascity/news/2010/12/08/bannister-mall-sites-latest-plan.html",safe
"myhugeclit.com/female/female-bodybuilders/",safe
"ckuik.com/Kabhi_Alvida_Na_Kehna",safe
"en.wikipedia.org/wiki/Joan_I_of_Navarre",safe
"http://nypost.com/2014/06/16/bridge-failures-snarled-metro-north-service-175-times-in-ct-last-year/",safe
"scarlettjohansson.org/movies/themanwhowasntthere.htm",safe
"crossdresserclub.com/home/printthread.php?t=2851&page=3&pp=40",safe
"myspace.com/imusicidemontrealcho",safe
"broadwayworld.com/gallery.cfm?letter=a",safe
"engineering.com/Library/tabid/78/Default.aspx",safe
"drscore.com/Georgia/Cardiology/search/William-Weintraub_10791399.html",safe
"dvbs.eu.org/perrault/",safe
"sunlifebuilding-phil.com/",safe
"italy-weather-and-maps.com/",safe
"digital-copyright.ca/node/5337",safe
"518fever.com/",safe
"vaughnclark.com/",safe
"manta.com/ic/mt6v6sz/ca/universite-du-quebec-a-montreal",safe
"http://serverfault.com/questions/674326/remote-location-management-copy-and-install-large-software-updates-to-50-lan",safe
"missouridairygoats.com/",safe
"en.wikipedia.org/wiki/2000_Oakland_Athletics_season",safe
"vitals.com/doctors/Dr_Vanoy_Smith.html",safe
"owha.on.ca/news_release_helmet_recall_08.asp",safe
"robinhoodfilms.com/thecasinojob.htm",safe
"smithgroup.com/?id=415",safe
"hockeyfights.com/players/16890",safe
"findpeoplesearchonline.com/rhodeIslandpeoplesearch-RI/findpeoplerhodeIsland.html",safe
"facebook.com/john.m.whitcomb",safe
"discountcheapaccessories.com/rubies-costume-co/best-buy-rubies-costume-co-womens-secret-wishes-tarzan-hunter-jane-costume.html",safe
"cartoonhalloffame.org/2005/12/iwerks-ub.html",safe
"ohwy.com/mo/m/mocity.htm",safe
"aveleyman.com/ActorCredit.aspx?ActorID=3389",safe
"fraser.stlouisfed.org/publications/holc/",safe
"u.tv/Sport",safe
"audiorecordingschool.com/blog/category/game-audio/",safe
"en.wikipedia.org/wiki/Bryan_Fogarty",safe
"direct.imagedepositgateway.com/sendpoint/",safe
"guardian.co.uk/football/2011/mar/27/international-friendly-brazil-scotland",safe
"en.wikipedia.org/wiki/Edward_L._Beach",safe
"linkedin.com/pub/dir/richard/geary",safe
"familytreeassistant.com/surnames/Carpenter-family-tree.html",safe
"http://rt.com/in-vision/nepal-earthquake-aftermath-ruins/nepal-besi-earthquake-dhading/",safe
"investing.businessweek.com/research/stocks/private/snapshot.asp?privcapId=857569",safe
"local.yahoo.com/info-14553240-ymca-fort-myers",safe
"http://web.de/magazine/unterhaltung/adel/royal-baby-2/daily-kate-augen-royalen-baby-bauch-30205922",safe
"isthisyour.name/directory/fullnames/ma~batten.htm",safe
"youtube.com/watch?v=mODdgpExRig",safe
"dirtyhippiesoaps.com/?p=ingredientkey.html",safe
"pul.se/Web-Rumblings-Buffalo-Bills-Links-12-29-Aaron-Carter-6ZW6eaHH8EZS",safe
"russmeyer.com/",safe
"hockeydb.com/ihdb/stats/pdisplay.php?pid=115417",safe
"bleacherreport.com/articles/895379-texas-football-5-things-we-learned-from-the-longhorns-loss-vs-oklahoma-state",safe
"usidentify.com/l/ehle",safe
"bellingram.co.uk/properties/sale?area=Argyll+%26+Bute",safe
"chacha.com/question/how-tall-is-john-mayberry-jr",safe
"classmates.com/directory/college/Le%20Moyne%20College?org=17044951",safe
"poptower.com/chelsea-peretti-picture-35640.htm",safe
"cduniverse.com/productinfo.asp?pid=7707999",safe
"vancouveradvertising.blogspot.com/",safe
"en.wikipedia.org/wiki/Lise_St-Denis",safe
"forums.corvetteforum.com/great-lakes/2935112-west-mich-covered-bridge-fallasburg-cruise-sat-oct-22-a.html",safe
"en.wikipedia.org/wiki/List_of_H_postal_codes_of_Canada",safe
"genforum.genealogy.com/wyatt/all.html",safe
"flyfreedomaircharter.com/",safe
"flickr.com/photos/caseymckinnon/3121023513/",safe
"pipl.com/directory/people/Beryl/Anthony",safe
"imdb.com/title/tt0409847/",safe
"stubhub.com/gilles-villeneuve-circuit-event-tickets/details/?venue_config_ID=7454",safe
"fightingsioux.com/",safe
"thesubversivesounds.blogspot.com/2007/02/buggs-beetle-beat.html",safe
"gamestats.com/objects/055/055042/",safe
"facebook.com/maryseouellet.83",safe
"videosurf.com/calcutta-india-242151",safe
"nikon.bungie.org/",safe
"facebook.com/KCURKansasCity",safe
"faqs.org/patents/app/20110047854",safe
"knac.com/article.asp?ArticleID=4653",safe
"lifeskate.com/skate/2010/09/nbc-sports-announces-2010-grand-prix-of-figure-skating-schedule.html",safe
"en-gb.facebook.com/matthew.mulligan",safe
"huskers.com/ViewArticle.dbml?DB_OEM_ID=100&ATCLID=68185",safe
"http://nguyentandung.org/vu-viec-tranh-go-sua-o-ha-noi-xu-ly-cham-do-doi-interpol-tra-loi.html",safe
"high-schools.com/schools/100696/notre-dame-de-sion.html",safe
"accesshollywood.com/denis-ohare",safe
"a2zyp.com/Government+Offices-County/NJ.php",safe
"http://gawker.com/report-north-korean-defense-minister-executed-for-slee-1704127405/module/",safe
"http://udn.com/news/story/7321/900837-%E9%AB%98%E9%9B%842%E8%AD%B0%E5%93%A1%E7%95%B6%E9%81%B8%E7%84%A1%E6%95%88%E4%B9%8B%E8%A8%B4-1%E5%AF%A9%E9%A7%81%E5%9B%9E",safe
"amazon.com/Asian-American-Actors-Histories-Television/dp/0786407301",safe
"en.wikipedia.org/wiki/Notre-Dame-de-Gr%C3%A2ce%E2%80%94Lachine",safe
"rentalboatcharters.com/264",safe
"wn.com/2011_IFAF_World_Cup",safe
"myspace.com/cinemalamour",safe
"rollingstone.com/rockdaily/index.php/2009/04/13/pearl-jam-beastie-boys-dave-matthews-band-headlining-san-franciscos-outside-lands-festival",safe
"2.statcan.ca/census-recensement/2006/dp-pd/prof/92-595/p2c.cfm?TPL=INDX&LANG=E",safe
"blackle.com/",safe
"https://twitter.com/share?text=%D0%A4%D0%BE%D1%82%D0%BE%D0%BF%D0%BE%D0%B4%D0%B1%D0%BE%D1%80%D0%BA%D0%B0+%D0%B7%D0%B0+29.04.2015&url=http%3A%2F%2Ffishki.net%2Fphoto%2F1517170-fotopodborka-za-29042015.html%2Fgallery-1952358%2F",safe
"hobartcorp.com/Contact-Us/",safe
"ipesbd.com/",safe
"madhatters.me.uk/2010/03/07/sarah-phillips-autumn/",safe
"videosurf.com/wallace-beery-212797",safe
"cfreference.net/",safe
"linkedin.com/pub/janelle-rudie/a/330/a13",safe
"borealpress.com/",safe
"en.wikipedia.org/wiki/Ryan_(film)",safe
"http://kotaku.com/the-classic-pc-games-you-must-play-1246823468/1440923931/@kirkhamilton",safe
"usageorge.com/Wallpapers/Commercial/CHOM.html",safe
"http://atwiki.jp/wiki/%E3%83%89%E3%83%A9%E3%82%B4%E3%83%B3%E3%82%BA%E3%83%89%E3%82%B0%E3%83%9E%20%E3%81%8F%E3%81%88%E3%81%99%E3%81%A8",safe
"mpma28.com/page/page/2271350.htm",safe
"canadagazette.gc.ca/archives/p1/2002/2002-01-19/html/parliament-parlement-eng.html",safe
"en.wikipedia.org/wiki/KREV",safe
"answers.com/topic/joseph-o-neill",safe
"readerfeedback.labs.wikimedia.org/wiki/California_State_Route_78",safe
"yatedo.com/s/Linda+Lee",safe
"http://otomoto.pl/oferta/honda-jazz-jazz-1-2-klima-i-rej-05-2014-km-10-000-ID4pa1I9.html",safe
"motherboard.ie/",safe
"timesofindia.indiatimes.com/topic/Colin-Ferguson-(actor)",safe
"montreal.about.com/od/sportsrecreation/ss/olympic_divers_8.htm",safe
"edperformance.com/",safe
"port-montreal.com/",safe
"youtube.com/watch?v=d8IlHHK7oZ8",safe
"4shared.com/audio/vhD02W-g/01_Hatenai_Sora.html",safe
"en.wikipedia.org/wiki/Category:Silent_films",safe
"morgancole.com/",safe
"rootsweb.ancestry.com/~inallcem/jefferson/emmanuel/name-a.html",safe
"amazon.com/Systematic-Chaos-W-Dvd-Spec/dp/B000PTYP5C",safe
"nationalcatholicreporter.org/word/word103103.htm",safe
"amazon.com/Beauties-Mary-Troy/dp/188615774X",safe
"trivago.com/carcassonne-36191/amusement-park/complexe-de-loisirs-raymond-chesa-185771",safe
"perfectpeople.net/celebrity-star/306/mira-sorvino.htm",safe
"facebook.com/pages/Billie-Joe-Armstrong/21810736024",safe
"youtube.com/watch?v=8nJCN3dUtO8",safe
"gettyimages.com/detail/news-photo/bob-steele-the-cowboy-star-and-american-character-actor-who-news-photo/3265035",safe
"names.whitepages.com/massachusetts/danielle/fournier",safe
"acadian-home.org/france-lesturgeon.html",safe
"mankato.craigslist.org/fuo/2682320424.html",safe
"lib.berkeley.edu/MRC/imagesafam.html",safe
"johnbolenracing.com/",safe
"linkedin.com/pub/eric-kubic/25/b5a/12b",safe
"ecoliteracy.org/essays/greening-k-12-curriculum",safe
"maxalbums.com/index.php?artist=Henry+Rollins&album=Everything",safe
"manta.com/c/mm73jsg/don-ferguson",safe
"youtube.com/watch?v=EiSK-hrFZiE",safe
"imdb.com/title/tt1846155/",safe
"lillies-flowers.blogspot.com/",safe
"tributes.com/show/John-Cossette-91317090",safe
"verdunrestaurants.info/?abrowse=X",safe
"gohorsebetting.com/Monmouth+Park",safe
"thelostpenguin.wordpress.com/short-films/",safe
"192.com/atoz/people/watkins/daniel/",safe
"answers.yahoo.com/question/index?qid=20090527180401AA9KLjC",safe
"rockerparis.blogspot.com/",safe
"amazon.com/Senior-Trip-Jason-Alexander/dp/B000PKG8XI",safe
"fbitn.com/meigs-county/decatur/derek-starnes",safe
"letrs.indiana.edu/cgi/t/text/text-idx?c=wright2;cc=wright2;view=text;rgn=main;idno=wright2-1791",safe
"williamsmorrisonlight.net/Bio/JohnLight.asp",safe
"theracinginquirer.blogspot.com/2011/09/freshman-pacers-featured-at-freehold.html",safe
"northcarolinashandyman.com/",safe
"people.famouswhy.com/david_st__pierre/",safe
"fargonorth91.com/",safe
"techlearning.com/article/38974",safe
"10starmovies.com/Watch-Movies-Online/Jackie_Bouvier_Kennedy_Onassis_2000/",safe
"allbrackets.com/",safe
"zeitgeist-photo.com/galleries/2008_colors_of_the_world_collection/",safe
"southcarolina.hometownlocator.com/",safe
"tamilnewsnetwork.com/2010/10/18/birth-centenary-of-v-navaratnam-pioneer-of-tamil-eelam-polity/",safe
"dvdtalk.com/reviews/45691/legend-of-bruce-lee-the/",safe
"the-sugarandspice-in-you.blogspot.com/",safe
"realtor.com/property-search/Bartlett_TN/Carrie-Brook-Cv",safe
"m.yahoo.com/w/sports/home/experts/article?offset=0&urn=urn%3Anewsml%3Asports.yahoo%2Cyhoo%3A20050301%3Apga%2Carticle%2Cbr-lateralhazard-murphy_cantley_is_future_star_082911%3A1&.ts=1314643797&.ysid=F8v9AuxNE6gvs9Vud6Bhyo3s&.intl=US&.lang=en",safe
"cheapstheycome.wordpress.com/2011/11/30/vampiros-los-muertos-2002/",safe
"cesarica.net/portal/urawa-red-diamonds-kashima-antlers-live-stream/football-en/9650/",safe
"arkhilario.com/2011/02/12/wwe-elimination-chamber-2011-live-stream-free/",safe
"http://torcache.net/torrent/955C5FDBC91A9D4D79F8AB301F49B205BEBC4865.torrent?title=[kickass.to]the.originals.s02e18.hdtv.x264.lol.ettv",safe
"harvestbiblechapel.org/content.aspx?site_id=10424&content_id=162811",safe
"myonlinetutor.bell.ca/",safe
"data.vanderbilt.edu/rapache/bbplot/BOS-1915.html",safe
"en.wikipedia.org/wiki/Commerce_Bancshares",safe
"dfdrussell.org/",safe
"barnesandnoble.com/w/pediatric-clinical-skills-richard-b-goldbloom/1100213036",safe
"nytimes.com/1991/10/24/arts/review-dance-ted-shawn-s-legacy-men-tough-and-tender.html",safe
"bizzyballoons.f2s.com/",safe
"findstructuredsettlements.blogspot.com/",safe
"slu.edu/colleges/AS/ENG/ong/",safe
"insiderpages.com/doctors/Michael-J-Meighen-MD-Concord",safe
"localhikes.com/Hikes/DnRCanal-BullsIsland_5602.asp",safe
"mediafire.com/?z2hjmmnnzm2",safe
"partypop.com/d/Party/Temples-Synagogues/Kansas-City",safe
"bbb.org/central-northern-western-arizona/business-reviews/air-conditioning-contractors-and-systems/al-riley-s-air-conditioning-and-sheet-metal-in-casa-grande-az-7002698/",safe
"audible.com/pd?asin=B0042ZKVFI",safe
"wordcustard.hubpages.com/",safe
"onesongneedlearts.com/",safe
"linkedin.com/in/jameswestcott",safe
"videosurf.com/videos/los+angeles+galaxy+0+vs+0+kansas+city+wizards+game+highlights+04+24+10+week+5+2010+season?vnf=1",safe
"goldstar.com/venues/washington-dc/sidney-harman-hall",safe
"im.indli.com/search/Singer%20Sunitha%20Sarathy%20Celebrity%20Photos%20Hot%20Pictures%20Stills%20Singer%20Sunitha%20Sarathy%20Celebrity%20Photos%20Images%20Gallery%20Singer%20Sunitha%20Sarathy%20Celebrity%20PhotosMovie%20Gallery%20Latest%20Tamil%20Movie%20Images%20Pictures%20Stills%20Actress%20Hot%20Gallery",safe
"movies.totallyfreeonline.com/watch_idi-i-smotri-1985-3_online_for_free_in_HD/",safe
"universityguides.com/index.jsp?source=UG65k&OVRAW=list%20of%20delta%20sigma%20theta%20chapters&OVKEY=delta%20sigma%20theta%20undergraduate%20chapter&OVMTC=advanced&OVADID=5146222013&OVKWID=53821256513",safe
"caribou-canada.com/",safe
"http://superuser.com/questions/812639/troubleshooting-hardware-with-limited-resources",safe
"artloversnewyork.com/zine/the-bomb/2006/08/03/jason-rhoades-dead-at-41/",safe
"youtube.com/watch?v=N0ykm1v9xbU",safe
"allstarpics.net/pic-gallery/mackenzie-foy-pics.htm",safe
"dea.seattle.gov/self/",safe
"linkedin.com/pub/dir/kenneth/gilbert",safe
"http://nesn.com/2014/08/tom-brady-patriots-involved-in-competitive-situations-vs-redskins-video/",safe
"narniafans.com/archives/12139",safe
"mma-core.com/videos/_Rampage_Jackson_Owns_Ariel_Helwani_On_Post_Fight_S?vid=10020847&tid=104",safe
"lepg.org/people.htm",safe
"articlesbase.com/basketball-articles/watch-gonzaga-basketball-online-bulldogs-games-live-stream-on-the-internet-3818221.html",safe
"modot.mo.gov/kansascity/major_projects/Heart_of_America.htm",safe
"http://slashdot.org/submission/2011137/the-optimum-attack-rate-for-ssh-bruteforce-1-per-10-seconds",safe
"kevinmooremusic.com/",safe
"ehow.com/facts_5552739_western-auto-company-history.html",safe
"merriam-webster.com/dictionary/cleric",safe
"usl1.uslsoccer.com/home/398646.html",safe
"http://perezhilton.com/2014-12-31-joe-jonas-mystery-woman-the-nice-guy-west-hollywood/?from=readmore_perezhilton&",safe
"blackjackinfo.com/blackjack-rules.php",safe
"bizjournals.com/stlouis/stories/2008/06/23/focus7.html",safe
"local.yahoo.com/info-19737823-ordway-building-supply-incorporated-ordway",safe
"http://motthegioi.vn/xa-hoi/trung-quoc-lai-dua-gian-khoan-hai-duong-981-vao-bien-dong-188586.html",safe
"http://elitedaily.com/news/world/teens-dying-wish-to-donate-organs-has-affected-more-than-50-people-video/1025896/",safe
"boards.ancestry.co.uk/topics.obits/35036/mb.ashx",safe
"amazon.com/Cecil-Medicine-Expert-Consult-Online/dp/1416028056",safe
"flixster.com/actor/nance-oneil",safe
"proallstarsseries.com/",safe
"sportsillustrated.cnn.com/football/nfl/1999/nfldraft/news/1999/04/18/jones_cfl/",safe
"artfact.com/auction-lot/ebac-homedry-880-dehumidifier.-1-c-eiinq5kljc",safe
"edwardsmagazine.com/",safe
"archive.shanedphoto.com/",safe
"canadianartgroup.com/art_we_purchase",safe
"moviemusic.com/soundtrack/M01316/raisingarizonabloodsimple/",safe
"amazon.com/Murder-Paradis-Aimee-Leduc-Investigations/dp/1569475423",safe
"facebook.com/pages/Political-divisions-of-Mexico/112668912084101",safe
"purecornwall.co.uk/",safe
"tngennet.org/wilson/wilson1.htm",safe
"thenils.net/",safe
"amazon.com/Blues-Clues-Big-Band/dp/B000096QZX",safe
"flickr.com/photos/swank/4633280541/",safe
"michaelconnelly.com/novels/",safe
"spankwire.com/Mikayla-Mendez-Dreaming/video217241/",safe
"local.yahoo.com/info-21648850-barkley-john-l-barkley-john-l-lodi",safe
"myspace.com/apchagi0",safe
"veromi.com/David-Belisle.aspx",safe
"http://gfycat.com/javascript/new_account/common/angular-modal-app/modal-how-tos.html",safe
"http://thenextweb.com/in/2015/04/06/indian-fashion-retailer-myntra-is-closing-its-site-on-may-1-to-focus-on-app-based-sales/gtm.js",safe
"https://ifttt.com/recipes/156570-if-i-mark-a-video-as-watch-later-send-the-link-to-pushbullet",safe
"http://babal.net/books/view/410/%D9%82%D8%A7%D9%86%D9%88%D9%86-%D8%A7%D9%84%D9%86%D9%82%D8%A7%D8%A8%D8%A7%D8%AA-%D8%A7%D9%84%D8%B9%D9%85%D8%A7%D9%84%D9%8A%D8%A9-%D8%A7%D9%84%D8%A8%D8%AD%D8%B1%D9%8A%D9%86%D9%8A",safe
"veromi.com/Bonnie-Eastman.aspx",safe
"torrentreactor.net/search.php?search=2&words=crna-berza-com&lang=",safe
"sourcewatch.org/index.php?title=Sharon_Percy_Rockefeller",safe
"warriorsigningday.blogspot.com/",safe
"worthpoint.com/worthopedia/nathan-oliveira",safe
"bixi.net/",safe
"http://maybank2u.com.my/mbb_info/m2u/public/promoChannel.do?cntTypeId=1&channelId=PRO-Promotions&programId=PRO01-Accounts&chCatId=/mbb/Personal/PRO-Promotions",safe
"dailymotion.com/video/xgn394_mado-in-hungary-part-6_webcam",safe
"littlelaptopshop.com/",safe
"mlive.com/business/",safe
"corporationwiki.com/Florida/Miami/lopefra-corp-2301403.aspx",safe
"rooftopfilms.com/2011/schedule/",safe
"litigation-essentials.lexisnexis.com/webcd/app?action=DocumentDisplay&crawlid=1&doctype=cite&docid=39+S.D.+L.+REV.+469&srctype=smi&srcid=3B15&key=8b062fd1fa9e05e461c2b8a4dcc3e796",safe
"mmatko.com/james-thompson-vs-steve-bosse-fight-strikebox-and-comments-video/",safe
"upperplayground.com/tag/shooty-babbitt",safe
"gantdaily.com/2011/05/15/phillys-fine-fill-in-despite-recent-slump-john-mayberry-jr-still-blossoming/",safe
"notstarring.com/actor-trivia/thiess-ursula",safe
"scribd.com/doc/59805705/Skinner-Letter-to-Portantino",safe
"spacingmontreal.ca/2010/12/27/down-in-the-dumps-of-pointe-saint-charles-history/",safe
"celebritytweet.com/mariahcarey/",safe
"rottentomatoes.com/celebrity/ted_lange/",safe
"http://mic.com/articles/89365/columbia-students-are-taking-a-radical-step-to-combat-rape",safe
"wiki.dbpedia.org/Datasets",safe
"youtube.com/watch?v=zItj3x_FcA8",safe
"uk.ask.com/wiki/Leslie_Charleson",safe
"corporationwiki.com/Florida/Miami/kelly-tractor-co-4719336.aspx",safe
"goal.blogs.nytimes.com/2011/10/28/decision-time-for-d-c-united-and-de-rosario/",safe
"ajsmidi.com/tilden/tilden_4.html",safe
"artistfacts.com/detail.php?id=386",safe
"soundcloud.com/djlourenco/days-of-the-musician",safe
"genforum.genealogy.com/emmerson/",safe
"twitter.com/iamgilly",safe
"http://variety.com/2015/tv/features/x-men-spinoff-fault-in-our-stars-director-1201495091/",safe
"kstatesports.com/sports/m-footbl/sched/ksu-m-footbl-sched.html",safe
"facebook.com/people/Gordon-Korman/542156028",safe
"twitter.com/Lisa_M_Klein",safe
"wokai.typepad.com/",safe
"wikinfo.org/index.php/Air_Canada",safe
"timdir.com/index.php?cat_id=2713",safe
"freepages.genealogy.rootsweb.ancestry.com/~picard/Destroismaisons_2_3_Generations_Outline.html",safe
"enotes.com/topic/Rangers_F.C",safe
"ukmysteryshopperjobs.com/home.php",safe
"flixster.com/actor/leland-l-jones",safe
"en.wikipedia.org/wiki/Howie_Morenz_Memorial_Game",safe
"mademan.com/chickipedia/betty-grable/",safe
"interceder.net/topic/Kaizer-Chiefs",safe
"docstoc.com/docs/62494868/Winslow-Information",safe
"amazon.com/Man-Who-Cried-Salvatore-Licitra/dp/B00005J9XR",safe
"http://mylust.com/videos/174352/just-a-blonde-busty-girlfriend-wants-to-show-off-her-skills/",safe
"thetexashillcountry.blogspot.com/",safe
"discogs.com/artist/Impellitteri",safe
"goliath.ecnext.com/coms2/product-compint-0000566623-page.html",safe
"discoverourtown.com/MO/Kansas-City/Attractions/elmwood-historic-cemetery/88075.html",safe
"fanpix.net/gallery/joanne-kelly-pictures.htm",safe
"guardian.co.uk/culture/2009/sep/30/british-actors-invade-american-television",safe
"generasia.com/wiki/Ohno_Satoshi?title=Ohno_Satoshi",safe
"fandango.com/danielkash/filmography/p36994",safe
"capsbicycleshop.com/",safe
"city-data.com/school/pembroke-hill-school-nh.html",safe
"http://searchengineland.com/flickr-testing-improved-search-experience-photos-218517",safe
"amazon.com/Damn-Fool-Big-Scoob/dp/B004SC8XUK",safe
"reunion.com/clarencerousseau/",safe
"temescalcreekmedicine.com/Bios.aspx",safe
"helloneighbour.com/save/xtreme-fitness-center-fitness-centres-west-island",safe
"chiff.com/travel/guides/S-America.htm",safe
"panthers.com/team/coaches/ron-rivera/848931a2-11cf-4e45-84db-f5745b09e275",safe
"newswire.ca/en/story/246959/lufthansa-flight-training-purchases-five-flight-training-devices-from-mechtronix",safe
"nairobicbd.kbay.co.ke/",safe
"open-site.org/Science/Aerospace/Space_Flight/Astronauts/C/Chamitoff%2C_Gregory",safe
"spoke.com/info/p7JP1Kr/MichaelPrupas",safe
"mindstrokes.com/applications.htm",safe
"linkedin.com/pub/bob-libman/a/14b/2a5",safe
"3phasepower.org/3phasedistribution.htm",safe
"thegodmovie.com/",safe
"easysinginglessons.com/",safe
"myspace.com/philcollins/music/songs/testify-29082394",safe
"belgiantop50.be/taxonomy/term/43?page=154",safe
"businesslook.co.uk/companies/seating/west-midlands/",safe
"http://torcache.net/torrent/56C3BD7EEFF8952D82C14251DE621F334E7E3D45.torrent?title=[kickass.to]counter.strike.source.v2230303.full.autoupdate.multilanguage",safe
"infozine.com/news/stories/op/storiesView/sid/10872/",safe
"travelpod.com/travel-blog-city/France/Opio/tpod.html",safe
"informatik.uni-trier.de/~ley/db/indices/a-tree/w/Wu:Jianping.html",safe
"btscene.eu/details/1906319/A+Static+Lullaby+Faso+Latido.html",safe
"youtube.com/watch?v=z1gSHMJJBx0",safe
"freepages.genealogy.rootsweb.ancestry.com/~sauve/SpouseIndex.htm",safe
"whb.co.uk/",safe
"quotationspage.com/quotes/Saul_Bellow/",safe
"youtube.com/watch?v=OlMKXHydx88",safe
"en-gb.facebook.com/phesto79",safe
"hr.limamemorial.org/",safe
"dictionary.sensagent.com/MORA/en-en/",safe
"facebook.com/pages/CBMF-FM/106596822709907",safe
"agralphakappa.com/",safe
"prgcommunications.com/experience/transportation/",safe
"youtube.com/watch?v=ldG3599MqG4",safe
"bccmedhat.com/",safe
"nba.com/historical/playerfile/bio.html?player=eric_fernsten",safe
"forums.chargers.com/archive/index.php/t-33318.html",safe
"apps.facebook.com/ilike/artist/AIDS+Wolf",safe
"youtube.com/watch?v=OO0456MVxuY",safe
"census-info.us/show/PISTILLI/",safe
"en-gb.facebook.com/roaneskin",safe
"http://indianexpress.com/article/india/india-others/this-one-was-big-but-the-big-one-is-yet-to-come-say-experts/",safe
"imdb.com/name/nm0621469/",safe
"blog.worldvitalrecords.com/2007/07/page/2/",safe
"canada-grand-prix.com/941-canada/",safe
"http://ap.org/Content/Press-Release/2012/AP-Charles-Dharapak-named-WHNPA-Photographer-of-the-Year",safe
"fyeahryanross.tumblr.com/",safe
"en.wikipedia.org/wiki/Gabrielle_Bertrand",safe
"groups.yahoo.com/group/hispanicgenealogy/messages/540",safe
"allmusic.com/artist/dru-down-p45143",safe
"goodcraft.net/product.asp",safe
"britannica.com/EBchecked/topic/646020/Witbank",safe
"http://mic.com/articles/117566/the-how-to-spot-afeminist-twitter-trend-shows-how-little-conservatives-understand-feminism",safe
"mylife.com/sylvainblouin",safe
"humane-society-idaho.com/illegal_invasion_of_private_property.html",safe
"reverseshot.com/legacy/links.html",safe
"https://medium.com/@djpizzo/such-an-amazing-film-the-shots-of-kurt-as-an-innocent-little-kid-are-completely-heartbreaking-in-d6d5fbda23e8?source=latest",safe
"wn.com/AS_Montferrand",safe
"facebook.com/pages/the-Plasmarifle/6730724417?v=info",safe
"reunion.com/paulrouleau/",safe
"people.famouswhy.com/steve_alford/",safe
"http://mashable.com/category/small-business/2015/03/25/equity-crowdfunding-sec-vote",safe
"gaming.ugmmarketing.com/",safe
"myspace.com/missionelite",safe
"friendseat.com/restaurants/Chicago/Lou-Mitchells",safe
"nakido.com/027F7594BEA9630EBEBFCD614517F85062C6F741",safe
"sportsillustrated.cnn.com/football/ncaa/teams/missouri-tigers/",safe
"firefly-path.net/?p=1812",safe
"shopuniversitymall.com/about/woodbury.htm",safe
"zoominfo.com/people/Dauphin_Claude_1101070491.aspx",safe
"http://tobogo.net/cdsb/board.php?board=humor&bm=view&no=1910&category=&auth=&page=1&search=&keyword=&recom=",safe
"artfact.com/artist/brewster-john-jr-5u6g2s9nte",safe
"villeneuves.com/archives/connections/mathurin3.html",safe
"kerneltrap.org/Linux/Volatile_Superstition",safe
"biomedexperts.com/Profile.bme/1699463/Philippe_FORT",safe
"icehockey.wikia.com/wiki/Gump_Worsley",safe
"schooldigger.com/go/PA/district/00048/search.aspx",safe
"thewartburgwatch.com/category/creationism/old-earth-creationism/hugh-ross/",safe
"music.msn.com/music/artist-biography/the-peechees/",safe
"epodunk.com/cgi-bin/genInfo.php?locIndex=22728",safe
"findcontractor.org/welding-state/IN-welding.htm",safe
"oaklandraiders.stores.yahoo.net/",safe
"myspace.com/shawnwilliam",safe
"tevoconsultingblog.com/Johnstown-andrew-jos/",safe
"wist.info/campbell-thomas/13808/",safe
"movieberry.com/mtv_video_music_awards/",safe
"commons.wikimedia.org/wiki/Category:Soldier%27s_Medal_(United_States)",safe
"unicornsndragons.com/",safe
"thepeoplehistory.com/1940s.html",safe
"baseball-almanac.com/players/player.php?p=montejo01",safe
"hickamairmansattic.com/eminem-reggie-bush-weight-lifting-routine/",safe
"theafghanschool.org/",safe
"berlinpainting.com/",safe
"interment.net/data/us/nd/grandforks/calvary/calvary_c.htm",safe
"92ndma.org/325thBSHistory.html",safe
"youtube.com/watch?v=ZdUTmLhXErg",safe
"http://nguyentandung.org/cnn-chi-co-viet-nam-hanh-xu-dung-muc-va-hoa-binh-tren-bien-dong.html",safe
"collectionscanada.gc.ca/caninfo/ep097.htm",safe
"myspace.com/sleddogs",safe
"datavillage.com/facts/Silver.html",safe
"aboutus.org/JasmineRose.net",safe
"thehappinessprojectlondon.wordpress.com/2010/11/29/a-guide-to-argentine-food-and-attempting-to-recreate-it-london-style/",safe
"amazon.com/Limits-Control-Various-Artists/dp/B0021BSOTU",safe
"192.com/atoz/business/dunoon-pa23/libraries/argyll-bute-library-headquarters/713fe8219666d2446f6d62c97f0a431aaadd241e/ml/",safe
"roboticempirenews.blogspot.com/2011/01/new-releaseshirt-from-isis-repress-from.html",safe
"mixed-magazine.com/modelsearch/taylor-matheny/",safe
"http://xossip.com/forumdisplay.php?s=1a0185aef96dc82d1f523a00d7134802&f=29&sort=voteavg",safe
"manta.com/c/mm3c68c/william-weintraub-attorney",safe
"jamsara.com/product_info.php?cPath=2_22&products_id=295",safe
"facebook.com/himaen",safe
"kaiserpermanentedoctors.com/",safe
"census-online.us/view/LAROCQUE/",safe
"http://ap.org/Content/Press-Release/2013/AP-unveils-extensive-upgrade-of-ENPS-broadcast-software",safe
"artscenecal.com/Announcements/1207/SJHelfen1207.html",safe
"youtube.com/watch?v=QmAYOR5ODiA",safe
"edro.wordpress.com/collapsing-cities/",safe
"skatesonthebay.com/",safe
"youtube.com/watch?v=jYiWNLv-Bgg",safe
"lonelyplanet.com/mali/bamako",safe
"en.wikipedia.org/wiki/John_Coughlin_(figure_skater)",safe
"them.com.au/",safe
"godzilla.wikia.com/wiki/Godzilla_(1954_film)",safe
"amazon.com/s?ie=UTF8&keywords=iceberg%20slim%20book&rh=i%3Aaps%2Ck%3Aiceberg%20slim%20book&page=1",safe
"lethbridgeags.theboss.net/l2.htm",safe
"recollectionbooks.com/siml/library/DonneSovversive.htm",safe
"infowars.com/british-royalty-dined-on-human-flesh/",safe
"combanktrust.com/?id=68",safe
"975kgkl.com/",safe
"mamamia07.xomba.com/colts_2010_schedule_indianapolis_colts_printable_201011_nfl_schedule",safe
"evri.com/person/etienne-boulay-0xb0dea",safe
"classicstoday.com/digest/pdigest.asp?perfidx=2316",safe
"a2z-singing-tips.com/",safe
"arcadja.com/auctions/en/koek_koek_stephen/artist/372012/",safe
"facebook.com/pages/WMBS/112421282106994",safe
"listenonline24.com/listen/Wild_Country_965",safe
"groups.google.com/group/alt.conspiracy.jfk/browse_thread/thread/885ffad05b486021",safe
"examiner.com/family-entertainment-in-kansas-city/maria-roth",safe
"bleacherreport.com/articles/287595-maurice-mad-dog-vachon-at-the-hall-of-fame",safe
"tripadvisor.com/Hotel_Review-g616096-d2049310-Reviews-Chambre_d_hotes_l_Argonne-Cheverny_Loire_Valley_Centre.html",safe
"ancensored.com/celebrities/joanne-vannicola",safe
"amazon.com/s?ie=UTF8&keywords=Billie%20Joe%20Armstrong&rh=n%3A283155%2Ck%3ABillie%20Joe%20Armstrong&page=1",safe
"ebay.com/sch/i.html?_nkw=Steve+Hosey",safe
"alsgaypornstars.com/tlattimore.html",safe
"findagrave.com/php/famous.php?page=gSearch&page=gSearch&globalSearchCriteria=ethel+bradley",safe
"the-borgias.c0sm.org/index.php?cast=francoisarnaud",safe
"billbrandt.com/",safe
"en.wikipedia.org/wiki/Raymond_Eudes",safe
"absoluteastronomy.com/topics/2005_National_League_Division_Series",safe
"http://qz.com/391797/china-is-building-a-great-wall-of-trees-to-fight-climate-change-and-the-encroaching-gobi-desert/",safe
"wikitravel.org/en/Universal_City",safe
"geology.com/state-map/washington.shtml",safe
"myspace.com/randalmortonbanjo",safe
"rapidog.com/nikki-yanofsky-i-believe-rapidshare.html",safe
"stats.wikimedia.org/WA/TablesWikipediaSL.htm",safe
"http://distractify.com/post/related/id/5550e8214a0c4be24b84eae4/skip/30/limit/10/back/0",safe
"wordiq.com/definition/Football_Association_of_Wales",safe
"shared.web.emory.edu/whsc/news/releases/2011/07/childrens-healthcare-of-atlanta-and-emory-receive-4m-gift--from-the-zeist-foundation.html",safe
"ilike.com/artist/Sampaguita",safe
"metacafe.com/watch/4198520/joe_goulds_secret_movie_trailer/",safe
"linkedin.com/pub/steve-alford/5/8b1/613",safe
"jfkairportguide.com/arrivals-departures.html",safe
"cduniverse.com/productinfo.asp?pid=7613770",safe
"http://thenextweb.com/google/2014/10/01/google-announces-10-price-cut-compute-engine-instances-google-drive-passed-240m-active-users/gtm.js",safe
"amazon.com/Bicycling-Blue-Ridge-Skyline-Parkway/dp/0897325613",safe
"http://mic.com/articles/115884/stoners-rejoice-mc-donald-s-is-making-your-all-day-breakfast-dreams-come-true",safe
"videosurf.com/video/xxx-porn-xxx-'starwars-pussy'-81105559",safe
"youtube.com/watch?v=08UnhDQ4mEs",safe
"examiner.com/comic-book-movies-in-national/robert-downey-jr-jon-favreau-open-up-about-iron-man-3",safe
"videolala.com/actors/Ernest_Truex",safe
"mahalo.com/riley-keough/",safe
"truefire.com/forum/archive/index.php/t-4257.html",safe
"spokeo.com/Geoffrey+Mann",safe
"nl.linkedin.com/pub/mariette-van-stralen/20/831/419",safe
"prohockeyfr.com/Junior/Memorial_Cup.htm",safe
"stanford.edu/group/auden/cgi-bin/auden/individual.php?pid=I11550&ged=auden-bicknell.ged",safe
"local.yahoo.com/info-11206060-mosholu-montefiore-community-center-bronx",safe
"prnewswire.com/news-releases/rbc-capital-markets-names-european-ceo-and-coo-127719283.html",safe
"last.fm/music/Trans-X",safe
"havenmaine.wikia.com/wiki/Audrey_Parker",safe
"mapquest.com/maps?address=501+Conant+St&city=Maumee&state=OH&zipcode=43537",safe
"charm.net/~edrtjd/kids/alcott.htm",safe
"jwaad.com/fantasia.htm",safe
"veromi.com/Steve-Busby.aspx",safe
"bishopclark.org/index.php?link=bishop",safe
"facebook.com/people/Caroline-Ouellette/508085920",safe
"aljazeera.com/sport/football/2011/09/201193016111947823.html",safe
"heartofamericahs.org/success/success.php",safe
"linkedin.com/pub/ronald-palmer/b/24a/a60",safe
"iplocationscript.com/",safe
"pipl.com/directory/people/Kentucky/Fried%2520Theatre",safe
"techmaxi.com/full-meaning-of-rms-6117/",safe
"en.wikipedia.org/wiki/1953_NCAA_Men%27s_Division_I_Basketball_Tournament",safe
"legacy.com/obituaries/timesdispatch/obituary.aspx?n=oliver-petrini&pid=141673347",safe
"http://motthegioi.vn/thu-choi/se-co-10-chiec-du-thuyen-5-sao-tren-vinh-nha-trang-trong-2015-185162.html",safe
"pipl.com/directory/name/Sarbib",safe
"amazon.com/Neuroscience-Mathematical-Primer-Alwyn-Scott/dp/0387954023",safe
"usa-people-search.com/Find-Scott-Archibald.aspx",safe
"actramontreal.ca/",safe
"pbs.org/wnet/religionandethics/episodes/june-12-2009/american-jews-and-israel/3248/",safe
"articles.nydailynews.com/2011-06-03/gossip/29631800_1_olivia-wilde-tao-ruspoli-bradley-cooper",safe
"rentals.com/Ohio/Columbus/",safe
"mediafire.com/?jtvir87n69ud3dx",safe
"monroetrojanhockey.com/ccm-ice/",safe
"ca.linkedin.com/pub/catherine-dorion/13/955/10",safe
"nndb.com/people/422/000079185/",safe
"smartlanka.net/ACT/",safe
"marketwire.com/press-release/Logibec-Groupe-Informatique-Ltd-Growth-Recurring-Revenue-Canada-United-States-TSX-LGI-1258598.htm",safe
"gptours.com/German-Grand-Prix",safe
"en.goldenmap.com/University_of_Pretoria",safe
"bitsnoop.com/cbft-e4-repertoire-sam-collins-q7135783.html",safe
"lnmlicensing.com/",safe
"maggiesartwork.webspace.virginmedia.com/",safe
"ca.local.yahoo.com/results?stx=hydro%20quebec&csz=Montr%C3%A9al%2C%20QC",safe
"bridgetmcdonnellgallery.com.au/dargie-william/",safe
"allposters.com/-st/Connie-Begg-Posters_c36773_.htm",safe
"michiganvotes.org/Legislator.aspx?ID=27278",safe
"mbbnet.umn.edu/hoff/perrizo/index.html",safe
"orangeparent.org/",safe
"mcgill.ca/mcrtw/awards/undergrads/",safe
"aspecialthing.com/",safe
"en.wikipedia.org/wiki/Olivier_Lontchi",safe
"ez-tracks.com/showArtists-OrigArtist-Miley%20Cyrus.html",safe
"ripoffreport.com/Search/Company/Pivotal-Payments.aspx",safe
"ca.linkedin.com/pub/david-wilkins/6/671/14B",safe
"http://bdnews24.com/bangladesh/2015/05/12/three-awami-league-backed-councillor-aspirants-declared-winners-after-re-polls",safe
"imdb.com/title/tt0084787/",safe
"benlongfrescotrail.org/",safe
"hydroquebec.com/learning/histoire/pop_godbout.html",safe
"homepages.rootsweb.ancestry.com/~walsh/nesta.html",safe
"brainyquote.com/quotes/authors/b/bruno_walter.html",safe
"iknow-cornwall.co.uk/attractions/70269-dairyland_farm_world-summercourt.htm",safe
"lyrics.com/dirt-lyrics-alice-in-chains.html",safe
"nuvospa.com/",safe
"waatp.nl/people/dimitri-taes/",safe
"benbabylonnumber1.blogspot.com/",safe
"stateparks.com/jefferson_lake.html",safe
"myspace.com/phyllis_diller",safe
"booking.com/hotel/jp/sheraton-miyako-tokyo.en.html",safe
"indianamat.com/messageboard/index.php?action=printpage;topic=11351.0",safe
"jasonballmusic.com/",safe
"fantasyknuckleheads.com/2011-fantasy-baseball-oakland-athletics-team-analysis/",safe
"legacy.com/obituaries/mansfieldnewsjournal/obituary.aspx?n=kenneth-fraser&pid=153363545",safe
"imdb.com/company/co0105063/",safe
"http://torcache.net/torrent/73353BF5B239B2FD1401BF51654209709C15F222.torrent?title=[kickass.to]billboard.hot.100.singles.chart.11.april.2015.itake.glodls",safe
"46eqez.blogspot.com/2011/05/charlene-tilton-now.html",safe
"http://rocketnews24.com/tag/%e3%83%8f%e3%83%aa%e3%83%bc%e3%83%bb%e3%83%9d%e3%83%83%e3%82%bf%e3%83%bc/",safe
"datpiff.com/CHRIS-BROWN-Rnb-Select-Vol-1-mixtape.262129.html",safe
"dubbs.bandcamp.com/album/the-mad-hatter-of-rap",safe
"goby.com/historic-sites--near--san-francisco-ca",safe
"netflix.com/Movie/Jesse-Stone-Innocents-Lost/70189293",safe
"tvtropes.org/pmwiki/pmwiki.php/Main/EricVale",safe
"andreacevedo.wordpress.com/",safe
"highbeam.com/doc/1N1-0EB77216674A89B5.html",safe
"flymkc.com/",safe
"pbfco.com/",safe
"fanpix.net/gallery/kelly-blatz-pictures.htm",safe
"ckuik.com/Umberto_Tozzi",safe
"spoke.com/info/pEiPJx5/TerriTolson",safe
"desivideonetwork.com/view/ewajq9l28/kabhi-alvida-na-kehna-title-song-full-video-shahrukh-khan/",safe
"http://500px.com/photo/84057263/%C3%89glise-notre-dame-de-pellevoisin-de-lille-by-p-olivier?from=upcoming&only=City+%26+Architecture",safe
"local.fayettetribune.com/beckley+wv/nightclubs.zq.html",safe
"gaebler.com/KPRS%2DFM-MO-Radio-Advertising-Costs++16612",safe
"mylife.com/odetteleveille",safe
"chuckjones.com/artists/friz_freleng.php",safe
"biographi.ca/009004-119.01-e.php?BioId=42046",safe
"keralapscguide.wordpress.com/category/today-in-history/",safe
"en.wikisource.org/wiki/Constitution_of_the_People%27s_Republic_of_China",safe
"facebook.com/people/Serge-Bonnet/1202864917",safe
"pastorsteveweaver.wordpress.com/2008/05/10/expository-preaching-conference-with-steve-lawson-and-john-macarthur/",safe
"starpulseonline.com/celebrity/adrienne-bailon/news",safe
"wn.com/Guerra_De_Corea",safe
"live-baseball.net/live-streaming-oakland-athletics-vs-texas-rangers-11-september-2011/",safe
"fanbase.com/photo/399423",safe
"ca.ratemyteachers.com/college-de-levis/37713-s/2",safe
"people.famouswhy.com/venus_terzo/",safe
"sneathstrilchuk.com/andrew-miller/",safe
"machetepremiumcuts.bigcartel.com/",safe
"zimbio.com/Shemar+Moore+Wife",safe
"movies.yahoo.com/movie/contributor/1800017412/bio",safe
"http://ap.org/Content/AP-In-The-News/2012/In-case-you-missed-it-AP-journalists-in-and-on-the-news-052112",safe
"http://slickdeals.net/f/7855315-amazon-mom-member-only-various-pampers-diapers-and-pull-ups-from-0-09-to-0-20-diaper-after-coupon-and-the-gift-card",safe
"musicstack.com/album/eagles/hell+freezes+over",safe
"http://caixa.gov.br/empresa/credito-financiamento/credito-rural/investimentos-pronamp-cooperativas/Paginas/default.aspx",safe
"http://stackoverflow.com/questions/30226153/how-to-validate-uploaded-file-in-relate-model-in-asp-net-mvc",safe
"realestate.canada.oodle.com/view/superb-condo-in-little-italy-montreal/2709707681-montreal-qc/",safe
"driversoftware.com/businesses.php/eicon-technology-drivers/4753",safe
"dogsey.com/showthread.php?t=72452&page=10",safe
"wiki.answers.com/Q/Who_were_the_original_los_angeles_rams_cheerleaders",safe
"mylife.com/claudehallee",safe
"eurohockey.com/stats/league/2012/133-ebel.html?nationality=CAN",safe
"series-80.net/us/actor/biography/elaine-joyce.html",safe
"facebook.com/lloyd.church",safe
"mylife.com/oiseikpefan",safe
"co-op.concordia.ca/co-opprograms/johnmolsonschoolofbusiness/",safe
"pianofiles.com/search/music/sheets/sora's+theme",safe
"cuieagles.com/",safe
"spoke.com/info/p6KJQjp/JayMalinowski",safe
"btb.gc.ca/btb.php?lang=eng&cont=1383",safe
"nuit-blanche.blogspot.com/2011/10/q-with-marco-duarte-and-dror-baron.html",safe
"dictionary.sensagent.com/liste+historischer+schiffe+der+royal+navy/de-de/",safe
"veromi.com/Ellen-Greenberg.aspx",safe
"music.uk.msn.com/news/noel-gallagher-video-impresses-fans-1",safe
"umontreal.academia.edu/JocelynFaubert/Papers/229601/Visual_Function_Assessment_and_Metamorphopsia_After_Macular_Hole_Surgery_",safe
"uk.ask.com/wiki/Thomas_White",safe
"facebook.com/OpalCarew",safe
"flickr.com/photos/41976766@N00/4380843394/",safe
"advocacy-center.org/Contents/ATRC_Programs-IREX-KCSP_Grantee%20List.htm",safe
"mylife.com/eastman17",safe
"http://tobogo.net/cdsb/board.php?board=knowhow&bm=view&no=978&category=&auth=&page=1&search=&keyword=&recom=",safe
"http://depositphotos.com/search.html?st=0&image=1&vector=0&video=0&sorting=best_match&editorial_only=1&editorial_exclude=0&orientation=all&search_size=all&limit=60&nudity=0&query=shirts",safe
"ebay.com/sch/michel_bourgeau/m.html",safe
"manta.com/c/mmcdqky/lily-co",safe
"sportsoverdose.com/nhl-players/roberto-luongo",safe
"kysu.edu/",safe
"ohioweblibrary.org/",safe
"http://torcache.net/torrent/D44B84470AF3F6BF713CF87FD7A323690C1D7F7A.torrent?title=[kickass.to]baby.2015.hindi.720p.hdrip.x264.aac.hon3y",safe
"hsgalleries.com/gallery04/p40nlc_1.htm",safe
"discogs.com/artist/Earl+Hines",safe
"http://torcache.net/torrent/2738FFAAC0488D2B4838AC558D2B636D80712449.torrent?title=[kickass.to]penny.dreadful.s01e02.xvid.ajaxen",safe
"humanresources.slco.org/",safe
"bronteblog.blogspot.com/2011/09/jane-eyre-2011-review.html",safe
"wwaytv3.com/county/pender_county",safe
"http://olx.co.id/i2/elektronik-gadget/handphone/oppo/elektronik-gadget/handphone/oppo",safe
"jobtrio.com/site-maps/california/torrance/general-contractors/",safe
"http://espn.go.com/blog/collegebasketballnation/post/_/id/107216/looking-ahead-maryland-terrapins",safe
"yelp.com/biz/miyako-hotel-los-angeles",safe
"golflink.com/golf-courses/city.aspx?dest=Albany+GA",safe
"content.usatoday.com/topics/topic/Conrad+Black",safe
"http://mylust.com/videos/69367/busty-girlfriend-humps-passionately-on-a-hard-dick-of-her-beloved-bf/",safe
"duotrope.com/market_4031.aspx",safe
"cinematreasures.org/theaters?status=open",safe
"descendantsdepierrelefebvre.blogspot.com/2008/08/marie-parent.html",safe
"acronyms.thefreedictionary.com/Bank+of+Africa-Benin",safe
"valpoathletics.com/mbasketball/news/150/10870/",safe
"tvguide.com/celebrities/tod-fennell/274581",safe
"goodreads.com/book/show/22207.Lullabies_for_Little_Criminals",safe
"btjunkie.org/torrent/Malcolm-and-Eddie-Season-3/4358def87b3c55eb90e65f12d8390889852299fe663b",safe
"sports.espn.go.com/ncf/news/story?id=5455421",safe
"greenwood-centre-hudson.org/storyfest-partners.html",safe
"peabodysmith.com/our-team/",safe
"http://twitter.com/home?status=%E3%83%8C%E3%81%91%E3%82%8B%EF%BC%81%E3%80%90%E3%82%B3%E3%82%B9%E3%83%97%E3%83%AC%E3%83%BB%E5%88%B6%E6%9C%8D%E7%B3%BB%E3%80%91+http%3A%2F%2Fero-video.net%2Ft%2Fpg64Fu5upcjytRzR+%E6%B7%AB%E4%B9%B1%E3%82%B9%E3%83%83%E3%83%81%E3%83%BC%E6%9C%AC%E6%B0%97%E5%BA%A6%EF%BC%91%EF%BC%90%EF%BC%90%EF%BC%85%E3%81%94%E5%A5%89%E4%BB%95+%23ero+%23douga+%23agesage",safe
"slideball.blogspot.com/",safe
"allstarpics.net/pic-gallery/david-julian-hirsh-pics.htm",safe
"yasni.com/john+barkley/check+people",safe
"onemetal.com/2010/07/16/ion-dissonance-cursed/",safe
"casacenina.com/mill-hill/03041-white-opal-inside-color.html",safe
"en.wikipedia.org/wiki/Blindness_(film)",safe
"jigsaw.com/scid1215853/tom_fitzsimmons.xhtml",safe
"familytreeassistant.com/surnames/surnames.php?surname=Scott",safe
"sbccfilmreviews.org/?p=9276",safe
"encyclopedia2.thefreedictionary.com/Georgia+(disambiguation)",safe
"zimmeril.com/site.asp?site_id=25",safe
"imdb.wikia.com/wiki/Martial_arts_choreographer",safe
"uclabruins.com/sports/m-baskbl/mtt/lavin_steve00.html",safe
"amazon.co.uk/Cat-Canary-VHS-Bob-Hope/dp/B0000V6S5U",safe
"filmmusicmag.com/?p=7994",safe
"bsiarchivalhistory.org/BSI_Archival_History/Clendening.html",safe
"movies.msn.com/movies/movie-cast-and-crew/little-caesar/",safe
"actiontheatrics.com/",safe
"findagrave.com/cgi-bin/fg.cgi?page=gr&GRid=6027146",safe
"yellowpages.com/kansas-city-mo/kshb-tv-ch41",safe
"ville.perce.qc.ca/?id=2&titre=Town_of_perce",safe
"blogs.courant.com/stan_simpson/2009/01/rush-limbaugh-backpedals-on-ba.html",safe
"jigsaw.com/20110306_20110312_j_2/recently_added_contacts.xhtml",safe
"passagesmb.com/30days_details.cfm?cID=1&endate=08/02/11",safe
"http://stackoverflow.com/questions/30226137/how-to-get-the-check-rule-constraint?answertab=active",safe
"fanpix.net/gallery/carol-forman-pictures.htm",safe
"gradeamathhelp.com/math-jeopardy.html",safe
"videosurf.com/Celebrities/FA",safe
"websters-online-dictionary.org/definition/duchess",safe
"eastbayproperty.com/",safe
"succession-retirement.com/",safe
"search.espn.go.com/figure-skating/articles/9",safe
"wysinger.homestead.com/kushbio.html",safe
"http://variety.com/2015/scene/vpage/dakota-fanning-talks-corsets-courage-and-collaborating-with-emma-thompson-on-effie-gray-1201463443/",safe
"imdb.com/name/nm0598748/",safe
"downloadkeeper.com/lavalys-everest-cpuid-crack-serial-download.html",safe
"tv.com/people/billie-joe-armstrong/trivia/",safe
"archiver.rootsweb.ancestry.com/th/read/DAWSON/2007-05/1179080707",safe
"keywiki.org/index.php/Ella_Baker_Center_for_Human_Rights",safe
"centr-zlatoust.ru/index.php?name=biblioteka&id=689",safe
"travelingluck.com/North%20America/Mexico/Chihuahua/_3983315_Saucillo.html",safe
"facebook.com/broadstthockey?sk=wall",safe
"eventful.com/southbristol/events/thompson-ice-house-ice-harvest-/E0-001-028115547-2",safe
"music.yahoo.com/simple-plan/albums/perfect-canada-cd--192641709",safe
"documentaries.about.com/od/documentarydirectors/Featured_Filmmakers.htm",safe
"vodpod.com/watch/2888167-beyonce-single-ladies-put-a-ring-on-it-official-video",safe
"sovereignkingpca.net/",safe
"youtube.com/watch?v=9pEjEPT-rK4",safe
"http://thechive.com/2015/05/13/the-indulgent-treats-you-can-make-within-a-muffin-tin-20-photos/",safe
"http://plarium.com/it/giochi-di-strategia/stormfall-age-of-war/notizie/nuova-funzione-accelerazioni/",safe
"dentistcolumbusohio.com/",safe
"joshholloway-online.com/",safe
"myspace.com/foufounes",safe
"rootsweb.ancestry.com/~tngenny1/crocket2.html",safe
"militaryaviationmuseum.org/events/royal-wedding-reception",safe
"amazon.com/Quo-Vadis-Defiant-Indoctrination-3DVD/dp/B000GBBTIA",safe
"amazon.com/Albany-Texas-Coloring-Book-Coolest/dp/1931721351",safe
"youtube.com/watch?v=CIeAtcaarHo",safe
"people.famouswhy.com/dave_simmons/",safe
"amazon.com/Rob-Neyers-Book-Baseball-Lineups/dp/0743241746",safe
"linkedin.com/in/stanleymiller1",safe
"lcsc.edu/business/",safe
"anglers-adventures.com/",safe
"http://diply.com/diply-news/suicide-bomb-attacks-in-yemen-mosques-kills-dozens-hundreds-injured/106124",safe
"home.insightbb.com/~daveschmidt/hockey/sreportcollegeecacnorthe06.htm",safe
"http://hollywoodlife.com/2015/05/06/zendaya-crop-top-skirt-instagram-picture-material-girl-outfit/",safe
"us-city-home.com/missouri/belton/whats_around/military_installation/Marine_Corps_Reserve_Support_Command_Kansas_City-7267556.html",safe
"greenecountyiowa.com/",safe
"everywritersresource.com/pinsky.html",safe
"en.wikipedia.org/wiki/Joe_Bowman",safe
"linkedin.com/pub/dir/Jerry/Tremblay",safe
"movies.nytimes.com/person/6588/Pamela-Blake/filmography",safe
"en.wikipedia.org/wiki/Category:Shawinigan_Cataractes_alumni",safe
"eastmans.com/",safe
"thefreelibrary.com/Fort+Wayne.-a0158734399",safe
"kcathomedads.blogspot.com/2009/10/activity-ghost-tours-john-wornall-house.html",safe
"drs.wa.gov/",safe
"electronichouse.com/article/iriver_cuts_holiday_prices/C52",safe
"transportmedia.co.uk/",safe
"census-info.us/show/HYMER/",safe
"amazon.com/Offside-American-Exceptionalism-Andrei-Markovits/dp/069107447X",safe
"daliawood.com/",safe
"tvrage.com/person/id-354494/Garrett+Backstrom",safe
"youtube.com/watch?v=Jiz2PENJAvk",safe
"thefreedictionary.com/cleric",safe
"http://babal.net/books/view/267/%D9%85%D8%B0%D9%83%D8%B1%D8%A7%D8%AA-%D8%B6%D8%A7%D8%A8%D8%B7-%D8%B9%D8%AB%D9%85%D8%A7%D9%86%D9%8A-%D9%81%D9%8A-%D9%86%D8%AC%D8%AF",safe
"facebook.com/pages/Biutiful/106138879424649",safe
"order-and-chaos.wowstead.com/",safe
"whosdatedwho.com/tpx_14861/gray-o-brien/",safe
"theatermania.com/san-francisco/news/09-2010/leslie-jordan-janis-paige-stefanie-powers-judy-ten_30327.html",safe
"filmjournal.com/filmjournal/content_display/reviews/major-releases/e3i9d37a0da6b1152e39ad953d08f8e5eec",safe
"swordforum.com/forums/showthread.php?65223-Did-I-Do-the-right-thing-Called-Rob-Criswell",safe
"bestzilla.com/J/Jayne_Heitmeyer/",safe
"tvguide.com/celebrities/billie-joe-armstrong/205724",safe
"newbern.northcarolina.us.mymotels.com/",safe
"lakearrowhead.com/lahistory.html",safe
"ovguide.com/tv_episode/the-wayans-bros-season-3-episode-4-gots-to-have-a-job-114906",safe
"http://dantri.com.vn/thu-thuat/nhung-ung-dung-tim-dia-diem-an-choi-danh-cho-nguoi-thich-du-lich-1065624.htm",safe
"homepages.rootsweb.ancestry.com/~lheureux/lh1/d0108/g0000046.html",safe
"travel.usnews.com/Montreal_Canada/Pictures/Casino_de_Montreal_235/",safe
"archiver.rootsweb.ancestry.com/th/read/TRUDELL/2003-02/1046029481",safe
"kansascity.com/2011/11/04/3247343/review-james-galway-brilliant.html",safe
"brennanfraser.com/",safe
"culturemob.com/naked-katy-perry-and-will-cotton-make-california-candy",safe
"fandango.com/bobbejthompson/filmography/p390067",safe
"jptscareband.com/",safe
"query.nytimes.com/gst/abstract.html?res=9A03E4DD1038EE3BBC4153DFBE668383669FDE",safe
"vitals.com/doctors/Dr_James_Schall.html",safe
"sourceforge.net/projects/s60dosbox/forums/forum/923675/topic/3259745",safe
"asiaenvironmentalpartners.com/",safe
"vintagekansascity.com/100yearsago/labels/hypnosis.html",safe
"facebook.com/pages/The-Thomas-G-Labrecque-Foundation/101723758260",safe
"interceder.net/topic/Ben-Mulroney",safe
"bloody-disgusting.com/news/26975",safe
"examiner.com/sf-in-san-francisco/bay-area-tv-hottie-takes-sf-by-storm-ktvu-s-rising-anchor-gasia-mikaelian",safe
"icelebz.com/celebs/joely_fisher/",safe
"fondation-langlois.org/html/e/page.php?NumPage=1834",safe
"wikinfo.org/index.php/Republican_Party_(United_States)",safe
"saugeentimes.com/",safe
"beenverified.com/p/charles+curtiss",safe
"hollywoodreporter.com/news/starz-digital-media-renews-filmtv-171981",safe
"cantonese-tutorials.110mb.com/",safe
"cnn.com/WORLD/9510/canada/10-29/question.html",safe
"superiorpics.com/ronan_keating/",safe
"watchmoviee.net/free-online-movies/watch-la-brunante-2007-online-free",safe
"ftvdb.bfi.org.uk/sift/title/171844",safe
"rivals.yahoo.com/ncaa/football/recruiting/player-Chris-Leak-9027",safe
"rottentomatoes.com/celebrity/jeannie_elias/",safe
"au.linkedin.com/pub/mike-harley/2/B26/362",safe
"livestrong.com/article/350454-joe-weider-biography/",safe
"landwatch.com/South_Carolina_land_for_sale/Spartanburg_County",safe
"highbeam.com/doc/1G1-65014620.html",safe
"dictionary.sensagent.com/julie/fr-fr/",safe
"answers.com/topic/bordeaux",safe
"http://buzzfil.net/article/5688/photo-look/20-tatouages-sous-forme-de-dentelle-tres-sensuelle-3.html?href=inner_website",safe
"lowercolumbia.edu/community/art-and-entertainment/northwest-voices/",safe
"http://censor.net.ua/photo_news/334973/na_luganschine_vdol_avtodorogi_bahmutka_prodoljaetsya_stroitelstvo_fortifikatsionnyh_soorujeniyi_moskal",safe
"tricyclefetish.com/ccm.php",safe
"blackburnfoundationhorses.com/mares.htm",safe
"en.wikipedia.org/wiki/King_Edward_Stakes",safe
"canvaz.com/place/m/maskell.htm",safe
"lowelldevilshockey.com/",safe
"en.wikipedia.org/wiki/1983_NHL_Entry_Draft",safe
"http://babal.net/photos/53/%D8%AE%D9%84%D9%81%D9%8A%D8%A7%D8%AA-%D8%A8%D9%86%D8%A7%D8%AA",safe
"ca.sports.yahoo.com/nhl/teams/cgy/stats",safe
"legacy.com/obituaries/washingtonpost/obituary.aspx?n=harold-a-greenberg&pid=150127910",safe
"usmilitary.about.com/od/airforce/l/blafsong.htm",safe
"alacrastore.com/mergers-acquisitions/Eicon_Technology_Corp-1080083",safe
"amazon.com/Cyclops-Blu-ray-Eric-Roberts/dp/B002QVFOPC",safe
"aspenbaycandles.com/category1.php?cid=5",safe
"classictvads.com/margaret_1.shtml",safe
"gohabs.com/retired.htm",safe
"juggle.com/basketball/basketball-players/-82",safe
"manpaper.com/ViewCelebInfo_1363.html",safe
"http://rocketnews24.com/2009/05/14/%e3%80%8e%e6%97%a5%e6%9c%ac%e6%b5%b7%e8%a1%a8%e8%a8%98%e3%81%afnyt%e3%81%ae%e9%81%8e%e3%81%a1%e5%ba%83%e5%91%8a%e3%80%8f-%e3%81%8c%e9%ba%bb%e7%94%9f%e9%a6%96%e7%9b%b8%e3%82%92%e5%a7%8b%e3%82%81-192/",safe
"macongeorgia.com/",safe
"http://distractify.com/post/related/id/54f092ad4a0c4b5e02106aad/skip/10/limit/10/back/0",safe
"dbpedia.org/class/yago/Person100007846",safe
"absoluteastronomy.com/topics/Richard_Tallman",safe
"onlinesportshandicapping.com/news-262/football-picks/100710-nebraska-vs-kansas-state-2010-college-football-predictions.html",safe
"bestuff.com/stuff/ueda-tatsuya",safe
"depositaccounts.com/banks/srp-cu.html",safe
"companieshouseireland.blogspot.com/",safe
"myspace.com/smahiai/blog",safe
"spartannation.com/2011/04/20/dane-fife-named-michigan-state-men%e2%80%99s-basketball-assistant-coach-by-tom-izzo/",safe
"home.sprintmail.com/~michaelthalman/photos/nwstrans.htm",safe
"pacebus.com/",safe
"http://thenextweb.com/apps/2015/05/12/firefox-38-brings-ui-tweaks-on-android-and-support-for-playing-protected-video-content-on-the-desktop/",safe
"mylife.com/c-2551547922",safe
"merlin.wikia.com/wiki/John_Hurt",safe
"en.wikipedia.org/wiki/Kevin_Hardy_(defensive_tackle)",safe
"youtube.com/watch?v=rZ5PRjVe3dw",safe
"linkedin.com/pub/dir/jack/patton",safe
"thepiratebay.org/torrent/4134578/The_films_of_Kenneth_Anger_-_vol_1_(1947-1954)____DVD9",safe
"superhighstreet.com/tbc/madison-avenue-new-york.shtml",safe
"fontshop.com/fonts/designer/",safe
"youtube.com/watch?v=WbhqJaLY5xs",safe
"flickr.com/photos/fotoproze/3332454251/",safe
"kino.com/daysofbeingwild/essay.html",safe
"howmanyofme.com/people/Kenneth_Tobey/",safe
"tokyohairstyles.blogspot.com/2009/11/japanese-idol-aiba-masaki.html",safe
"greenscene.me/2011/03/steven-beattie-on-trial-with-puerto-rico-islanders/",safe
"http://serverfault.com/questions/338237/remote-desktop-server-always-showing-login-screen",safe
"http://stackoverflow.com/questions/8009467/how-to-replace-an-item-between-two-delimiters-in-textwrangler",safe
"vacationsbyrail.com/usa/amtrak_vacations/amtrak_info/missouri_services/",safe
"lowellfive.com/",safe
"ticketluck.com/concert-tickets/Oakland-East-Bay-Symphony/index.php",safe
"sec.edgar-online.com/equity-media-holdings-corp/10-k-annual-report/2008/03/31/section46.aspx",safe
"source.theengineer.co.uk/measurement-quality-control-and-test/force-strain-and-speed-testing/pressure-sensors/emerson-opens-rosemount-solution-centre/344050.article",safe
"http://plarium.com/de/strategiespiele/stormfall-age-of-war/news/redgar-der-unbeugsame/",safe
"realscreen.com/2010/05/19/bunimmurrayjon-20100519/",safe
"bookfinder.com/author/hubert-reeves/",safe
"encyclopedia2.thefreedictionary.com/rangefinder",safe
"facebook.com/pages/Fat-Tone/112804478732565",safe
"en.goldenmap.com/Sporting_Cristal",safe
"rivals.yahoo.com/ncaa/basketball/players/88829",safe
"dogfederationofnewyork.blogspot.com/",safe
"http://tunein.com/radio/Europe-r101217/15480783/ca-pub-1542925551861702/TuneInSearch",safe
"britannica.com/EBchecked/topic/653957/Lester-Young",safe
"soccerchris.com/2010/06/09/chicago-fire-super-y-league-tryouts-to-be-held-june-17/",safe
"http://techcrunch.com/2015/05/12/mozilla-launches-a-new-firefox-version-without-drm-support/",safe
"lyrics007.com/Foxboro%20Hot%20Tubs%20Lyrics/Stop%20Drop%20And%20Roll%20Lyrics.html",safe
"canada-heros.com/arbour_louise.html",safe
"hockeydb.com/vb/printthread.php?t=8432&page=6&pp=12",safe
"nesn.com/2011/02/worcester-sharks-coach-roy-sommer-continues-coaching-with-bloody-broken-nose.html",safe
"goinnativerecords.com/",safe
"en.wikipedia.org/wiki/Shawn_Drover",safe
"tcpca.org/node/1007",safe
"http://mylust.com/videos/49304/slutty-arab-bbw-whore-with-nasty-teeth-kneads-her-bigguns-while-i-fuck-her-mish/",safe
"classicmoviemusicals.com/actorsv.htm",safe
"atlasshrugs2000.typepad.com/atlas_shrugs/2010/09/-fbi-raids-homes-of-anti-war-activists-and-hatem-abudayyeh-executive-director-of-the-arab-american-a.html",safe
"fpgatechnologies.com/",safe
"zillow.com/homedetails/708-Leonards-Way-Argusville-ND-58005/2127949117_zpid/",safe
"simplemachines.net/liquorice.html",safe
"en.wikipedia.org/wiki/Francoise_Doherty",safe
"lumal.com/commercial/Culture/tv-films.html",safe
"nelsonmadisonfilms.com/",safe
"pophistorydig.com/?tag=vanity-fair-miguel-covarrubias",safe
"gopsusports.com/sports/m-footbl/mtt/cadogan_nate00.html",safe
"virtualtourist.com/travel/North_America/United_States_of_America/New_York_State/New_York_City-841252/Things_To_Do-New_York_City-TG-C-1.html",safe
"boards.ancestry.netscape.com/surnames.lapoint/3.37/mb.ashx",safe
"reagan.utexas.edu/archives/textual/smof/buckalew.htm",safe
"wistv.com/Global/story.asp?S=13673239",safe
"deepazworld.blogspot.com/",safe
"mylife.com/heather-santanen",safe
"ausbcomp.com/~bbott/cowley/Oldnews/Papersup/repub4.htm",safe
"blackinformant.com/remember/black-achievement-in-the-shadow-of-slavery-boley-oklahoma",safe
"metalodyssey.wordpress.com/2011/08/06/between-the-buried-and-me-to-headline-2011-saints-sinners-tour-beginning-october-27th/",safe
"http://hollywoodlife.com/2015/05/13/kylie-jenner-tyga-getting-married-too-young-secret-engagement-report/",safe
"whptv.com/weather/default.aspx",safe
"powerplantjobs.com/ppj.nsf/powerplants1?openform&cat=wv&Count=500",safe
"relatingtodogs.com/about-dogs/Fictional_dogs.html",safe
"drugsense.org/mcwilliams/www.marijuanamagazine.com/toc/addictiv.htm",safe
"tutorgig.com/ed/Long_Beach%2C_California",safe
"facebook.com/craig.clouston1",safe
"myspace.com/bestcomedymovies",safe
"ethixmerch.com/blog/fair-trade-usa-vs-europe",safe
"sporting-heroes.net/rugby-heroes/displayhero.asp?HeroID=5911",safe
"torrentreactor.net/search.php?search=2&words=gainsbourg-vie-heroique&lang=",safe
"nme.com/artists/ron-kenoly",safe
"jcbikeclub.org/index.php?option=com_content&view=article&id=148:paseo-bridge-groundbreaking&catid=30:advocacy&Itemid=73",safe
"scottmunsonmusic.com/news/music-in-film-another-earth-soundtrack/",safe
"celebrityseats.com/venue/dunsmuir-house-tickets.html",safe
"en.wikipedia.org/wiki/2010%E2%80%9311_Gonzaga_Bulldogs_men%27s_basketball_team",safe
"enotes.com/to-kill-a-mockingbird/q-and-a/how-does-scouts-character-develop-throughout-story-254022",safe
"https://www.gov.uk/government/publications/how-national-and-official-statistics-are-assured",safe
"freepages.genealogy.rootsweb.ancestry.com/~devalter/Audoir/dat360.htm",safe
"answers.com/topic/motor-vehicle",safe
"facebook.com/people/Suzanne-Perron/715574931",safe
"videosurf.com/monique-gabrielle-34492",safe
"nme.com/artists/serge-fiori",safe
"http://allegro.pl/show_item.php?item=5314215355&sh_dwh_token=d0b6dd74a8394345128e20d296cb1c5e",safe
"americaswealthmanagementshow.com/kansascity/",safe
"https://twitter.com/home?status=%E3%83%8C%E3%81%91%E3%82%8B%EF%BC%81%E3%80%90%E5%B7%A8%E4%B9%B3%E3%80%91+http%3A%2F%2Fero-video.net%2Ft%2FXUDDbh8TIofG7VSI+%E3%83%9E%E3%83%B3%E3%82%B7%E3%83%A7%E3%83%B3%E3%81%AE%E3%83%99%E3%83%A9%E3%83%B3%E3%83%80%E3%81%8B%E3%82%89%E8%A6%97%E3%81%8D%E8%A6%8B+%23ero+%23douga+%23agesage",safe
"friendseat.com/restaurants/Philadelphia/Franco--Luigis",safe
"snooth.com/wine/le-bourcier-macon-cuvee-elena-2009/",safe
"zoominfo.com/people/Villapiano_Phil_152501629.aspx",safe
"spoke.com/info/pEy8atm/GregoryMilmoeEsq",safe
"linkedin.com/pub/caryl-alarcon/6/269/415",safe
"jcs-group.com/military/war1775mother/mackenzie.html",safe
"opednews.com/articles/Hawaiian-History--Premedi-by-Amelia-Gora-101020-960.html?show=votes",safe
"spoke.com/info/p1PdRDO/DanMerlini",safe
"countyhistory.com/montgomery/start.html",safe
"manta.com/c/mm79qhg/alliance-healthcare-foundation",safe
"snowcaptraffic.com/records/mackenzie",safe
"fact-index.com/a/an/anna_leonowens.html",safe
"dnr.state.oh.us/parks/tabid/713/Default.aspx",safe
"nyhystericalsociety.com/comedy-agents.htm",safe
"http://atwiki.jp/wiki/%E3%83%92%E3%83%8E%20%E7%A9%BA%E6%8A%98%20%E6%8C%AF%E3%82%8A%E4%B8%BB%E5%82%AC%20%E3%83%AA%E3%83%97%E3%83%A9%E3%82%A4",safe
"exposay.com/v/28261/charlie-sheens-twins-born-six-weeks-early/",safe
"tournaments.usyouthsoccer.org/events/2010-US-Youth-Soccer-Region-I-Championships/Game/961/NHClassics/BaltimoreBaysChelsea/",safe
"photos.lucywho.com/victor-mature-photos-t29906.html",safe
"nomads.ncdc.noaa.gov/EnsProb/",safe
"mesquitenevada.com/MLS.Htm",safe
"classicchristianscience.com/Classic_Christian_Science/Q_%26_A.html",safe
"absoluteastronomy.com/topics/Baylor_University_basketball_scandal",safe
"mylife.com/c-554313985",safe
"bananasmusic.com/productdetail.asp/pid_8998/productname_Fender-Reggie-Hamilton-Standard-Jazz-Bass",safe
"en.wikipedia.org/wiki/2010_NSC_Minnesota_Stars_season",safe
"collegebasketball.rivals.com/bviewplayer.asp?sport=2&sid=1146&player=409917",safe
"rheumatology.oxfordjournals.org/content/42/1/97.abstract",safe
"http://hubpages.com/topics/business-and-employment/customer-service-and-satisfaction/905",safe
"icehockey.wikia.com/wiki/Memorial_Cup",safe
"tonyskansascity.com/2010/05/kansas-city-school-board-backtracks-on.html",safe
"stockhouse.com/News/CanadianReleasesDetail.aspx?n=8356675",safe
"heavy-metal-rock-fan.blogspot.com/",safe
"perfectpeople.net/celebrity-star/14167/danny-wells.htm",safe
"uk.linkedin.com/pub/dir/Steve/Nye",safe
"isfdb.org/cgi-bin/ch.cgi?Catherine_Asaro",safe
"liquida.com/knbr/",safe
"en.wikipedia.org/wiki/Wang_Yung-tsai",safe
"amazon.com/Big-10-8-Place-Negativland/dp/B000UZ4CF4",safe
"facebook.com/people/Matt-Huffman/224900195",safe
"http://spankbang.com/56p6/video/allgirlmassage+carter+cruise+riley+reid+massage+class+secrets",safe
"dictionary.sensagent.com/university+of+pretoria/en-en/",safe
"montrealoutrigger.com/",safe
"youtube.com/watch?v=IhZFULs0A88",safe
"manta.com/c/mmnnt3z/kckc-medical-group-llc",safe
"pinellas-park.com/",safe
"fundrace.huffingtonpost.com/neighbors.php?type=name&lname=Merlini",safe
"finance.yahoo.com/news/Level-3-Simplifies-Data-prnews-2674931511.html",safe
"overdrive.biblioottawalibrary.ca/5E0B00E6-DD2A-43C7-A766-DE02A55A2F57/10/367/en/ContentDetails.htm?ID=8BC3AB28-9A2E-435A-A417-3D33A2F37ECB",safe
"tomfolio.com/autographimg.asp?sigid=796&ret=AGIni",safe
"medlibrary.org/medwiki/Club_Deportivo_Los_Millonarios",safe
"amazon.com/Mother-Twilight-Faun-Fables/dp/B0002ONCHM",safe
"facebook.com/people/Pierre-Tremblay/787194546",safe
"gonzoscience.com/?p=1466",safe
"en.wikipedia.org/wiki/Government_debt",safe
"canadafreepress.com/2004/main030804.htm",safe
"gamespot.com/chaosfieldneworder",safe
"answers.com/topic/expo-67",safe
"velonews.competitor.com/2010/09/road/2010-grand-prix-cycliste-de-montreal-a-casey-b-gibson-photo-gallery_140349",safe
"http://pornsharing.com/round-assed-latina-hottie-tia-cyrus-takes-huge-black-dick_v78711",safe
"encyclopedia2.thefreedictionary.com/infrared+catastrophe",safe
"movtainment.com/p/37/ramona-and-beezus-joey-king-selena-gomez-bridget-moynahan-john-corbett-ginnifer-goodwin-josh-duhamel-jason-spevack-sierra-mccormick-sandra-oh-kathryn-zenna-janet-wright-ruby-curtis-john-b.html",safe
"elyrics.net/song/a/andrew-gold-lyrics.html",safe
"youtube.com/watch?v=j6KajYXvnuE",safe
"facebook.com/pages/Melissa-Auf-der-Maur/107993902562010",safe
"kusports.com/games/mens-basketball/2011/mar/11/kansas-vs-kansas-statecolorado/",safe
"ottawastart.com/story/15065.php",safe
"tributes.com/show/Charles-B.-Chuck-Gordon-87600276",safe
"dictionary.reference.com/browse/walloon",safe
"quiltsoup.com/",safe
"theblurb.ca/home_services/Roy_and_Rouleau_Inc/224131/",safe
"web.pollockpaper.com/Retail_Supply.asp",safe
"facebook.com/albanybid",safe
"soundcloud.com/djtiga973",safe
"http://plarium.com/en/strategy-games/pirates-tides-of-fortune/news/defend-yourselves-pirate-scum/",safe
"frbo.com/United-States/Indiana/New-Haven/33231.html",safe
"politicalforum.com/political-opinions-beliefs/144443-michigan-serial-killer-targeting-black-men.html",safe
"suvana.com/canada/Quebec-airport-transportation.html",safe
"music.yahoo.com/beau-dommage/albums/beau-dommage--194178118",safe
"mmo-champion.com/content/2436-Heroic-Ragnaros-Nerf-Diablo-3-Data-Secret-Level-TCG-Artwork",safe
"torrentreactor.net/torrents/1264038/So-You-Think-You-Can-Dance-Season-3",safe
"http://worldoftanks.ru/ru/content/guide/account_security/fraudsters_in_social_networks_sec/",safe
"kffl.com/team/28/nfl",safe
"djatrak.com/downloads/",safe
"vault.com/company/UniversalStudiosInc.html",safe
"linkedin.com/directory/people/theobald-5.html",safe
"docstoc.com/docs/33981304/Chemical",safe
"english.turkcebilgi.com/University+of+Hartford",safe
"realtor.com/property-search/Chesnee_SC/Carissa-Ct",safe
"mostorganizedbride.com/",safe
"spokeo.com/Tim+Stokes",safe
"facebook.com/pages/Lust-Caution/40845596504",safe
"http://techcrunch.com/2015/04/10/psa-sorry-those-apple-watch-band-swapping-sites-arent-going-to-work/",safe
"code.google.com/p/struts2-persistenceplugin/wiki/2_Hibernate_Validator_Validation",safe
"phoenix.craigslist.org/pet/",safe
"stbedesdrummoyne.org/",safe
"spreety.com/Gen/Sites-Disney-Junior.aspx",safe
"pensburgh.com/2011/7/12/2272330/wbs-penguins-re-sign-joey-mormina",safe
"https://paytm.com/blog/win-tickets-for-new-movie-bhopal-aprayerforrain/?share=email",safe
"thewaterreport.com/Authors.html",safe
"bbc.co.uk/music/reviews/nwvh",safe
"youtube.com/watch?v=7lu81z2E6pE",safe
"linkedin.com/pub/dir/bill/torrey",safe
"siswebs.org/water/story.php?title=Could_water_scarcity_cause_international_conflict",safe
"mads.cbssports.com/mac-ad?celt=ifc&SP=18&POS=100&SITE=185&BRAND=59&NCAT=21691:21727:21836:&NODE=21836&PTYPE=6879&PGUID=TqsQvgq0Ht8AAD2Kkwk&DVAR_USER=anon&STAGING=0",safe
"http://gawker.com/5945535/heathen-president-refuses-to-condemn-piece-of-art-from-1987",safe
"baseball-almanac.com/players/player.php?p=daviswi02",safe
"https://privatbank.ua/ua/business/universalnyje-reshenija/buhgalteria-online/gtm.start",safe
"youtube.com/watch?v=ZcD5INtodxE",safe
"bing.com/videos/watch/video/endless-battle/17wwzy62j?from=",safe
"amazon.com/s?ie=UTF8&keywords=canadian%20sweethearts&rh=n%3A5174%2Ck%3Acanadian%20sweethearts&page=1",safe
"austlawpublish.com/forum/viewtopic.php?f=2&t=32",safe
"atmegastars.com/celebrity.aspx?searchquery=Vincent%20Damphousse",safe
"http://uproxx.com/webculture/2015/05/this-grannys-dentures-make-an-unexpected-appearance-as-she-blows-out-her-birthday-candles/",safe
"http://distractify.com/post/related/id/551abd5d4a0c4b6b7b40cdf7/skip/40/limit/10/back/0",safe
"jason-high.com/",safe
"bscn.com/~harryv/dawson.htm",safe
"raincoast.com/publishers/details/new-harbinger-publications/",safe
"ago.net/photography",safe
"amazon.com/Atlas-Pacific-Northwest-9th-Ed/dp/0870715607",safe
"http://distractify.com/post/related/id/5548d3704a0c4b4d5b89ea58/skip/40/limit/10/back/0",safe
"baseball-almanac.com/players/player.php?p=tobinji01",safe
"athleticsnation.com/2009/3/23/806400/an-interviews-oakland-a-s",safe
"sanfranciscocounty.net/",safe
"http://khabaronline.ir/(X(1)S(gum2j0d0sm4ejnpo4x4dnrjw))/detail/416218/Politics/parties",safe
"interbent.com/celebrity-drug-related-deaths/",safe
"en.wikipedia.org/wiki/The_Ice_Harvest",safe
"namesdatabase.com/schools/CA/QC/Lasalle/College%20St%20Louis%20Pav%20Lasalle",safe
"ebay.com/sch/sis.html?_nkw=Catherine+Asaro+QUANTUM+ROSE+1st+HC+SIGNED+auth+artist",safe
"suncor.com/en/community/614.aspx",safe
"fortwayne.com/",safe
"indycar.com/drivers/show/55-izod-indycar-series/3675-alex-tagliani/",safe
"http://arstechnica.com/tech-policy/2015/05/house-votes-338-88-to-stop-bulk-phone-surveillance/?comments=1",safe
"davidlloyd.co.uk/home/clubs/fulham",safe
"plus.google.com/108325798489261337448",safe
"iguide.travel/Novo_Mesto/Getting_There",safe
"spirit-of-metal.com/liste_groupe-indexStyle-Sludge_Metal-l-en.html",safe
"articles.sfgate.com/keyword/mills-college",safe
"beachcalifornia.com/california/california-losangeles-county.html",safe
"nursebettieles.com/",safe
"radio3.cbc.ca/blogs/2011/3/Wrath-of-Khannas-National-Hum-Norm-MacDonald-Peter-Elkas-Bonjay-Forest-City-Lovers-Geoff-Berner-Fond-of-Tigers-More",safe
"metrolyrics.com/falling-from-grace-lyrics-marianne-faithfull.html",safe
"http://aljazeera.net/news/arabic/2015/5/13/%D8%AA%D9%86%D8%B8%D9%8A%D9%85-%D8%A7%D9%84%D8%AF%D9%88%D9%84%D8%A9-%D9%8A%D9%82%D8%B5%D9%81-%D8%A8%D9%86%D8%BA%D8%A7%D8%B2%D9%8A-%D9%88%D8%A7%D9%84%D9%85%D8%B9%D8%A7%D8%B1%D9%83-%D8%AA%D8%AD%D8%AA%D8%AF%D9%85-%D8%A8%D8%A7%D9%84%D9%85%D8%AF%D9%8A%D9%86%D8%A9",safe
"indiefilmproducer.blogspot.com/",safe
"http://babal.net/downloads_details/490/%D8%A7%D8%BA%D9%86%D9%8A%D9%87-%D9%85%D8%AD%D9%85%D9%88%D8%AF-%D8%A7%D9%84%D9%84%D9%8A%D8%AB%D9%8A---%D9%87%D8%AA%D8%A8%D9%82%D9%8A-%D8%A7%D8%AD%D9%84%D9%8A",safe
"barnesandnoble.com/w/glutton-for-pleasure-bob-blumer/1102009463",safe
"imdb.com/title/tt1496906/",safe
"fanpix.net/gallery/casey-stengel-pictures.htm",safe
"statsheet.com/bhsb/players/jaron-rush",safe
"facebook.com/people/Anita-Pointer/1492651934",safe
"siyanor.com/395_Adam-Gregory/",safe
"theglobeandmail.com/sports/football/cis-roundup-rouge-et-or-swat-stingers/article2188179/",safe
"geography.about.com/b/2011/07/07/south-korea-to-host-2018-winter-olympic-games.htm",safe
"magazine.saatchionline.com/",safe
"http://distractify.com/post/related/id/555373934a0c4b5d1246c505/skip/50/limit/10/back/0",safe
"http://censor.net.ua/photo_news/335207/v_genshtabe_uveryayut_chto_vzletnuyu_polosu_donetskogo_aeroporta_ne_vosstanovit_fotoreportaj",safe
"sportsillustrated.cnn.com/baseball/mlb/stats/alltime/rosters/montreal_expos/1990/byPOSN_ABRV.html",safe
"ticketmaster.com/Taproot-tickets/artist/706489",safe
"cellartracker.com/wine.asp?iWine=223267",safe
"spokeo.com/Scott+Macarthur",safe
"hoodfiles.com/",safe
"youtorrent.com/tag/annabelle-flowers-videos",safe
"ceres.ca.gov/ceres/calweb/coastal/rocky.html",safe
"evri.com/person/phillipe-pinel-0x6ab3b",safe
"twitter.com/KTVUPROMO",safe
"eventful.com/montreal/events/parc-des-rapides-ville-lasalle-outdoor-/E0-001-024914908-2",safe
"en.wikipedia.org/wiki/MoeTar",safe
"http://techcrunch.com/2015/05/13/on-demand-laundry-service-cleanly-hangs-up-2-3-million-in-seed-funding/",safe
"yellowpages.com/albert-lea-mn/ron-holtan-realty",safe
"sfgate.com/neighborhoods/eb/piedmont/",safe
"mapquest.com/maps?city=Dairyland&state=WI",safe
"youtube.com/watch?v=3Wqlv4iKDw0",safe
"faniq.com/blog/Tom-Pernice-Jr-ATT-National-Leader-Says-Tiger-Woods-Need-To-Play-More-Blog-10067",safe
"punchsoftware.com/",safe
"informatik.uni-trier.de/~ley/db/conf/iwann/iwann1999-2.html",safe
"boxofficemojo.com/movies/?id=pianist.htm",safe
"http://metro.co.uk/2015/05/13/half-of-2014s-top-selling-games-were-open-world-5194707/",safe
"turkeysummerholiday.com/",safe
"ca.linkedin.com/pub/marc-andre-caron/1/912/109",safe
"nycsingles.com/",safe
"music.yahoo.com/dears/",safe
"publicrecords.com/people-search-records/jennifer-porterfield",safe
"idolator.com/6047932/lady-gaga-marry-the-night-single-art",safe
"hockey-reference.com/teams/PIT/2011.html",safe
"moficast.com/tv-online/Canada-in-French-tv-channels/addikTV_7479.html",safe
"search.reviews.ebay.com/montreal",safe
"actiongirls.com/",safe
"twitter.com/krty/status/3105456807",safe
"https://variety.com/2015/film/news/hugh-jackman-and-rooney-mara-to-star-in-me-and-earl-the-dying-girl-directors-next-movie-exclusive-1201494972/",safe
"ourairports.com/airports/KAOH/",safe
"aviation-safety.net/database/record.php?id=19650317-2",safe
"amazon.com/Donkey-Heart-Monkey-Mind-ebook/dp/B004O6MRNY",safe
"http://otomoto.pl/osobowe/renault/laguna/ii-fl-2005-2007/-/kombi/EW4Hou_aN610rPsocimkJ_IuLBofatBy4b0MLqoh7Lf.B7",safe
"barnesandnoble.com/w/at-home-in-mitford-paul-mccusker/1020406721",safe
"britmovie.co.uk/2009/01/13/Plunkett-Macleane-1999/",safe
"btmon.com/pure_country_2011_MP3.torrent.html",safe
"promo.telus.com/sitetour/en/tm/faq.html",safe
"czechproperty.blogspot.com/",safe
"lalaine.8.forumer.com/",safe
"aol.sportingnews.com/ncaa-basketball/teams",safe
"knittingknonsense.com/animals.html",safe
"spokeo.com/Joan+Navarre",safe
"en.wikipedia.org/wiki/John_Davis",safe
"videosurf.com/the-paul-lynde-halloween-special-257719",safe
"facebook.com/bejeweledblitz?sk=wall",safe
"fuzzster.com/r/show/se/9757133.html?NOFOR=true",safe
"roadrunnerrecords.com/blabbermouth.net/news.aspx?mode=Article&newsitemID=24477",safe
"ca.answers.yahoo.com/question/index?qid=20080304173101AAE4tBg",safe
"blog.visitrenotahoe.com/archives/2005/11/a_visit_to_the.html",safe
"websenti.u707.jussieu.fr/sentiweb/?rub=37",safe
"videosurf.com/gary-pettis-135053",safe
"http://hdfcbank.com/personal/ways-to-bank/bank-with-your-phone/mobilebanking-app-for-android",safe
"pensburgh.com/2010/4/8/1410390/the-final-regular-season-game-at",safe
"sofiaecho.com/article/stefan-danailov-to-play-in-pygmalion-at-the-national-theatre/id_26560/catid_70",safe
"litigation-essentials.lexisnexis.com/webcd/app?action=DocumentDisplay&crawlid=1&doctype=cite&docid=52+Syracuse+L.+Rev.+1065&srctype=smi&srcid=3B15&key=bd02adbf36ad19eabc03c694ddde1750",safe
"soccertimes.com/ncaa/all-american/2005/women.htm",safe
"abacci.com/wikipedia/mobileindex.php?let=BUR",safe
"thefullwiki.org/Colleen_Dewhurst",safe
"cylex.ca/company/transcontinental-weeklies-12614708.html",safe
"city-data.com/city/Williston-North-Dakota.html",safe
"http://kenh14.vn/kham-pha/tai-hien-nhung-phan-ung-hoa-hoc-trong-sach-qua-chum-anh-dong-chan-thuc-20150303014533986.chn",safe
"tv.com/people/kyle-switzer/",safe
"ca.linkedin.com/pub/pierre-cossette/19/847/936",safe
"http://olx.co.id/riau/q-%7Bq%7D/?utm_source=google&utm_medium=search&utm_campaign=search_organic",safe
"baranstoll.com/profile.html",safe
"mahalo.com/joel-anthony/",safe
"reunion.com/qc/montreal/ecole+sec+honore+mercier/",safe
"amazon.com/phrase/Rachelle-Lefevre",safe
"http://kienthuc.net.vn/tin-tuc/nu-thu-khoa-mo-coi-xinh-xan-va-bai-phat-bieu-xuc-dong-487276.html",safe
"csis.org/multimedia/audio-interview-thomas-oreilly",safe
"sharkspage.com/2009_01_01_archive.html",safe
"adambrown.org/",safe
"whosdatedwho.com/tpx_4821378/lisa-gay-hamilton-and-robin-kelley/",safe
"hwiki.fzk.de/wiki/index.php/United_States",safe
"linkedin.com/pub/dir/Chris/Makepeace/",safe
"derkeiler.com/Mailing-Lists/securityfocus/security-basics/2007-07/",safe
"route66news.com/campgrounds/",safe
"vincennestractor.com/",safe
"mo-directory.hometownlocator.com/kansas+city+missouri+public+school+district+business+and+finance+f.9.114570132p.home.html",safe
"americanclassicars.com/pontiac-gto/",safe
"phyllisdilleralameda.blogspot.com/",safe
"search.4shared.com/q/50/hey%20say%20jump",safe
"motors.shop.ebay.com/Cars-Trucks-/6001/i.html?Make=Chevrolet&Model=El%2520Camino&_myi=1972%2C1971%2C1970%2C1969%2C1968%2C1967%2C1966%2C1965%2C1964",safe
"http://nguyentandung.org/xon-xao-buc-anh-bat-huong-boc-chay-hinh-phuong-hoang-lua.html",safe
"wvhooligan.com/2011/10/24/12369/2011-expansion-draft-list-toronto-fc/",safe
"isohunt.com/torrents/WCW",safe
"tripwiser.com/trip_destination-Quebec_Canada?itiNodeId=8ad198fc0cbeb4e4010cbece6e3a0f27&eType=site",safe
"sop.inria.fr/mascotte/Publications/",safe
"123people.co.uk/s/mike+duxbury",safe
"international.concordia.ca/",safe
"allmusic.com/artist/bonnie-raitt-p5222",safe
"en.wikipedia.org/wiki/Binnie",safe
"flatscreentvstands.biz/vizio-vf552xvt-55-inch-class-xvt-series-truled-240hz-sps-led-lcd-vizio-internet-apps-hdtv/",safe
"garybrucelaw.com/Attorneys/",safe
"movies.nytimes.com/person/43117/Ronald-Long",safe
"hockeygoalies.org/bio/denis.html",safe
"123people.ca/s/jim+bailey",safe
"tatv-productions.com/",safe
"spokeo.com/Ching+Wang",safe
"lyricsmode.com/lyrics/h/humanifesto/make_it_stop.html",safe
"whosdatedwho.com/tpx_455/cary-elwes/",safe
"amazon.com/LEncyclopedie-Cuisine-French-Jehane-Benoit/dp/2761306643",safe
"imdb.com/name/nm0159198/",safe
"en.wikipedia.org/wiki/1995_Urawa_Red_Diamonds_season",safe
"youtube.com/watch?v=ZCXAB_NG4Zo",safe
"thereformation.co.nz/",safe
"clevelandorchestra.com/about/education/community.aspx",safe
"law.utoronto.ca/faculty_content.asp?profile=9&perpage=40&cType=facMembers&itemPath=1/3/4/0/0",safe
"acronyms.thefreedictionary.com/College+Housing+and+Academic+Facilities+Loans",safe
"flagfootball.org/SiteUnitedStatesIndex.htm",safe
"morgancollins.com/",safe
"citizendia.org/2000_Summer_Olympics",safe
"pesstatsdb.freeforums.org/ariel-graziani-1996-2000-t3607.html",safe
"worldnavalships.com/forums/showthread.php?t=6734",safe
"wn.com/Pearson_International_Airport",safe
"easymusicdownload.com/downloads/Beautiful+Creatures",safe
"anthonysfilmreview.com/Film/T/Talk_to_Me.htm",safe
"predators-tickets.com/",safe
"en.wikipedia.org/wiki/Brabazon",safe
"hannibal.net/blogs/x574914218/Diamond-Dirt-Beckley-search-progressed-continues",safe
"tv.com/shows/the-wayans-bros/episodes/",safe
"buffalo.craigslist.org/atq/2671698722.html",safe
"ebay.com/ctg/Classic-Modeling-Models-Films-1930s-1940s-1950s-Fashion-Lingerie-Swimsuit-Bikinis-Model-Films-w-/60119303",safe
"mcgill.ca/alumni/",safe
"zoominfo.com/people_directory/professional_profile/M-2-123011",safe
"mylife.com/louisenaomiharel",safe
"redtube.com/25366",safe
"ilike.com/artist/Big+Scoob/track/D-Boy",safe
"bcdb.com/cartoon/107731-Underfist_Halloween_Bash.html",safe
"ahca.myflorida.com/",safe
"duckduckgo.com/1/c/Performers_of_Christian_music",safe
"snre.umich.edu/node/5390",safe
"manta.com/c/mttghs9/killer-whale-holdings-llc",safe
"oursportscentral.com/services/releases/?id=4130980",safe
"en.wikipedia.org/wiki/Scott_Garland",safe
"http://web.de/magazine/sport/fussball/champions-league/fc-bayern-muenchen-fc-barcelona/fc-bayern-muenchen-fc-barcelona-mario-goetze-lionel-messi-30618192",safe
"childrenstheatreplays.com/cin.htm",safe
"cristoreykc.org/About/board.html",safe
"gesmithmd.com/",safe
"ca.answers.yahoo.com/question/index?qid=20110904131902AA4P4CR",safe
"associatedcontent.com/article/429513/best_and_worst_sushi_in_the_rockridge.html",safe
"borealbirds.org/",safe
"http://sourceforge.net/directory/add_facet_filter?facet=language&constraint=Visual+Basic+.NET",safe
"linkedin.com/pub/edward-dumont/12/924/b3",safe
"trn.trains.com/en/Railroad%20News/News%20Wire/2011/10/Nickel%20Plate%20765%20rebuilding%20anniversary%20marked.aspx",safe
"http://fazenda.gov.br/banners-rodape/arquivos/processos-de-contas-anuais-1/rg_se_2007.pdf/view?searchterm=imposto",safe
"facebook.com/people/Jun-Matsumoto/553652353",safe
"zoominfo.com/people/Barbot_Oxiris_354146489.aspx",safe
"gainsbourgfilm.com/",safe
"yp.eastvalleytribune.com/mesa+az/butcher+shops.zq.html",safe
"belpolitik.com/blog.php/476",safe
"fanpop.com/spots/chuck/quiz/show/2487/what-country-actress-yvonne-strahovski-who-plays-sarah-walker-from",safe
"en.wikipedia.org/wiki/So_You_Think_You_Can_Dance_Canada_(season_1)",safe
"danasease.blogspot.com/",safe
"english.turkcebilgi.com/Thomas+Stewart",safe
"shipparade.com/cruise%20reviews/costa_concordia/Costa_Concordia.htm",safe
"irvin.psu.edu/",safe
"uwgb.edu/wisfrench/library/bibliog.htm",safe
"annistonstar.com/view/full_story/16535152/article-George-Smith---Looking-for-me--I%E2%80%99m-out-in-the-%E2%80%98barn%E2%80%99-?instance=home_news",safe
"judgepedia.org/index.php/Francis_Van_Dusen",safe
"gametrailers.com/video/boar-boss-dark-souls/721627",safe
"healthvermont.gov/apps/restaurant_scores/RestaurantScores.aspx",safe
"http://otomoto.pl/oferta/hds-v-kran-37-do-drewna-chwytak-platforma-z-konicami-dzwig-do-lasu-cena-do-negocjacji-ID6y3Gvz.html",safe
"blockbuster.com/browse/catalog/personDetails/198032",safe
"en.wikipedia.org/wiki/Category:Populated_places_established_in_1881",safe
"screenwriter.com/scriptworld.html",safe
"weather.com/life/ski/",safe
"familypedia.wikia.com/wiki/Deaf_Smith_County%2C_Texas",safe
"tonytomassi.com/",safe
"ckuik.com/Jean_Leloup",safe
"choreha.normblogs.com/",safe
"en.wikipedia.org/wiki/Colorado_Avalanche",safe
"samstephens.tripod.com/gould.html",safe
"itunes.apple.com/us/album/libra-scale-deluxe-edition/id404059731",safe
"torrentdeluxe.com/torrents/195273-ne-yo-libra-scale-cdrip-full-album-2010.html",safe
"http://emgn.com/entertainment/what-was-intended-as-a-dirty-doodler-ended-up-being-much-much-better/",safe
"reed.edu/faculty_pages.html",safe
"http://kenh14.vn/2-tek/nhung-dac-diem-dang-chu-y-nhat-tren-tung-phien-ban-android-20141027125833646.chn",safe
"mcdanielathletics.com/sports/fball/history/captains",safe
"http://mashable.com/category/international-space-station/2014/01/01/iss-astronauts-earth-happy-new-year-space",safe
"heavymetalmessenger.wordpress.com/2011/07/10/iron-maidens-all-female-maiden-tribute-interview-from-brazil-former-motorhead-guitarist-wurzel-dead-at-61-def-leppard-singers-father-passes-away/",safe
"http://kotaku.com/when-medieval-combat-meets-ufc-1699649567/1699846205/templates/closure/",safe
"hedvigbourbon.com/",safe
"missouri.rivals.com/cviewplayer.asp?Player=36358",safe
"cheapoair.com/travel/cheap-flights/air-canada-AC.html",safe
"hockeydb.com/vb/showthread.php?t=10120",safe
"spokeo.com/Kenneth+Hoffmann",safe
"nationalregisterofhistoricplaces.com/MI/Wayne/districts.html",safe
"composersinc.org/martinrokeach.html",safe
"kctwistersvolleyball.com/",safe
"facebook.com/matcarette",safe
"thefullwiki.org/Sertraline",safe
"property.trovit.ca/for-rent-apartment-ville-emard",safe
"wn.com/Los_Angeles_Galaxy",safe
"amazon.com/Enterprise-Messaging-Using-JMS-WebSphere/dp/0131468634",safe
"baseball-reference.com/leaders/home_runs_per_nine_progress.shtml",safe
"disney.wikia.com/wiki/Disney_Channel",safe
"clinicsearch.org/mammography/ohio/lima_memorial_health_system.html",safe
"drivewire.com/model/chevrolet-el-camino/",safe
"kidsspace.torontopubliclibrary.ca/genCategory15939.html",safe
"theintelligencer.net/page/content.detail/id/52544/Chlebek-Made-His-Mark-With-Wheeling-Ironmen.html",safe
"hockeyfights.com/leaders/players/33/reg2009",safe
"comedybritain.co.uk/comedians",safe
"qtmbuilders.com/locations.html",safe
"illinoislottery.com/Games/OnLineRules.htm",safe
"houmatoday.com/article/20111110/WIRE/111119996?Title=New-TV-shows-strive-to-avoid-Thanksgiving-chopping-block",safe
"sports.yahoo.com/nhl/teams/pit/transactions?month=9",safe
"http://interpark.com/displaycorner/FreeMarket.do?_method=itemCateList&free1=pc&free2=007001006001&free3=item&disp_no=007001006001",safe
"btjunkie.org/torrent/Cryptopsy-discography/5575ebad4f4e5fcc9ba69c991e7c85793f91a0f5bdb5",safe
"mylife.com/sonjapoppstahly",safe
"brendanfay.com/",safe
"legal-dictionary.thefreedictionary.com/Charles+Evans+Whittaker",safe
"stlyrics.com/songs/t/tavares22100/morethanawoman569514.html",safe
"pinnacle-travel.org/british-columbia/history-culture.htm",safe
"cheapatlanticcity.com/atlantic-city-casinos/showboat-casino",safe
"folkartmuseum.org/",safe
"grapeland.com/History/houstoncounty.html",safe
"publicrecords.com/people-search-records/christopher-bolen",safe
"answers.yahoo.com/question/index?qid=20091023042840AAEUA5m",safe
"flickr.com/photos/80651083@N00/5232169786/",safe
"http://torcache.net/torrent/B04A932DA73946BDFF11573802B521B3CB6AC429.torrent?title=[kickass.to]xilisoft.video.converter.ultimate.v7.7.0.build.20121224.keygen",safe
"jobs.iccsafe.org/c/search_results.cfm?site_id=429",safe
"fleurdelis.com/royal.htm",safe
"lakevermilionmn.com/",safe
"campingfrance.org.uk/index.php?page=item&itemID=668",safe
"jesusfreakhideout.com/artists/Project86.asp",safe
"last.fm/music/Messy+Marv/_/Messy+Marv+-+Doin+The+Most+(ft.+Selau)",safe
"http://himado.in/?keyword=%E3%82%B2%E3%83%BC%E3%83%A0%E3%82%BB%E3%83%B3%E3%82%BF%E3%83%BCCX",safe
"us.creative.com/products/",safe
"simple.wikipedia.org/wiki/16th_century",safe
"amazon.com/Upstairs-Downstairs-Fourth-Season-VHS/dp/076700941X",safe
"myworld.ebay.com/empire-1-collectibles/",safe
"celebritydetective.com/Profile-Royce-Clayton.html",safe
"metalinjection.net/tour-dates/carnifex-beneath-massacre-ruins-tour-europe-bonecrusher-fest-2012",safe
"lyricstime.com/axel-rudi-pell-the-clown-is-dead-lyrics.html",safe
"http://sourceforge.net/directory/communications/add_facet_filter?facet=license&constraint=OSI-Approved+Open+Source",safe
"wc.rootsweb.ancestry.com/cgi-bin/igm.cgi?op=DESC&db=dprobert&id=I72",safe
"soccernet.espn.go.com/player/_/id/42042/roberto-soldado",safe
"evoke.ro/",safe
"brooklynitalians.org/",safe
"spagettioos.blogspot.com/2010/05/it-seems-like-frances-bean-cobain-is.html",safe
"lawyers.com/Alberta/Calgary/Fraser-Milner-Casgrain-LLP-1289006-f.html",safe
"zimbio.com/Felicia+Farr/video/pro",safe
"sonofcodmansquare.blogspot.com/",safe
"us.macmillan.com/womengenderanddevelopmentinthecaribbean/PatriciaEllis",safe
"wedluxe.com/index.cfm?pagepath=Editor_s_Blog&id=6997&modeX=Cat&modeXval=B40D8232-A575-8DF4-B3F7224025CB4680",safe
"famegame.com/event/HOLIDAY_HOUSE_Gala_Preview_Party_benefiting_the_Great_NYC_affiliate_of_SUSAN_G__KOMEN_for_THE_CURE/2008-11-03/",safe
"evri.com/organization/naval-air-force-0x54ea7d",safe
"http://torrentdn.com/bbs/s.php?bo_table=torrent_tv&wr_id=80722&k=%EB%AA%A9%EC%86%8C%EB%A6%AC&page=1",safe
"myspace.com/oppressedlogic/music/songs/ones-that-control-52087272",safe
"usgennet.org/usa/ga/county/macon/Obits/obits_R.htm",safe
"facebook.com/nichedesignsinc",safe
"hddregenerator.net/hdd-regenerator-at-work.html",safe
"facebook.com/people/Andrew-Moran/1613771184",safe
"scrapmetalpricesandauctions.com/2011/10/scrap-steel-h2-hms-and-iron-prices-fall-a-little/",safe
"lib.berkeley.edu/MRC/Musicalsfilm.html",safe
"video.citytv.com/video/detail/981188937001.000000/yannick-bisson/",safe
"moslemkids.com/",safe
"atotx.com/",safe
"music.yahoo.com/ella-fitzgerald/",safe
"mlsdraft.com/2010/01/mls-waivers-rules.html",safe
"moonpathtarot.tripod.com/bigsecretrecords/",safe
"schulich.ucalgary.ca/mechanical/MarceloEpstein",safe
"amazon.com/Air-Medal-Cal-Page/dp/096649170X",safe
"devonheritage.org/Places/DevonCounty/DevonmenwhodiedinthesinkingofHMSLaurentic.htm",safe
"thestranger.com/seattle/money-talks/Content?oid=1771",safe
"usu.edu/whq/raspr2004.htm",safe
"metrolyrics.com/fast-movin-train-lyrics-restless-heart.html",safe
"bic.mni.mcgill.ca/",safe
"danahenderson.com/",safe
"dailynews.com/news/ci_19238554",safe
"loopnet.com/Listing/14334157/Off-South-University-Avenue-property-wraps-around-Post-Office-building-close-to-Dorsey-s-Knob-Morgantown-WV/",safe
"hfboards.com/showthread.php?t=889937&goto=newpost",safe
"usidentify.com/l/maughn",safe
"legacy.com/obituaries/providence/obituary-preview.aspx?n=robert-choquette&pid=153259507&referrer=519",safe
"chicitysports.com/2011/09/28/chicago-blackhawks-start-of-season-giveaway/",safe
"vinylcollective.proboards.com/index.cgi?board=etc&amp;action=display&amp;thread=71016",safe
"worthpoint.com/worthopedia/32-vintage-topps-bowman-stan-musial-1953-ruth",safe
"websters-online-dictionary.org/definitions/Kenyon?cx=partner-pub-0939450753529744%3Av0qd01-tdlq&cof=FORID%3A9&ie=UTF-8&q=Kenyon&sa=Search",safe
"brownpapertickets.com/event/119194",safe
"elvispelvis.com/charlesbrown.htm",safe
"ca.linkedin.com/pub/amy-allen/23/585/a35",safe
"archive.org/stream/publicofficialso1920bost/publicofficialso1920bost_djvu.txt",safe
"linkedin.com/pub/jay-kimmelman/0/0/b83",safe
"en.wikipedia.org/wiki/Super_(2010_American_film)",safe
"familytreemaker.genealogy.com/users/n/o/r/Philip--Norfleet/BOOK-0001/0005-0006.html",safe
"grantham.edu/colleges-and-schools/college-of-arts-and-sciences/",safe
"sites.google.com/site/vivianwyatt/",safe
"thecaucus.blogs.nytimes.com/2009/10/23/plouffe-delivers-his-book-on-air-force-one/",safe
"tenantshaverights.com/",safe
"sylviabrownehypnosis.org/",safe
"georgerobertsins.com/starke.html",safe
"behaviour.org.uk/",safe
"videosurf.com/slim-whitaker-22583",safe
"en.wikipedia.org/wiki/Category:Populated_places_established_in_1887",safe
"movies.com/actors/lance-gross/p152261",safe
"listings.realbird.com/B6B4E7F2/81095.aspx",safe
"unpo.org/article/11810",safe
"en.wikipedia.org/wiki/Art_M%C3%BBr",safe
"quickbabynames.com/meaning-of-Zella.html",safe
"encyclopedia.com/topic/Jeff_Skoll.aspx",safe
"real.com/",safe
"mediastinger.com/coraline-2009-extra-scene-after-credits/",safe
"kayfabememories.com/Regions/centralstates/cs12.htm",safe
"dictionary.sensagent.com/rochefort+(charente-maritime)/fr-fr/",safe
"ecfsdocs.fcc.gov/filings/1997/09/02/190796.html",safe
"vale-healthcare.com/rheumatology-clinic-consultants/",safe
"jazjaz.net/2007/09/incredibly-strange-album-cover-galleries.html",safe
"militaryaviationartifacts.com/",safe
"http://qz.com/397085/us-airlines-still-dominate-the-global-skies-but-chinas-are-catching-up/",safe
"linkedin.com/in/joshschellenberg",safe
"http://plarium.com/de/strategiespiele/stormfall-age-of-war/news/neuer-diplomatischer-status/",safe
"coursework4you.co.uk/essays-and-dissertations/general-business/strategic-models/pest-analysis/C_M_47_PEST_analysis_of_Topshop_clothing_retailer.php",safe
"homepages.rootsweb.ancestry.com/~makaylor/gen-stew1.html",safe
"obits.al.com/obituaries/birmingham/obituary-preview.aspx?n=amy-beth-allen&pid=136734868&referrer=24",safe
"linkedin.com/pub/dir/+/Kaganov/",safe
"maquilaportal.com/?blog/show/Zodiac-lands-investment-in-the-State-of-Chihuahua.html",safe
"http://mic.com/articles/116819/the-20-something-life-i-m-supposed-to-have-vs-the-life-i-can-actually-afford",safe
"archive.org/stream/williamhenrydrum00drumuoft/williamhenrydrum00drumuoft_djvu.txt",safe
"hospitalsworldwide.com/listings/6688.php",safe
"quickr.org/Rogers_Montreal_705_rue_Ste_Catherine_Ouest_Eaton_Centre_Unit_214_Phone_Number",safe
"http://themeforest.net/item/farm-charm-stylish-wp-theme-for-farmers-markets/full_screen_preview/11361029",safe
"geograph.org.uk/photo/205758",safe
"youtube.com/watch?v=MpyZUZxcgSY",safe
"pornlegends.com/HOFJulietAnderson.html",safe
"people.maxabout.com/farhan-akhtar",safe
"hisupplier.com/a-scooter-motor/",safe
"salon.com/writer/josh_loftin/",safe
"manta.com/c/mmfh64w/dr-james-l-cochrane-jr-md",safe
"mills89.com/",safe
"amazon.co.uk/Quantum-Leap-Complete-Collection-DVD/dp/B000SLR0BS",safe
"quebecsporting.com/",safe
"fivestarmontrealhotels.com/",safe
"blogs.palmbeachpost.com/marlins/2011/08/14/after-offering-advise-to-logan-morrison-wes-helms-gets-released-by-florida-marlins/",safe
"coachbillydonovan.com/pages/billydonovan",safe
"content.usatoday.com/sportsdata/hockey/nhl/islanders/schedule",safe
"yro.slashdot.org/story/11/05/26/1719226/Finnish-Record-Labels-Want-To-Block-Pirate-Bay",safe
"cabinetalternatives.com/",safe
"wallstcheatsheet.com/earnings-trading-markets/american-electric-power-company-inc-third-quarter-earnings-on-deck.html/",safe
"http://kakaku.com/itemnavi/?pdi_name=%8e%e8%97%a0%8c%95%90%ed%91%e0%83j%83%93%83j%83%93%83W%83%83%81%5b&pdi_id=0065",safe
"en-gb.facebook.com/nusrat.rehman",safe
"wellness.com/dir/2350064/pediatrician/mo/kansas-city/maria-dycoco-childrens-mercy-hospital-md",safe
"traveltips24.com/Kansas_City.htm",safe
"hockey1.com/product-info.asp?pid=3120",safe
"montrealbits.com/apartments/le_jeanne_mance.html",safe
"readingssexy.com/2010/08/07/review-jesus-land-a-memoir-julia-scheeres/",safe
"imdb.com/name/nm0520437/",safe
"eu33.com/records-Burke/",safe
"medlibrary.org/medwiki/Wallace_Beery",safe
"divxturka.net/divx-download/76105-cherry-falls-2000-a.html",safe
"wiki.name.com/en/Dagmar",safe
"en.wikipedia.org/wiki/Willie_Davis_(baseball)",safe
"choicehotels.com/",safe
"http://ap.org/Content/AP-In-The-News/2015/AP-names-administrative-correspondent-in-Hawaii",safe
"scromett.com/ArmyGroupA.htm",safe
"dzong2.blogspot.com/2009/11/oscar-foreign-film-2010-eastern-europe.html",safe
"creativeleisureproducts.com/servlet/StoreFront",safe
"findingaids.cul.columbia.edu/ead/nnc-a/ldpd_3460598/dsc",safe
"spiritus-temporis.com/index/bob.html",safe
"archive.org/stream/manualforgeneral54newh/manualforgeneral54newh_djvu.txt",safe
"fangraphs.com/statss.aspx?playerid=7645&position=P",safe
"trulia.com/CA/Oakland/94619/",safe
"http://kenh14.vn/sport/cat-toc-moi-cong-phuong-trong-tre-ra-ca-chuc-tuoi-20150418085853499.chn",safe
"forum.blu-ray.com/blu-ray-pcs-laptops-drives-media-software/102650-plastic-blu-ray-disc-cases-what-sizes-they-who-makes-them.html",safe
"latinamerikamedia.com/",safe
"youronlineguide.blogspot.com/2009/05/lopez-vs-lontchi-live-streaming-juanma.html",safe
"youtube.com/watch?v=TxgaOwbbGy0",safe
"123people.ca/s/jean+paradis",safe
"kevindeanmusic.com/about.html",safe
"christianpost.com/news/anglican-bishop-blasts-wests-reticence-on-christian-persecution-50137/",safe
"clipriot.com/",safe
"stingray.tv-series.com/",safe
"wlv.ac.uk/",safe
"augusta.georgia.jobs.topusajobs.com/",safe
"facebook.com/pages/Greg-Chamitoff/137770596244790",safe
"leighlarson.com/william_adam_shidell.htm",safe
"woodenshipsironmen.com/Articles/Christopher.htm",safe
"genforum.genealogy.com/cote/page7.html",safe
"youtube.com/watch?v=sVZrne7X5ww",safe
"allmusic.com/artist/bloodstone-p3708",safe
"tier1elitehockeyleague.com/page/show/170463-players-on-the-move",safe
"nei.org/newsandevents/newsreleases/entergy-nuclear-employees-win-best-of-the-best-award-for-nuclear-industry-innovation/",safe
"http://motthegioi.vn/showbiz/dam-vinh-hung-lam-tu-thien-tu-phat-sau-dam-tang-ong-ngoai-188152.html",safe
"http://olx.ro/i2/auto-masini-moto-ambarcatiuni/autoturisme/volkswagen/auto-masini-moto-ambarcatiuni/autoturisme/volkswagen",safe
"popculturemadness.com/Music/Dance.html",safe
"http://venturebeat.com/2015/01/29/facebook-invades-yelp-foursquare-territory-with-geo-specific-place-tips-for-iphone/",safe
"en.wikipedia.org/wiki/Ground_truth",safe
"video.sharks.nhl.com/videocenter/console?id=119569",safe
"northernstars.ca/actorsdef/ducharme_andre.html",safe
"movies.msn.com/celebrities/celebrity/denver-pyle/",safe
"espn.go.com/blog/los-angeles/soccer/tag/_/name/calen-carr",safe
"nytimes.com/2010/07/14/sports/baseball/14anderson.html",safe
"prevost-stuff.com/1995_prevost_voguePENDER.htm",safe
"nydailynews.com/topics/Richmond%20Spiders",safe
"reunion.com/petercarew/",safe
"en.wikipedia.org/wiki/C%C3%B4te-Vertu_(Montreal_Metro)",safe
"elyrics.net/song/l/land-of-talk-lyrics.html",safe
"nfb.ca/film/they_chose_china/",safe
"http://olx.ro/i2/electronice-si-electrocasnice/telefoane-mobile/accesorii/electronice-si-electrocasnice/telefoane-mobile/accesorii",safe
"answers.com/topic/roy-jenkins",safe
"wickedmaiden.com/",safe
"burbageweddell.com/apscans/quebecor-cddj-apscans/",safe
"yelp.com/biz/ksmo-tv-62-kansas-city",safe
"vitals.com/doctors/Dr_Javed_Akhtar.html",safe
"canadabyrail.ca/maps/VIA.html",safe
"trueknowledge.com/q/what_nationality_is_nelly_arcan",safe
"http://bdnews24.com/economy/2015/05/02/adb-says-will-maintain-standards-when-cooperating-with-aiib",safe
"montrealchateauchamplain.com/accommodations.htm",safe
"http://distractify.com/post/related/id/55526ac84a0c4b6154d5da68/skip/20/limit/10/back/0",safe
"youtube.com/watch?v=UGyznrlC7nY",safe
"ebay.com/itm/Fletcher-Pratt-NAVYS-WAR-1944-1stEd-Illustd-/180279458026",safe
"http://askubuntu.com/questions/550506/how-to-alter-the-diameter-of-the-centre-when-print-to-cd-epson-r300",safe
"optometry.org/",safe
"stubhub.com/boxing-tickets/ward-vs-froch-12-17-2011-1851995/",safe
"animetake.com/anime/kuchu-buranko/",safe
"fandango.com/footlightserenade_v18114/plotsummary",safe
"http://akhbarelyom.com/news/newdetails/346147/1/%D9%85%D8%AD%D8%A7%D9%83%D9%85%D8%A9-%D8%A7%D9%84%D9%82%D8%B1%D9%86.html",safe
"oaklandgenealogy.com/indices/OakTrib1890QZ.html",safe
"moosepass.net/trailjohnson.htm",safe
"genforum.genealogy.com/osullivan/",safe
"vancouverjazz.com/inview/colman.shtml",safe
"en.wikipedia.org/wiki/Louis_Payette",safe
"pipl.com/directory/people/Stephen/Molson",safe
"wiki.answers.com/Q/What_are_seven_twins_called",safe
"juggle.com/lance-gross",safe
"norman-wright.com/since.htm",safe
"youtube.com/watch?v=moTQ9mplPnc",safe
"encyclopedia-titanica.org/theme/religious+service/",safe
"skillwho.com/lists/d/d0/64402/",safe
"usidentify.com/l/ceccarelli",safe
"mirrorfootball.co.uk/transfer-news/Liverpool-target-Lee-Cattermole-after-the-midfielder-was-devastated-to-lose-Sunderland-captaincy-to-John-O-Shea-article770040.html",safe
"wolverhamptonairport.co.uk/",safe
"http://ap.org/Content/Press-Release/2013/Televised-debate-on-jobs-to-mark-AP-Davos-coverage",safe
"business-standard.com/india/news/cadbury-india-integrates-kraft-brands-into-system/427259/",safe
"localism.com/qc/cities",safe
"broadcastingcable.com/article/111005-Newport_Television_s_Sandy_DiPasquale_on_the_Mend.php",safe
"worldfootballers.com/player.php?ID=759&Crumb=country",safe
"american-industry.com/goods/Silver/",safe
"myspace.com/charminghostess",safe
"spiritus-temporis.com/united-states-army/rank-structure.html",safe
"http://ringring.vn/rung-ron-nghich-tu-noi-dien-giet-cha-phan-xac-quang-vao-chuong-lon-116086.html",safe
"baseball-almanac.com/college/iowa_state_university_baseball_players.shtml",safe
"http://searchengineland.com/google-maps-hack-shows-android-mascot-relieving-itself-on-apple-logo-219754",safe
"utenti.multimania.it/pohogue/data/pelton-lester/",safe
"youtube.com/watch?v=YWNvR7M3KYE",safe
"easttexas.craigslist.org/grd/index100.html",safe
"sandiegolawguide.com/items/CA-126024944827.php",safe
"http://pikabu.ru/story/liberastyi_vnov_obocpalis_obman_oppozitsii_o_quotbessmertnom_polkuquot_vskryilsya_3334332",safe
"ntxe-news.com/artman/publish/article_72812.shtml",safe
"en-gb.facebook.com/tdeaton",safe
"https://www.gov.uk/government/organisations/committee-on-radioactive-waste-management",safe
"jordancook.com/seven-deadly-sins/music/",safe
"ray-mont.com/",safe
"facebook.com/pages/Solveig-rediger-Lizlow-Miss-M%C3%A9t%C3%A9o-Canal/160734734008015",safe
"blog.seattlepi.com/beerblotter/2011/10/28/quebec%e2%80%99s-iconic-mcauslan-brewing-headed-to-seattle-market/",safe
"sys-con.com/node/2041474",safe
"http://udn.com/news/story/7238/901281-%E8%B2%A1%E9%83%A8%E6%AA%A2%E8%A8%8E%E5%85%AC%E9%8A%80-%E6%94%BF%E7%AD%96%E9%9D%9E%E8%97%89%E5%8F%A3",safe
"bedroomdjchampion.wordpress.com/",safe
"edmunds.com/ford/focus/2005/features-specs.html",safe
"househunt.com/NJ/",safe
"skyfree.org/linux/embedding/h8-cross.html",safe
"linkedin.com/company/toon-boom-animation-inc",safe
"billnye.com/",safe
"ultimate-guitar.com/reviews/compact_discs/europe/prisoners_in_paradise/index.html",safe
"namebase.org/main4/Richard-Fitzsimmons.html",safe
"thetipsbank.com/latin.htm",safe
"soundunwound.com/music/buddy-miller/poison-love/hightone-records-1997-cd/2253542",safe
"polcan.wikia.com/wiki/Party_Standings_in_the_Senate",safe
"peninsulaanglican.com/?p=1137",safe
"nowcasting.com/url.php?url=danielkash",safe
"le0pard13.com/2011/07/31/somewhere-in-time-film-review/",safe
"carrollsweb.com/irenesksg/marrs.html",safe
"findagrave.com/cgi-bin/fg.cgi?page=gr&GRid=7082747",safe
"museorigins.blogspot.com/",safe
"1m1f.com/Reticuli/",safe
"bobzilla.com/",safe
"professionals.tv-series.com/",safe
"hockey-reference.com/draft/NHL_1992_entry.html",safe
"linkedin.com/pub/antony-thomas/10/106/30b",safe
"loopnet.com/California/Oakland-Commercial-Real-Estate/",safe
"mylife.com/patriciaconvent",safe
"facebook.com/Disiple.of.Chist.74",safe
"canalarabe.com/",safe
"http://gizmodo.com/5912627/googles-rad-synth-doodle-explained-by-moog-music-chief-engineer",safe
"http://torrentdn.com/bbs/s.php?bo_table=torrent_tv&wr_id=83771&k=%EA%B5%AC%EC%97%AC%EC%B9%9C%ED%81%B4%EB%9F%BD&page=1",safe
"facebook.com/wuwuk",safe
"burnslev.com/our-attorneys/robin-nardone",safe
"buddytv.com/articles/the-office/the-office-adds-ray-romano-jam-39891.aspx",safe
"citizendia.org/List_of_social_fraternities_and_sororities",safe
"youtube.com/watch?v=GG0T1mnqqzg",safe
"tvrage.com/shows/id-2364",safe
"veromi.com/Karen-Leger.aspx",safe
"chicago.blockshopper.com/cities/glen_ellyn_unincorporated/streets/marston.ct",safe
"myclouds.tripod.com/myclouds.html",safe
"facebook.com/DragonboatBC",safe
"en.wikipedia.org/wiki/Gary_Pettis",safe
"video.oilers.nhl.com/videocenter/console?id=78513",safe
"http://tunein.com/radio/Easy-Listening-c10635888/15480783/ca-pub-1542925551861702/TuneInSearch",safe
"menupix.com/missouri/n/25799/Moberly-restaurants",safe
"http://getpocket.com/signup?mode=socialmode&t=1&route=http://getpocket.com/p/pocket-topics/growth+hacking",safe
"amazon.com/Maxine-Browne-Greatest-Hits-Curb/dp/B000000DFD",safe
"maconcountyhealth.org/RestaurantScores.aspx",safe
"chapters.indigo.ca/books/Life-Balance-My-Journey-Breast-Marla-Shapiro/9780002008143-item.html",safe
"youtube.com/watch?v=ZVYIBIlTIQs",safe
"salon.com/2002/11/08/far_from_heaven/",safe
"ehow.com/how_2341371_date-death-metal-fan.html",safe
"manta.com/ic/mtzmwrh/ca/restaurant-gallos",safe
"adqaction.com/",safe
"facebook.com/christopher.smalley",safe
"facebook.com/pages/Iraq-national-football-team/104099419627367",safe
"youtube.com/watch?v=b3qq02V7fVA",safe
"enormo.si/obcina+trebnje+prodaja+nepremicnin",safe
"definition-of.net/aerie",safe
"http://emgn.com/entertainment/sushi-art-which-looks-so-amazingly-good-i-wouldnt-be-able-to-eat-it/",safe
"mylife.com/c-1800620120",safe
"absoluteastronomy.com/topics/KWCH-TV",safe
"eastbayexpress.com/ebx/meet-your-new-pot-dealer-big-pharma/Content?oid=2665515",safe
"ncbi.nlm.nih.gov/pmc/articles/PMC149917/",safe
"facebook.com/group.php?gid=2231908713&v=wall",safe
"egafd.com/actresses/details.php/id/z0081",safe
"arenafootball.com/news/vigilantes-announce-coaching-staff-2011-season",safe
"citizencaine.org/films/blame-it-on-rio.shtml",safe
"ecnext.com/seocm/us/3545601-3545700",safe
"search.hollywood.com/movies/Joie%20Lee",safe
"sexsymboldynasty.com/",safe
"reunion.com/keithpettis/",safe
"hfboards.com/showthread.php?p=1044686",safe
"yjinn.com/flash/arashi.html",safe
"tunein.com/radio/Quebec-r100503/",safe
"wrestlingforum.com/general-wwe/585109-what-did-you-think-jonathan-coachman.html",safe
"waltdisneyfacts.com/",safe
"amazon.com/All-Shall-Perish/e/B00197I5UK",safe
"sbreport.net/raider_news/008/3582.html",safe
"phoenixnewtimes.com/related/to/Jane+Hull/",safe
"http://olx.co.id/i2/jasa-lowongan-kerja/cari-pekerjaan/administrasi/jasa-lowongan-kerja/cari-pekerjaan/administrasi",safe
"discogs.com/Neurosis-Tribes-Of-Neurot-Locust-Star/release/1415304",safe
"emacintl.com/",safe
"youtube.com/watch?v=e2K-_2AHYh0",safe
"cardiffbridal.com/",safe
"uk.ask.com/wiki/USS_Barrow_(APA-61)",safe
"http://kenh14.vn/tv-show/gmtq-khuong-ngoc-xe-ao-khoe-6-mui-nhung-hat-tam-bay-20150502065432957.chn",safe
"top-topics.thefullwiki.org/Recipients_of_the_Military_Cross",safe
"denverpioneers.com/ViewArticle.dbml?DB_OEM_ID=18600&ATCLID=204873512",safe
"carnegiehall.org/Event.aspx?id=4294977418",safe
"howtocookathanksgivingturkey.com/",safe
"glassdoor.com/Job/Canadian-National-Railway-Jobs-E4455.htm",safe
"barnesandnoble.com/s/baby-einstein",safe
"wc.rootsweb.ancestry.com/cgi-bin/igm.cgi?op=REG&db=hagerj&id=I212628",safe
"suvcw.org/mollus/war/KSv1.htm",safe
"frenchkissmaryse.com/",safe
"flixster.com/actor/vanessa-lengies",safe
"ballotpedia.org/wiki/index.php/Ray_Pilon",safe
"evri.com/organization/77th-east-middlesex-regiment-of-foot-0x386071",safe
"model.portal2006.com/india/models/s/shahana-goswami.php",safe
"indybay.org/newsitems/2011/09/27/18691441.php",safe
"vintagecardprices.com/card-profile/117245/1987-Topps-Gary-Pettis-278-Baseball-Card-Value-Prices.htm",safe
"facebook.com/pages/Lewis-Blacks-Root-of-All-Evil/109331259092930",safe
"bx.businessweek.com/harvard-business-school/",safe
"dealarmstrong.com/",safe
"http://diply.com/diply-news/popemobile-pizza-pickup-pontiff-pope-gets-custom-pie-pizzeria/106993",safe
"fandango.com/georgegabbyhayes/filmography/p31223",safe
"evri.com/person/alexei-vladimir-filippenko-0x6e77f",safe
"cfmb.org/wp/?page_id=380",safe
"http://grantland.com/the-triangle/dispatch-from-fight-night-the-violence-of-canelo-alvarez-no-nachos-and-a-sportswriter-who-looks-like-william-h-macy/",safe
"twitter.com/videoqualia",safe
"jambase.com/Artists/Artist.aspx?artistID=11212",safe
"absoluteastronomy.com/topics/Egypt_national_football_team",safe
"winbeginners.com/",safe
"ameon.wordpress.com/",safe
"allmercifulsavior.com/icons/Icons-Theodore.htm",safe
"koymangalleries.com/artist.php",safe
"forbes.com/lists/2009/30/football-values-09_Oakland-Raiders_300874.html",safe
"http://allrecipes.com/Recipe/Grilled-Parmesan-Asparagus/Detail.aspx?evt19=1&referringHubId=1",safe
"thedeadballera.com/ThoseWhoServed_WW1.html",safe
"poptower.com/ben-bass.htm",safe
"nationalledger.com/pop-culture-news/mark-curry-recovered-from-burn-265425.shtml",safe
"servat.unibe.ch/icl/si__indx.html",safe
"http://superuser.com/questions/899825/after-upgrading-pc-my-computer-boots-up-inconsistently",safe
"facebook.com/people/Nathaniels-Chorus/100001321095500",safe
"umkc.edu/hscp/Faculty/ListofFaculty.asp",safe
"absoluteastronomy.com/topics/Brigadier_general_%28United_States%29",safe
"albanyacademy.org/",safe
"people.famouswhy.com/j__p__bolduc/",safe
"marblemania.net/",safe
"namesdatabase.com/schools/CA/ON/Ottawa/Andre%20Laurendeau/",safe
"vividseats.com/venues/bell-centre-tickets.html",safe
"sportsillustrated.cnn.com/baseball/mlb/stats/alltime/rosters/detroit_tigers/1910/byPOSN_ABRV.html",safe
"travel-images.com/photo-canada562.html",safe
"facebook.com/event.php?eid=248726435178079",safe
"pagenweb.org/~blair/vets-ww2-hburg.htm",safe
"evri.com/person/rufus-blodgett-0x350c2",safe
"landmarkhunter.com/oh/allen/",safe
"aroza48.blogspot.com/",safe
"http://kakaku.com/camera/camera-others/ranking_1098/pricedown/div-gpt-ad-k/header_text",safe
"ncrittenden.blogspot.com/",safe
"amazon.com/phrase/Peter-Keleghan",safe
"hotels.com/de1501877/hotels-newport-rhode-island/",safe
"stiresearch.health.pitt.edu/personnelDetail.asp?pid=1750&id=603&ptype=2&pnavcat=2",safe
"hfboards.com/showthread.php?t=917660",safe
"therapyjobs.com/therapy-schools/listing.php?name=James-A-Rhodes-State-College&id=345",safe
"newswire.ca/en/story/508143/channel-zero-inc-agrees-to-purchase-chch-tv-hamilton-and-cjnt-tv-montreal-from-canwest",safe
"blogs.kqed.org/newsfix/2011/08/26/yusuf-bey-iv-sentenced-to-life-without-parole-for-chauncey-bailey-murder/",safe
"genealogytrails.com/ill/cook/1875_76directory.html",safe
"wiki.d-addicts.com/Chiisana_Koi_no_Uta",safe
"forums.comicbookresources.com/forumdisplay.php?f=15",safe
"http://thenextweb.com/google/2015/05/12/android-one-is-launching-in-turkey-its-first-country-outside-of-asia/gtm.js",safe
"youtube.com/watch?v=KVU9eE-PnBE",safe
"macaulay.ac.uk/photocomp/",safe
"http://kenh14.vn/tv-show/thay-giao-tung-song-lang-thang-11-nam-khien-tran-thanh-cuoi-bo-20150416031611233.chn",safe
"myspace.com/brucereisman",safe
"lyricsmania.com/hawnay_troof_lyrics.html",safe
"ladyantebellum.com/news/lady-our-kind-love-becomes-3rd-1-double-platinum-album-need-you-now",safe
"forums.redflagdeals.com/red-tony-award-winning-play-bluma-appel-theatre-front-st-dec-1-well-below-cost-80-a-1103614/",safe
"realtycouncil.com/dalecity.shtml",safe
"fanpix.net/gallery/john-payne-pictures.htm",safe
"scribd.com/doc/15500023/Slovenia-History-Culture-Outdoors-Chapter",safe
"marriott.com/hotels/travel/bosll-courtyard-boston-lowell-chelmsford/",safe
"pipl.com/directory/people/Peggy/Connelly",safe
"amazon.co.uk/Grants-Dissector-J-C-Boileau-Grant/dp/0781758483",safe
"rushtruckcenters.com/Atlanta/parts.aspx",safe
"style.mtv.com/2011/09/26/jonny-makeup-jeremy-scot",safe
"bigten.org/genrel/062205aab.html",safe
"hotfrog.com/Products/Primary-and-High-Schools/CA",safe
"answers.yahoo.com/question/index?qid=20080614104438AApEG7B",safe
"factbites.com/topics/Ruthenian-language",safe
"123people.co.uk/s/pauline+gordon",safe
"musicstack.com/records-cds/michele",safe
"obits.dignitymemorial.com/dignity-memorial/obituary.aspx?n=Ada+Claire-LeBlanc&lc=7196&pid=153489284&mid=4802475&locale=en-US",safe
"facebook.com/avishai.us",safe
"myspace.com/colmanbrothers",safe
"news.nationalpost.com/2011/07/27/somali-militants-recruiting-westerners-committee-chair/",safe
"realtor.com/realestateandhomes-search/Vincennes_IN",safe
"twofriendskeywest.com/",safe
"kovideo.net/distant-lover-lyrics-lil-boosie-485857.html",safe
"english.turkcebilgi.com/Eddie+Foy",safe
"haguepublishing.com/",safe
"connect.in.com/kelly-blatz/profile-161979.html",safe
"pbase.com/stevanhogg/butlins1970",safe
"cheatmasters.com/cheats/15587/Shadow_of_the_Colossus_cheats.html",safe
"discount-cheap.net/Nike-Air-Max-90-QK-Steve-Nash-p-28.html",safe
"comfibook.com/n/Nino+Davi",safe
"city-data.com/forum/kansas-city/631220-inexpensive-unique-wedding-reception-venues-kansas-2.html",safe
"http://plarium.com/en/strategy-games/stormfall-age-of-war/news/revenge-of-the-fallen/",safe
"nils-christian.no/?page_id=15",safe
"couponcodes4u.com/couponsdiscounts/new%20harbinger%20publications",safe
"eroticafilms.blogspot.com/2010/12/henri-pachard-babylon-pink-1979.html",safe
"esksfans.com/forum/showthread.php?26523-Danny-Maciocia-Interviewed-On-CTV",safe
"locus-international.com/",safe
"tvguide.com/celebrities/jaclyn-smith/photos/155077/51309",safe
"checkonsite.com/twa-flight-center/",safe
"kattunstuff.wordpress.com/2010/12/31/down-kat-tun-white-xmas-pv-making/",safe
"57classicchevy.com/",safe
"readinga-z.com/",safe
"latavolamarche.blogspot.com/2010/01/top-5-romantic-italian-films.html",safe
"thetachi.info/",safe
"togetherkc.com/",safe
"baseball-ranting.blogspot.com/2005/04/ray-lankford-wing-of-hall-of-fame.html",safe
"cibaustin.org/tag/combat_infantrymans_badge/",safe
"uk.ask.com/wiki/Notre-Dame_Church_(Montreal)",safe
"wiki.d-addicts.com/Ohno_Satoshi",safe
"servinghistory.com/topics/WLIO::sub::News_Team",safe
"mapsofworld.com/slovenia/",safe
"facebook.com/bryan.fogarty",safe
"martiniqueapts.com/",safe
"wopsploitation.blogspot.com/2009/07/visiting-hours1982djean-claude-lord.html",safe
"http://emgn.com/entertainment/15-make-up-tricks-thatll-help-you-achieve-that-perfect-kylie-jenner-pout/",safe
"filmsite.org/controversialfilms.html",safe
"kansascity.citysearch.com/profile/37163079/overland_park_ks/krannawitter_groff_optmtrsts.html",safe
"spokeo.com/Candice+Gregory",safe
"youtube.com/watch?v=e55muGzKK5o",safe
"content.usatoday.com/community/tags/topic.aspx?req=tag&tag=Jim%20Tobin",safe
"simbayradio.blogspot.com/",safe
"genforum.genealogy.com/howell/page8.html",safe
"mlb.sbnation.com/authors/rob-neyer",safe
"genforum.genealogy.com/tardiff/",safe
"robrock.com/",safe
"amazon.com/Sylvania-22182-Fluorescent-Ecologic-FO32735ECOCVP/sim/B000LF5RH0/2",safe
"greenday.wikia.com/wiki/Warning",safe
"shortweird.wordpress.com/",safe
"myspace.com/gramercyparkrock",safe
"walkscore.com/OH",safe
"http://buzzfil.net/article/5617/vdm/wtf-il-est-a-l-hopital-parce-qu-il-a-tente-d-embrasser-un-serpent-3.html?href=inner_website",safe
"monmouthmedicalgroup.com/internal-medicine-md.html",safe
"torontoist.com/2009/10/google_street_view_nowhere_to_hide/",safe
"uk.linkedin.com/pub/barbara-grant-bennett/6/171/933",safe
"kansas.uscity.net/Hockey/",safe
"classmates.com/directory/public/memberprofile/list.htm?regId=369775421",safe
"mylife.com/zip-codes/b3-18629/",safe
"parl.gc.ca/HousePublications/Publication.aspx?DocId=2332145&Language=E&Mode=1&Parl=36&Ses=2",safe
"spin.com/articles/elton-john-guests-new-alice-chains-album",safe
"music.yahoo.com/faye-wong/",safe
"pipl.com/directory/name/Hooper/Clarke",safe
"myspace.com/andysix",safe
"fotolog.com/oriol_stardust/22846079",safe
"wc.rootsweb.ancestry.com/cgi-bin/igm.cgi?op=REG&db=:a57447&id=I288",safe
"cardiffaac.org/",safe
"kaco.com/KBay.HTM",safe
"healthgrades.com/physician/dr-edward-chen-2s6k8/",safe
"goodreads.com/author/show/61534.Barbara_Dee_Bennett_Baumgarten",safe
"auditionsfordisneychannel.net/",safe
"rottentomatoes.com/m/happy_elf/",safe
"cityvisionkck.org/home/staff/",safe
"breesegenealogy.blogspot.com/2011/06/limmigrants-francais-filles-marie.html",safe
"canadalawyerlist.com/lawyer/10058.html",safe
"profilecanada.com/companydetail.cfm?company=784078_Paroisse_St_Maurice_Bois-Des-Filion_QC",safe
"http://bdnews24.com/bangladesh/2015/05/12/human-traffickers-held-with-fake-passports-in-ctg",safe
"boston.com/sports/articles/2007/12/05/ravens_may_get_more_penalties/",safe
"facebook.com/michiel.werle",safe
"http://distractify.com/post/related/id/554300bc4a0c4bfd6af36269/skip/10/limit/10/back/0",safe
"en.wikipedia.org/wiki/Zero_point",safe
"oaklandhomespecialist.com/",safe
"youtube.com/watch?v=jDW3YmnF0vo",safe
"homepage.mac.com/kschember/DVD%20Collection%20REPORT.html",safe
"answers.com/topic/yale-university",safe
"momandpopmusic.com/",safe
"digg.com/news/offbeat/Make_Your_Penis_Bigger_And_Get_The_Big_Penis_Lifestyle_You_D",safe
"llbean.com/",safe
"wargs.com/other/macfarlane.html",safe
"montrealonthecheap.com/tag/parc-jean-drapeau/",safe
"findagrave.com/cgi-bin/fg.cgi?page=gr&GRid=10064847",safe
"en.wordpress.com/tag/political-satire/",safe
"vividseats.com/concerts/matt-wertz-tickets.html",safe
"ourbis.ca/51089-ferme-mont-bruno-inc-saint-bruno-de-montarville",safe
"forums.bluebombers.com/index.php?topic=25171.0",safe
"icehockey.wikia.com/wiki/Montreal_Bleu_Blanc_Rouge",safe
"hg.org/law-firms/International-Law/Turkey.html",safe
"construction-in-america.com/goods/Pressing/",safe
"elitistjerks.com/f15/t29453-combat_ratings_level_85_cataclysm/",safe
"fogu.com/hm6/chan5/mining.php",safe
"facebook.com/jmichael.smith51",safe
"http://abc.go.com/shows/jimmy-kimmel-live/episode-guide/2015-04/15-tim-allen-kiernan-shipka-music-from-drew-holcomb-and-the-neighbors",safe
"theroot.com/buzz/chauncey-bailey-case-life-arranging-murder-0",safe
"http://stackoverflow.com/questions/13219634/easiest-way-to-check-for-an-index-or-a-key-in-an-array",safe
"vitals.com/doctors/Dr_Barbara_Bennett.html",safe
"cymax.com/prepac-bma-0320-double-multimedia-storage-tower.htm",safe
"imdb.com/name/nm0830241/",safe
"channelcanada.com/Article351.html",safe
"reneritchie.com/",safe
"youtube.com/watch?v=0SlDoP-ZgC4",safe
"http://correios.com.br/para-voce/consultas-e-solicitacoes/precos-e-prazos/servicos-internacionais-1/fax-post-internacional",safe
"answers.com/topic/order-of-the-bath",safe
"obituaries.pressherald.com/obituaries/mainetoday-pressherald/obituary.aspx?n=john-w-mccallum&pid=138286573&fhid=5906",safe
"fanbase.com/New-Jersey-Devils-1994-95",safe
"twitter.com/G_Tsantrizos",safe
"kellyyerkes.mfr.mlxchange.com/?Page=1056512",safe
"sports.espn.go.com/ncf/news/story?id=3444571",safe
"webbhistory.org/harrison2.htm",safe
"names.whitepages.com/thomas/brown",safe
"porn.com/dvds/dirrty-1-2378.html",safe
"en.wikipedia.org/wiki/2007%E2%80%9308_Michigan_State_Spartans_men%27s_basketball_team",safe
"academickids.com/encyclopedia/index.php/Republican_National_Convention",safe
"tombennettphotography.com/flam.aspx",safe
"mylife.com/bigbrooakt2866y",safe
"hockeydb.com/ihdb/stats/leagues/seasons/teams/0005961993.html",safe
"naymz.com/heidimeier2143020",safe
"thestocktracer.com/search/103_3_Lima_Radio.html",safe
"texasbeyondhistory.net/forts/griffin/post.html",safe
"yourchildlearns.com/us-state-maps.htm",safe
"yelp.com/search?find_desc=woodbury+outlets&find_loc=New+York%2C+NY",safe
"petticoat.topcities.com/paul_henning_bio.htm",safe
"http://olx.ua/uk/hobbi-otdyh-i-sport/q-%D1%81%D0%BF%D0%BE%D1%80%D1%82%D0%B8%D0%B2%D0%BD%D1%8B%D0%B9-%D0%BA%D0%BE%D1%81%D1%82%D1%8E%D0%BC/",safe
"disneychannelstars.info/",safe
"http://seekingalpha.com/news/2519446-treasurys-add-to-gains-after-disappointing-retail-sales-number",safe
"linkedin.com/pub/b-anthony-hall/2/27/243",safe
"acronyms.thefreedictionary.com/Universal+International+Freephone+Service",safe
"transdevplc.co.uk/our-expertise.jsp?expertiseID=1",safe
"poetryfoundation.org/bio/robert-pinsky",safe
"local.yahoo.com/info-18748580-interstate-battery-system-dallas",safe
"http://correios.com.br/para-sua-empresa/comunicacao/certificados-digitais/ajuda-interativa/informacoes-sobre-a-baixa-dos-certificados-a3",safe
"americantowns.com/nd",safe
"boards.ancestry.com/localities.northam.usa.states.kentucky.counties.floyd/1167.1189.1197.1271.1290/mb.ashx",safe
"haitilibre.com/en/news-3366-haiti-quebec-the-mayor-of-montreal-met-the-president-michel-martelly.html",safe
"ourbis.ca/253350-jean-coutu-la-baie",safe
"http://hdfcbank.com/personal/article/know-your-finances-article/hto2kzho/1323951371",safe
"pipl.com/directory/people/Francois/Beaudin",safe
"en.wikipedia.org/wiki/Arthur_James_Nesbitt",safe
"hotel-rates.com/china/shenzhen/universal-international-hotel.html",safe
"en.wikipedia.org/wiki/Nellie_Wong",safe
"theroadwanderer.net/66Missouri/route66MO.htm",safe
"connect.in.com/loto-quebec/images-loto-quebec-819-243-7410-www-loto-quebec-com-1-829407887420.html",safe
"genforum.familytreemaker.com/auger/page2.html",safe
"zoominfo.com/people_directory/professional_profile/L-2-120927",safe
"code.google.com/apis/chart/interactive/docs/gallery/piechart.html",safe
"http://indianexpress.com/article/sports/football/manchester-city-edge-past-aston-villa-3-2-salvage-all-important-3-points/",safe
"emmanuelgarcia.slide.com/",safe
"corcoran.com/aboutus/index.aspx?page=CareersAtCorcoran",safe
"glassdoor.com/Job/NovaStar-Financial-Jobs-E7382.htm",safe
"slam.canoe.ca/SlamWrestlingArchive/feb22_superbrawl.html",safe
"http://tobogo.net/cdsb/board.php?board=love&bm=view&no=82&category=&auth=&page=1&search=&keyword=&recom=",safe
"lashlarueband.com/",safe
"mansfieldicehockey.org/index.php?id=history20062007",safe
"westggsa.blogspot.com/2008/03/interessanthede-uit-e-sagi-11.html",safe
"ottawastart.com/story/1312.php",safe
"stltoday.com/news/local/metro/kirkwood-delays-decision-to-raze-mel-bay-building/article_b7d99c38-081d-11e1-9341-001a4bcf6878.html",safe
"classfinders.com/directory/ca/oakland/",safe
"http://gawker.com/hackers-leak-new-sony-movies-threaten-to-dump-stars-pe-1665122222",safe
"lanamaine.org/",safe
"montrealonthecheap.com/2011/07/fun-in-the-sun-at-cabot-square-july-5-to-august-4-2011/",safe
"listenonline24.com/listen/La_Kalle_1003",safe
"youtube.com/watch?v=GGTdiQLPG3o",safe
"renaud-bray.com/books_product.aspx?id=879700&def=Exercices+pour+r%C3%A9viser+l'orthographe%2CCADIEUX%2C+FRANCOISE%2C9782891444484",safe
"isaacjamesblog.com/",safe
"diplom.org/manus/tree/?person=MMM",safe
"cdnbca.org/",safe
"http://mic.com/articles/117318/13-indie-films-to-help-you-beat-the-blockbuster-heat-this-summer",safe
"http://pornsharing.com/cute-blonde-gets-her-ass-hole-stretched-by-black-dick_v59861",safe
"uk.eurosport.yahoo.com/23102011/63/tisdale-team-talk-worked-wonders.html",safe
"allposters.com/-st/Jules-Alexandre-Gruen-Posters_c78783_.htm",safe
"seeklyrics.com/lyrics/The-Besnard-Lakes/",safe
"zillow.com/homes/for_sale/Lima-OH/",safe
"stub.com/american-idiot-tickets/",safe
"sportslogos.net/team.php?id=109",safe
"collegefootball.rivals.com/viewCFSE.asp?selposition=2",safe
"http://atwiki.jp/wiki/%E3%81%A8%E3%82%82%E3%81%A0%E3%81%A1%E3%82%B3%E3%83%AC%E3%82%AF%E3%82%B7%E3%83%A7%E3%83%B3%20%E3%83%9E%E3%82%B8%E3%82%B3%E3%83%B3%E5%9B%9E%E9%81%BF",safe
"http://twitter.com/home?status=%E3%83%8C%E3%81%91%E3%82%8B%EF%BC%81%E3%80%90%E3%82%B3%E3%82%B9%E3%83%97%E3%83%AC%E3%83%BB%E5%88%B6%E6%9C%8D%E7%B3%BB%E3%80%91+http%3A%2F%2Fero-video.net%2Ft%2FIG7zzE3yrKS0bB3r+%E3%82%A8%E3%83%AD%E3%81%84%E7%9C%8B%E8%AD%B7%E5%B8%AB+%23ero+%23douga+%23agesage",safe
"atlific.com/properties/montreal_marriott_chateau_champlain.aspx",safe
"celtic-casimir.com/webtree/3/2552.htm",safe
"unidostango.com/sample-computer-product-sales-resume.htm",safe
"rubenmancias.podomatic.com/",safe
"artists.letssingit.com/the-black-eyed-peas-album-the-beginning-zmkghb",safe
"useralaw.com/Team.html",safe
"https://500px.com/photo/23303881/tignes-communication-campaign-2010-the-whip-by-tristan-shu?from=set&set_id=492385",safe
"mccarthysettlement.com/",safe
"oneartworld.com/artists/Zi-/",safe
"desperate-housewives.c0sm.org/index.php?cast=dougsavant",safe
"youtube.com/watch?v=KA5ZRS76nHk",safe
"superiorpics.com/christina_ricci/",safe
"moviedeaths.com/commando/sully/",safe
"in.kompass.com/profile_IN844959_en/polymer-industries-india-ltd-ps.html",safe
"usfdons.com/sports/m-baskbl/2010-11/releases/20101227dx9691",safe
"imdb.com/title/tt0265208/",safe
"juggle.com/cincinnati-bengals",safe
"tomsawyer.com/pressreleases/index.php",safe
"thewestsidegazette.com/News/Search/AdvancedSearch.asp?sID=7",safe
"http://web.de/magazine/wissen/blog/brynja-adam-radmanic/heimischen-dinos-spur-18301144",safe
"linkpendium.com/genealogy/USA/CA/Alameda/",safe
"pipl.com/directory/people/Gerard/Asselin",safe
"thefreedictionary.com/Hot+Springs",safe
"http://tunein.com/radio/CBC-Radio-One-Halifax-905-s25284/15480783/ca-pub-1542925551861702/StationLeader",safe
"encyclopedia.farlex.com/Townships",safe
"http://techcrunch.com/2015/03/13/this-week-on-the-tc-gadgets-podcast-apple-watch-macbook-chromebook-pixel/",safe
"coursesmart.com/visions-the-canadian-history-modules-project/samson-bryden-coates-lux-marks-martel/dp/9780176502805",safe
"markrobertgordon.com/",safe
"http://elitedaily.com/news/world/elon-musk-denies-shaming-employee-childbirth/1031921/",safe
"grouprecipes.com/62637/heart-healthy-spanish-rice.html",safe
"music.yahoo.com/aardvark/",safe
"thecanadianencyclopedia.com/index.cfm?PgNm=TCE&Params=U1ARTU0002328",safe
"myspace.com/sharkbitetapes",safe
"http://b9dm.com/index.php/video/index.php/video/show/cid/56/order/index.php/video/show/cid/56/order/2",safe
"oaoa.com/articles/15in-50907-randy-line.html",safe
"utah.gov/governor/news_media/article.html?article=5425",safe
"commons.wikimedia.org/wiki/United_States_generals",safe
"amazon.com/Weirdsville-Taryn-Manning/dp/B000OU0826",safe
"community.webshots.com/user/janezmu/tags/western-europe/photos",safe
"answers.com/topic/clay-county-missouri",safe
"gradschoolfinder.com/schools/programdetail.asp?FOSKeywords=McGill+University+-+Graduate+and+Postdoctoral+Studies&SearchType=School&ProgramID=40004",safe
"http://web.tv/liveCategory/56/language/1/index/changeLanguage/newshared/searchAutoComplete",safe
"nhptv.org/natureworks/yellowcrownednightheron.htm",safe
"bbc.stats.com/",safe
"familytreemaker.genealogy.com/users/m/c/g/Martin-D-Mcgregor/WEBSITE-0001/UHP-Index.html",safe
"archive.org/stream/addressesproce1899natiuoft/addressesproce1899natiuoft_djvu.txt",safe
"facebook.com/group.php?gid=4943850963",safe
"en.wikipedia.org/wiki/1950_NAIA_Men%27s_Division_I_Basketball_Tournament",safe
"zimbio.com/photos/Seth+Sinovic/Andy+Najar",safe
"sports.espn.go.com/nfl/news/story?id=5984058",safe
"rootsweb.ancestry.com/~nyononda/CEMETERY/HOUGHTAL.HTM",safe
"kckcmedical.com/",safe
"billiard-antiques.com/tables/trophytable.html",safe
"adc.arkansas.gov/",safe
"en.wikipedia.org/wiki/Michel_Briere",safe
"ukrainevengland.com/",safe
"kanaly.com/en/art/?4",safe
"freepages.genealogy.rootsweb.ancestry.com/~npmelton/SFRepeal1.htm",safe
"freepages.genealogy.rootsweb.ancestry.com/~vanepsgenealogy/cousins.html",safe
"en.wikipedia.org/wiki/Selau",safe
"mp3boo.com/download-mp3/lostprophets-liberation-transmission.htm",safe
"http://ap.org/Content/AP-In-The-News/2015/AP-to-bolster-coverage-offer-more-affordable-rates",safe
"uk.linkedin.com/pub/dir/+/Meldrum",safe
"people.famouswhy.com/cassidy_gifford/",safe
"resershop.blogspot.com/2008/07/trail-building-at-aj-jolly-park.html",safe
"babycenter.com/baby-names-janina-2232.htm",safe
"snowcaptraffic.com/records/ted",safe
"heenan.ca/en/ourTeam/bio?id=331",safe
"huffingtonpost.com/2011/11/19/avalanche-beat-stars-jean_n_1102834.html",safe
"uk.ratemyteachers.com/teacher/D",safe
"linkedin.com/pub/amelia-campbell/10/b23/46",safe
"freeclassicaudiobooks.com/audiobooks/Sawyer/mp3/",safe
"nndb.com/people/092/000095804/",safe
"amazon.com/Captain-America-Avenger-Alan-Silvestri/dp/B0050PLTJQ",safe
"henryrollins.shop.musictoday.com/Product.aspx?pc=1HCD15",safe
"city-data.com/zips/27514.html",safe
"flixster.com/actor/anke-engelke",safe
"encyclopedia2.thefreedictionary.com/Royal+water",safe
"mcgillgynonc.com/",safe
"economicexpert.com/a/CEGEP.htm",safe
"bathtownship.org/",safe
"finance.yahoo.com/q?s=umbf",safe
"singinglessonsreviews.com/",safe
"richardeaston.com/",safe
"http://digg.com/video/heres-the-trailer-for-cowboys-vs-dinosaurs-which-is-a-very-real-movie",safe
"blogcritics.org/music/article/music-review-the-fishtank-ensemble-woman/",safe
"campaignmoney.com/political/committees/texans-for-henry-bonilla.asp?cycle=06",safe
"ubayp.com/",safe
"linkedin.com/pub/street-guy/7/b0b/a52",safe
"facebook.com/codmansqhealthcenter",safe
"3pb.co.uk/profile/andrew-macphail",safe
"kcradio.tripod.com/",safe
"whosdatedwho.com/tpx_126564/miranda-garrison/",safe
"search-torrent.com/search.php?t=wwe%20survivor%20series",safe
"freebase.com/view/en/dick_peabody",safe
"en-gb.facebook.com/tvaquebec",safe
"ayushitravel.com/",safe
"dl.acm.org/citation.cfm?id=1387153",safe
"video.tvguide.com/Search/Joie+Lee",safe
"simple.wikipedia.org/wiki/Fun_and_Fancy_Free",safe
"en.wikipedia.org/wiki/Asunder_(band)",safe
"iwatchmoviesonline.eu/movies/possession-2002/",safe
"cbenee.webs.com/mlpwtw.htm",safe
"predators.nhl.com/club/page.htm?id=65319",safe
"quickfacts.census.gov/qfd/states/27/27099.html",safe
"amazon.com/s?ie=UTF8&rh=i%3Aaps%2Ck%3ARoger%20Salkeld&page=1",safe
"music.wikia.com/wiki/List_of_record_labels_starting_with_E",safe
"tv.com/people/tara-spencer-nairn/",safe
"techfellow.com/disruptive-innovation/scott-banister",safe
"volatilephotography.blogspot.com/2008_07_01_archive.html",safe
"youtube.com/watch?v=MllwSCrJz9g",safe
"jdco.org/index5.html",safe
"askbiography.com/bio/1976_Kansas_City_Chiefs_season.html",safe
"http://jalopnik.com/justice-police-drop-charges-after-arresting-wrong-chal-1703943408/layer/",safe
"rudysbarnyc.com/",safe
"wn.com/Frere_chasseur",safe
"youtube.com/watch?v=UaAn4BgY5iI",safe
"http://olx.ua/uk/list/q-%d0%ba%d1%80%d0%be%d1%81%d1%81%d0%be%d0%b2%d0%ba%d0%b8/gtm.js/",safe
"facebook.com/people/Keith-Laxton/733929458",safe
"hollywoodpreviews.com/rebecca-de-mornay.html",safe
"crazyabouttv.com/rhoda.html",safe
"thesilentballet.com/tsbt/2004top502.html",safe
"sportscollectors.net/Players.aspx?c=3&bl=Y&el=Y",safe
"darylmorgan.com/?p=1",safe
"thegoalisgreen.canadiens.com/",safe
"imtl.org/montreal/building/Drummond-Medical-Building.php",safe
"http://torrentdn.com/bbs/s.php?bo_table=torrent_variety&wr_id=113955&k=%EB%AA%A9%EC%86%8C%EB%A6%AC&page=1",safe
"absoluteastronomy.com/topics/Italy_national_football_team",safe
"barnesandnoble.com/w/exit-wounds-modan/1100649669?cm_mmc=borders-_-sku-_-na-_-na&ean=9781897299838&redir=borders",safe
"nytimes.com/2011/05/16/world/europe/16turkey.html",safe
"prsearch.com/new_jersey/middlesex.htm",safe
"longviewusa.com/directory",safe
"pitch.com/plog/archives/2011/09/26/before-the-playboy-club-was-a-tv-series-it-was-a-kanas-city-hot-spot",safe
"wiki.answers.com/Q/How_old_is_Jonny_Lang",safe
"youtube.com/watch?v=vO0aYcBDn6M",safe
"http://superuser.com/questions/914461/network-shuts-down-when-downloading-large-file-thrue-5-0-ghz-netowrk",safe
"wiki.answers.com/Q/When_did_Alexandre_Bilodeau_start_skiing",safe
"desireworship.com/",safe
"linkedin.com/company/la-corporation-f-lix-hubert-d'h-relle-maison-d'h-relle-",safe
"metrolyrics.com/left-outside-alone-lyrics-anastacia.html",safe
"greatschools.org/washington/ravensdale/",safe
"aboutdivorce.org/mo/harrisonville.html",safe
"songkick.com/artists/62987-melora-creager",safe
"http://twitter.com/home?status=%E3%83%8C%E3%81%91%E3%82%8B%EF%BC%81%E3%80%90%E5%B7%A8%E4%B9%B3%E3%80%91+http%3A%2F%2Fero-video.net%2Ft%2F1KBppDcU8k2wecME+%E5%B7%A8%E4%B9%B3%E3%82%B7%E3%83%A3%E3%83%AF%E3%83%BC%E3%82%AA%E3%83%8A%E3%83%8B%E3%83%BC+%23ero+%23douga+%23agesage",safe
"spokeo.com/Ray+Chapman",safe
"associatedcontent.com/article/321672/jesse_gonder_fighting_fastballs_and.html",safe
"nei.org/aboutnei/governanceandleadership/richardjmyers/",safe
"theurbandaily.com/music/theurbandailystaff2/diddy-nervous-about-singing-on-last-train-to-paris-album/",safe
"impacttest.com/doctors/id/471",safe
"http://serverfault.com/questions/81605/messages-released-from-mailscanner-quarantine-are-marked-as-duplicatedeliver-in",safe
"http://auto.ru/cars/bmw/x3/all/?search%5Bstate%5D=1&search%5Bperiod%5D=0&search%5Bcustom%5D=1&search%5Bsection_id%5D=0&search%5Bmark%5D%5B0%5D=30&search%5Bmark-folder%5D%5B0%5D=30-48686_2924",safe
"irentdallas.com/kesslerpark.htm",safe
"movie-list.com/trailers.php?id=cairotime",safe
"boston1775.blogspot.com/2008/12/asa-pollard-casualty-on-bunkers-hill.html",safe
"proteinwisdom.com/?p=10714",safe
"photobucket.com/images/zaho/",safe
"rorylofthouse.co.uk/",safe
"videosurf.com/3x-krazy-40342",safe
"ticketsinventory.com/concert/peter-murphy-tickets/",safe
"123people.com/s/sid+lee",safe
"belgium-dating.connectingsingles.com/",safe
"genforum.genealogy.com/audet/",safe
"blu-raydisc-reporter.com/",safe
"en-gb.facebook.com/DanBlackburnIM",safe
"https://twitter.com/home?status=%E3%83%8C%E3%81%91%E3%82%8B%EF%BC%81%E3%80%90%E7%BE%8E%E5%B0%91%E5%A5%B3%E3%80%91+http%3A%2F%2Fero-video.net%2Ft%2F5BEl03Sbd8deqTyI+%E6%B8%8B%E8%B0%B7%E3%82%8A%E3%81%AA+%E7%84%A1%E4%BF%AE%E6%AD%A3+2+%23ero+%23douga+%23agesage",safe
"cityofnovi.org/Resources/Library/Minutes/Planning/2005/051109.htm",safe
"poland-rentals.com/",safe
"espn.go.com/mlb/standings",safe
"yatedo.com/s/Annie+G%C3%A9rin",safe
"ca.linkedin.com/in/actorrobertnolan",safe
"skullfracturingmetal.blogspot.com/2011/10/warbringer-america-torn-asunder.html",safe
"en.wikipedia.org/wiki/2010_Kansas_Collegiate_Athletic_Conference_football_season",safe
"kocosports.com/absolutenm/anmviewer.asp?a=29850&z=4",safe
"scribd.com/doc/59490441/Podcasting-For-Dummies",safe
"facebook.com/fred.silva2",safe
"ca.linkedin.com/pub/paola-samuel/3/A67/798",safe
"torontolife.com/daily/informer/from-print-edition-informer/2011/03/08/not-asian-enough-jan-wong-on-the-phenomenon-of-“tiger-mom”-parenting/",safe
"renewableenergyworld.com/rea/news/article/2011/01/hydro-quebec-introducing-electric-vehicles",safe
"silenthollywood.com/WAMPUSbabystars.html",safe
"forum4designers.net/message501677.html",safe
"123people.ca/s/michel+turcotte",safe
"picarena.com/index.php?fighter1=Roberta+Vasquez&fighter2=Venus+Terzo&action=fight",safe
"http://olx.co.id/i2/properti/apartment/dijual-apartment/properti/apartment/dijual-apartment",safe
"jimmartinsongs.com/",safe
"torrentdownloads.net/torrent/1653294361/le+devoir+2011-11-07+pdf",safe
"http://techcrunch.com/2013/06/10/lamoda-the-samwer-brothers-russian-online-fashion-store-snags-130m-led-by-access-industries/",safe
"http://thenextweb.com/magazine/2012/11/30/10-cool-kickstarter-gadgets-that-have-been-funded-finished-and-brought-to-market/gtm.js",safe
"candystand.com/play/headcase",safe
"the-daily-record.com/news/printer_friendly/5125048",safe
"altiusdirectory.com/Sports/pan-american-games-squash.html",safe
"senate.leg.state.mn.us/members/member_bio.php?district=61",safe
"foster.ly/",safe
"vertor.com/torrents/472939/V-A-The-Stuff-That-Dreams-Are-Made-Of-The-Dead-Sea-Scrolls-O",safe
"repalriley38.com/",safe
"yatedo.com/s/Holy+Family+Church+%28Kansas+City%2C+Kan.%29",safe
"tntvideo.com/",safe
"http://fortune.com/video/2014/11/18/snapchat-reveals-snapcash-mobile-payments-service/",safe
"nxtbook.com/nxtbooks/sb/rts0110_tbg/index.php?startid=78",safe
"cateyandrews.hubpages.com/",safe
"mylife.com/c-1379455376",safe
"factbites.com/topics/Edward-Hincks",safe
"corridor.aero/",safe
"redfin.com/neighborhood/2146/CA/Oakland/Pill-Hill",safe
"philpapers.org/rec/ARMOCA",safe
"tinkerandtheprimes.com/",safe
"jonathandayton1975.com/class_classmates.cfm",safe
"hollywoodtimemachine.blogspot.com/2007/11/vitaphone-shorts-in-new-dvd-release-of.html",safe
"creativeimageproducts.com/",safe
"cnmat.berkeley.edu/event/2010/05/21/open_sound_west_presents_lou_bunk_ken_ueno_matt_ingall",safe
"io9.com/5405052/1950s-science-fiction-loved-neanderthals-feared-polio",safe
"mylife.com/gracecheneyparsons",safe
"http://web.de/magazine/sport/mehr-sport/floyd-mayweather-gewinnt-manny-pacquiao-30614230",safe
"http://sfglobe.com/2015/04/02/this-everyday-product-can-cause-a-big-problem-maybe-we-need-to-be-more-careful/",safe
"myspace.com/jeff_646",safe
"metropolisbleu.org/index.php?id=152",safe
"loc.gov/rr/business/BERA/issue3/football.html",safe
"calgaryherald.com/topics/topic_browse.html?startswith=S",safe
"http://web.de/magazine/unterhaltung/adel/royal-baby-2/schwangere-kate-tritt-erstmals-30156366",safe
"spokeo.com/John+Houghtaling",safe
"myspace.com/thesetofredthings",safe
"en.wikipedia.org/wiki/San_Francisco",safe
"facebook.com/people/Chuck-Walker/578779686",safe
"rave.ca/",safe
"zimbio.com/Kaniehtiio+Horn/pictures/pro",safe
"music.napster.com/frank-sinatra-music/albums/11567246",safe
"momcinema.com/free/pics-movies/vasconcelos/",safe
"vodpod.com/watch/1436417-steve-brule-the-griddleman",safe
"restaurants.uptake.com/ohio/lima/ohio_theatre_lima_ohio_27076923.html",safe
"okcareertech.org/foundation/hall%20of%20fame/deweybartlett.htm",safe
"pk-nation.com/",safe
"spoke.com/dir/p/bouchard/pierre",safe
"yfrog.com/kllc3mpj",safe
"absoluteastronomy.com/topics/Olympic_Stadium_(Moscow_arena)",safe
"mediaperformanceinstitute.com/?p=135",safe
"huntercompteam.blogspot.com/2009/02/j4s5s-bring-home-6-gold2-silver3-bronze.html",safe
"lyricsbay.com/diane_dufresne_lyrics.html",safe
"http://plarium.com/it/giochi-di-strategia/stormfall-age-of-war/notizie/aggiornamento-ricompense-missioni-della-congrega/",safe
"http://askubuntu.com/questions/623339/altough-i-installed-gsl-library-g-cannot-compile-my-code",safe
"zoominfo.com/people/Murdocco_Richard_593179909.aspx",safe
"missuniverse.com/galleries/view/990",safe
"education.com/schoolfinder/us/virginia/stafford/grace-preparatory-school/",safe
"magicyellow.com/category/Dry_Cleaners/Coldwater_OH.html",safe
"starting-points.blogspot.com/2011/05/syrian-president-assad-blows-his.html",safe
"historycentral.com/navy/ap/WilliamWardBurrows.html",safe
"facebook.com/casey.merrill",safe
"evodl.com/movies/tv-shows/2966-hawaii-five-0-2010-s01e01-pilot.html",safe
"http://www.garage-pirenne.be/index.php?option=com_content&view=article&id=70&vsig70_0=15",suspicious
"http://adventure-nicaragua.net/index.php?option=com_mailto&tmpl=component&link=aHR0cDovL2FkdmVudHVyZS1uaWNhcmFndWEubmV0L2luZGV4LnBocD9vcHRpb249Y29tX2NvbnRlbnQmdmlldz1hcnRpY2xlJmlkPTQ3OmFib3V0JmNhdGlkPTM2OmRlbW8tYXJ0aWNsZXMmSXRlbWlkPTU0",suspicious
"http://www.pashminaonline.com/pure-pashminas",suspicious
"http://www.ikenmijnkunst.nl/index.php/exposities/exposities-2006",suspicious
"http://www.lebensmittel-ueberwachung.de/index.php/aktuelles.1",suspicious
"http://www.szabadmunkaero.hu/cimoldal.html?start=12",suspicious
"http://larcadelcarnevale.com/catalogo/palloncini",suspicious
"http://www.vnic.co/khach-hang.html",suspicious
"http://peluqueriadeautor.com/index.php?option=com_virtuemart&page=shop.browse&category_id=31&Itemid=70",suspicious
"http://www.824555.com/app/member/SportOption.php?uid=guest&langx=gb",suspicious
"http://www.raci.it/component/user/reset.html",suspicious
"http://earth-sure.com/industrial-tech/everlast-impact-resistant-dumpster-enclosure",suspicious
"http://www.newtec.ac.uk/courses/health-and-social-care/level-2-diploma-in-health-a-social-care-.html",suspicious
"http://www.kingsmillshotel.com/spring/mothers-day",suspicious
"http://www.approvi.com.br/ck.htm",suspicious
"http://www.shaborooz.ir/index.php?view=article&catid=7:1390-01-27-09-09-55&id=23:1390-04-12-08-07-33&tmpl=component&print=1&layout=default&page=&option=com_content&Itemid=2",suspicious
"http://www.juventudelirica.com.br/index.html",suspicious
"http://www.myenrg.com/southwest/9-texas",suspicious
"http://www.musimagen.com/lista_socios.php?letra=\303%91",suspicious
"http://www.pn-wuppertal.de/links/2-linkseite/5-httpwwwkrebshilfede",suspicious
"http://asociacionkaribu.org/index.php/servicios/centro-jambo",suspicious
"http://www.parafiapiaski.pl/index.php?option=com_user&view=remind",suspicious
"http://www.artedesignsas.it/catalogo.html?page=shop.browse&category_id=14",suspicious
"http://www.viamanaus.com.br/index.php?option=com_wrapper&view=wrapper&Itemid=297",suspicious
"http://www.protect-effect.nl/diensten/62-telefonie",suspicious
"http://www.gst-ukraine.com.ua/ukraine/tours/2754-arboretum-alexandria-sofiyivka",suspicious
"http://www.bg-ricevimenti.it/index.php/location/osteria-del-molo.html?fontstyle=f-smaller",suspicious
"http://9779.info/%E5%84%BF%E7%AB%A5%E7%AB%8B%E4%BD%93%E7%BA%B8%E8%B4%B4%E7%94%BB/",suspicious
"http://www.boeuf-soufflenheim.com/de.feed?type=rss",suspicious
"http://www.trenker-bestattungen.de/index.php?option=com_content&view=article&id=13&Itemid=14",suspicious
"http://www.aba-diagnostic.com/espace-prive/reset.html",suspicious
"http://www.paoarapanui.cl/index.php?option=com_contact&view=contact&id=1&Itemid=6",suspicious
"http://www.tiendagnulinux.com.ar/calcomanias-en-vinilo?page=shop.browse&category_id=52",suspicious
"http://chelurao.ru/index.php?option=com_content&view=article&id=9&Itemid=10&lang=ru",suspicious
"http://9779.info/%E6%A0%91%E5%8F%B6%E7%B2%98%E8%B4%B4%E7%94%BB/",suspicious
"http://www.familienbund.org/index.php?option=com_content&view=article&id=291:stellungnahme-des-familienbundes-der-katholiken-zum-referentenentwurf-eines-gesetzes-zur-erweiterung-der-grosselternzeit-&catid=5:stellungnahmen&Itemid=8",suspicious
"http://www.vanoorschotkranen.nl/hoogwerker/hoogwerkers.pdf",suspicious
"http://www.academiedumeuble.ca/index.php?option=com_seminar&task=3&cid=516&sem_midx=0&sem_jidx=0&Itemid=69",suspicious
"http://maslen.sk/index.php?option=com_contact&view=contact&id=37:iados-o-obchodnu-spolupracu&catid=29:dopytformular&Itemid=5",suspicious
"http://www.clinicatecma.es/index.php/densiometria",suspicious
"http://www.perthshire-caravans.co.uk/stock-list/caravans/706-elddis-odyssey-540",suspicious
"http://rendeck.com/index.php/nl/vacatures/table/9/0/index.html?resetfilters=0",suspicious
"http://listovka.info/xmap.html",suspicious
"http://9779.info/%E5%8F%A4%E4%BB%A3%E4%BA%8C%E5%8D%81%E5%9B%9B%E5%AD%9D%E5%B8%83%E8%B4%B4%E7%94%BB/",suspicious
"http://www.jnpiraq.net/arabic/index.php?option=com_content&view=article&id=610&catid=5&Itemid=10",suspicious
"http://www.versverwerktegroenten.nl/bruine-bonen.html",suspicious
"http://ecoledecoiffurecarolinelaprise.com/formations/pose-ongles/108.html",suspicious
"http://chinacxyy.com/piccodejs-000.asp?lm2=191&x=3&y=2&w=90&h=63&open=1&n=10&tj=0",suspicious
"http://9779.info/%E6%8A%98%E7%BA%B8%E6%89%87%E5%AD%90%E6%8B%BC%E8%B4%B4%E7%94%BB/",suspicious
"http://www.nabu-gaildorf.de/index.php?option=com_jevents&task=day.listevents&year=2013&month=01&day=01&Itemid=33",suspicious
"http://kccs.nichost.ru/index.php?option=com_content&view=article&id=107:-24052012-213&catid=17:news&Itemid=35",suspicious
"http://www.nubiafarias.com/v1/index.php?option=com_mailto&tmpl=component&link=b9f337d1ca40d09a113ab5ae6426a96e642fb2af",suspicious
"http://www.elektro-vozila.si/motocikli/novice/volta-bcn-city-je-elektricni-mestni-supermoto-iz-spanije",suspicious
"http://www.musimagen.com/lista_socios.php?pagina=15&letra=",suspicious
"http://sexshop-bg.biz/products?page=shop.browse&category_id=276",suspicious
"http://mueblesjulianjimenez.es/index.php?page=shop.browse&category_id=14&option=com_virtuemart&Itemid=9",suspicious
"http://fischereiverein.org/bildergalerie/category/45-faenge-oktober-2010",suspicious
"http://www.expatsalon.ru/index.php/2009-03-04-07-22-09/category/7-.html?start=20",suspicious
"http://apoiojur.com.br/index.php?%2FTable%2FAdministrativo%2F",suspicious
"http://www.steffen-lemme.de/contact/berliner-buero/besuch-in-berlin",suspicious
"http://djsipke.nl/foto-album/1-cafedeknyp/detail/74-104.html?tmpl=component",suspicious
"http://www.harley-davidson-dijon.com/component/adsmanager/1-/737-",suspicious
"http://www.smartphone.net.br/index.php?option=com_content&view=article&id=66&Itemid=60&lang=pt",suspicious
"http://www.annamodlo.com.ua/index.html",suspicious
"http://www.aquamarinadivingtenerife.com/en/sites-of-interest.html",suspicious
"http://www.lafavoritacb.com/index.php?option=com_content&view=article&id=107:horarioinvierno&catid=43:articulos&Itemid=77",suspicious
"http://www.sidecocarrelli.it/x.txt",suspicious
"http://www.metalsul.ind.br/site/index.php?option=com_morfeoshow&Itemid=",suspicious
"http://portal.dddgaming.com/docs/rules/15022/cn/game_cn.html?amluMjAxNQ%3D%3D",suspicious
"http://www.school91.kiev.ua/index.php?option=com_content&view=category&layout=blog&id=38&Itemid=57",suspicious
"http://djkatrina.ru/sobytiya/meropriyatiya/klub-prime-otkryvaetsya-posle-remonta-i-razdaet-podarki.html",suspicious
"http://szgs.ru/information-for-you/interesting-articles/13-2008-08-04-06-37-10.html",suspicious
"http://www.sandroecicero.com.br/index.php?option=com_content&view=article&id=1&Itemid=3&vsig1_0=18",suspicious
"http://9779.info/%E7%AE%80%E5%8D%95%E6%8A%98%E7%BA%B8%E7%B2%98%E8%B4%B4%E7%94%BB/",suspicious
"http://www.ekino-neureut.de/index.php?option=com_content&view=article&id=15&Itemid=15",suspicious
"http://www.rockabilly.it/gruppi/52-four-stars.html",suspicious
"http://www.rathgaelgym.org/squads/mag.1",suspicious
"http://apoiojur.com.br/index.php?%2FNoticias%2Fnoticias.html",suspicious
"http://www.graz4u.at/de/produkte/187-high-level-e-mail-security.html",suspicious
"http://www.richpictures.co.uk/home/viewpost/232",suspicious
"http://9779.info/%E5%B9%BC%E5%84%BF%E7%B2%BD%E5%8F%B6%E8%B4%B4%E7%94%BB/",suspicious
"http://www.simmeurope.com/index.php?view=article&id=23:budget-economique-exploratoire-pour-lannee-2012&tmpl=component&print=1&layout=default&page=&option=com_content&Itemid=48",suspicious
"http://spplodz.nazwa.pl/archiwum/2006_08b.php",suspicious
"http://www.bertilohlsson.com/de/component/user/login?return=aHR0cDovL3d3dy5iZXJ0aWxvaGxzc29uLmNvbS9iaWxkZXJnYWxlcmllL2tsYXNzaXNjaGUtZG9zZW4vcnVuZGUtZm9ybT9sYW5nPWRl",suspicious
"http://www.besztercekk.hu/index.php?option=com_lr&view=stadium&id=1&Itemid=162",suspicious
"http://www.manganellipalace.it/de/willkommen-bei.html",suspicious
"http://www.sikobv.eu/nl/component/mailto/index.html?tmpl=component&link=aHR0cDovL3d3dy5zaWtvYnYuZXUvbmwvY29tcG9uZW50L2NvbnRlbnQvYXJ0aWNsZS8yLXZvb3JwYWdpbmEtdGFiLzI0MC1kZWxvLW5ldy1jYXJ0cmlkZ2Utc3lzdGVtLmh0bWw=",suspicious
"http://midas-medical.com/products/electrocardiographecg/cardio-max-series/cardio-max-cm-03c/index.html",suspicious
"http://www.kommunalbit.de/index.php?option=com_content&view=section&id=5&Itemid=14",suspicious
"http://www.galerie-unterm-maulbeerbaum.de/index.php?option=com_content&view=article&id=58&Itemid=57",suspicious
"http://www.smos.cn/Case.asp?id=14",suspicious
"http://www.nissad.com/nissad-contact.html",suspicious
"http://www.whitminsterinn.co.uk/specialevents/calendar-day/03/01/2013",suspicious
"http://grasslandhotel.com.vn/index.php/component/djcatalog2/items/6-services",suspicious
"http://totallifechurchjax.com/index.php?option=com_content&view=article&id=182:may-29-teamwork-episode-07&catid=66:teamwork",suspicious
"http://www.dolcevino.it/index.php?option=com_contact&view=contact&id=3&Itemid=111",suspicious
"http://9779.info/%E4%BA%94%E8%B0%B7%E6%9D%82%E7%B2%AE%E4%BA%BA%E7%89%A9%E7%B2%98%E8%B4%B4%E7%94%BB/",suspicious
"http://danielfabri.com.ar/mapa-del-sitio/index.html",suspicious
"http://bjgdhm.com/cn/product.asp?id_code=0007",suspicious
"http://www.suiteorchestra.it/index.php?option=com_content&view=article&id=91:i-flauti&catid=38:rokstories&lang=it&Itemid=",suspicious
"http://rendeck.com/index.php/en/services/consultancy/joint-technology-selection",suspicious
"http://www.qrscelltech.com/de/component/content/article/44-qrs-fuer-leistungsorientierte-menschen?tmpl=component&print=1&page=",suspicious
"http://www.identcode.cz/cs/laserove-snimace-stacionarni.php",suspicious
"http://9779.info/%E6%AF%9B%E7%BA%BF%E8%B4%B4%E7%94%BB%20%E5%9C%BA%E6%99%AF%E5%9B%BE/",suspicious
"trtsport.cz",suspicious
"http://style.org.hc360.com/css/detail/mysite/siteconfig/pro_control.css",suspicious
"http://www.cannonvaleautopro.com.au/tools.html",suspicious
"http://diddydeshi.com/latest-news/2-latest-news/261-speech-given-at-october-main-grading.html",suspicious
"http://img14.360buyimg.com/n12/g12/M00/07/06/rBEQYVGV9NMIAAAAAAC3mn17ud8AABZ_wDjtTAAALey000.jpg%21q70.jpg",suspicious
"http://9779.info/%E6%89%8B%E5%B7%A5%E6%B2%BE%E8%B4%B4%E7%94%BB%E5%9B%BE%E7%89%87/",suspicious
"http://www.natureevent.dk/component/mailto/index.html?tmpl=component&link=aHR0cDovL3d3dy5uYXR1cmVldmVudC5kay9ha3Rpdml0ZXRlci5odG1s",suspicious
"http://sladkiybuket.net/index.php?page=shop.product_details&category_id=4&flypage=flypage_lite_pdf.tpl&product_id=37&option=com_virtuemart&Itemid=55",suspicious
"http://www.sklep-splawik.pl/index.php?option=com_content&view=article&id=17:pokaz-maver-2010&catid=7:pokazy-sprztu&Itemid=13",suspicious
"http://www.latablepaysanne.fr/index.php?option=com_content&view=frontpage&Itemid=12",suspicious
"http://www.lescoulissesdetanger.com/galeriesmusees",suspicious
"http://www.akmediaproductions.ca/index.php?option=com_content&view=article&id=53:custom-templates&catid=36:web-development&Itemid=71",suspicious
"http://annviviskennel.net/index.php?option=com_content&view=article&id=56&Itemid=79",suspicious
"http://www.mo-priv.ru/index.php?option=com_content&view=article&id=838:2012-02-20-05-31-23&catid=39:2010-03-31-18-10-44&Itemid=62",suspicious
"http://www.dtcbv.nl/component/virtuemart/index.html?page=shop.browse&category_id=71",suspicious
"http://www.real-house.nl/home/169-news-scene/964-the-calling-of-defected.html?tmpl=component&print=1&page=",suspicious
"microencapsulation.readmyweather.com",suspicious
"http://www.ondrejov.cz/programy/uzavrena-skupina",suspicious
"http://engine32truck16.com/component/content/article/87-anacostia-house.html",suspicious
"http://onlineigri.net/all-games/igri-s-koli",suspicious
"http://www.vilagnomad.com/tables/payday-loans-direct-lenders-only.php",suspicious
"http://r-tuning.com.ua/index.php?option=com_virtuemart&page=shop.browse&category_id=420&Itemid=1",suspicious
"http://svadebny.com/x.txt",suspicious
"http://www.daytonaelectronics.co.za/index.php?option=com_content&view=article&id=47&Itemid=54",suspicious
"http://www.ijsbaanapeldoorn.nl/fotos-videos.html?vsig4_0=18&vsig4_1=2",suspicious
"http://www.easylivinggreenproducts.com.au/shop.html?page=shop.product_details&category_id=41&flypage=flypage.tpl&product_id=93",suspicious
"http://sfhhz.com/channels/138.html",suspicious
"http://www.tvsk.com.au/index.php",suspicious
"http://www.nabu-gaildorf.de/index.php?option=com_search&Itemid=5",suspicious
"http://www.botoxina.com/index.php?view=article&id=81:b0toxina-injectable-b&tmpl=component&print=1&layout=default&page=&option=com_content&Itemid=105&lang=en",suspicious
"http://zshsq.com/news/html/index.html?429.html",suspicious
"http://www.sanpedrolee.com.ar/index.php?option=com_content&view=article&id=49&Itemid=70",suspicious
"http://www.beriva.lt/index.html?di=akcijos&R=1&iid=602416",suspicious
"http://apoiojur.com.br/index.php",suspicious
"http://dienlanhvn.com/index.php/lien-h.html",suspicious
"http://www.nephotography.com.au/galleries/index.php?do=registry",suspicious
"http://jcmt.nl/en/sitemap",suspicious
"http://www.suiteorchestra.it/index.php?option=com_content&view=article&id=64:pianoforte-e-basso&catid=38:rokstories&lang=it&Itemid=",suspicious
"http://www.tochnogopvakantie.nl/reizen/Nederland/Nederland/Kort+(tot+1+week).html",suspicious
"xo3fhvm5lcvzy92q.download",suspicious
"http://www.food-nrw.de/index.php/forum/257-forum-nachhaltigkeit-in-der-ernaehrungsindustrie-am-28112012",suspicious
"http://www.versverwerktegroenten.nl/gezondheid/oorzaken-lage-consumptie.html?page=gezondheid%2Foorzaken-lage-consumptie",suspicious
"http://www.hjlaw.biz/index.php?option=com_user&view=remind",suspicious
"http://www.koenigsbacher-biergarten.de/cmx/index.php?option=com_mailto&tmpl=component&link=d13b686621cded856309f5b7690e6850817c2105",suspicious
"http://www.windwolke.de/index.php?option=com_mailto&tmpl=component&link=aHR0cDovL3d3dy53aW5kd29sa2UuZGUvaW5kZXgucGhwP29wdGlvbj1jb21fY29udGVudCZ2aWV3PWFydGljbGUmaWQ9Mjpkb21haW4td2luZHdvbGtlJmNhdGlkPTM6YmxvZyZJdGVtaWQ9Ng==",suspicious
"http://www.prefina.it/notizie/notizie-generali/51-unifidi-garanzia-sugli-investimenti-materiali-immateriali-e-formazione-di-scorte.html?tmpl=component&print=1&layout=default&page=",suspicious
"http://www.wxlottery.com/news/201212/285590.html",suspicious
"http://www.centercamping.com.br/index.php?option=com_ckforms&task=captcha&sid=c4ce9d9bffcf8ba3357da92fd49c2457",suspicious
"http://www.enventureonline.com/services/enterprise-data-management/consulting-services.html",suspicious
"http://winkerdecoracion.com/index.php?page=shop.browse&category_id=151&option=com_virtuemart&Itemid=29",suspicious
"http://www.alorenademalaga.com/index.php/denominacion-de-origen/objetivos",suspicious
"http://www.fjpengfei.com/picshow.asp?id=31&mnid=5074&classname=\320\373\264\253\273\255\262\341&banner=2",suspicious
"http://www.wu8188.com/cl/tpl/five-star/ver1/css/five-star.css?v=ver15.32",suspicious
"http://www.djemanshy.md/photo/category/9.html",suspicious
"http://www.hhp.fi/index.php?option=com_rsgallery2&page=slideshow&gid=6",suspicious
"http://applicationforschengenvisa.com/index.php",suspicious
"http://www.fitnessequipmentworldok.com/exercise-bikes?page=shop.product_details&flypage=flypage.tpl&category_id=7&product_id=34",suspicious
"http://djsipke.nl/foto-album/6-sint-nykstermerke/detail/327-img1694.html?tmpl=component",suspicious
"http://www.bishopstrings.com/violin-bows/ยฃ300-ยฃ1500/index.html",suspicious
"http://synaptixcommunications.com/index.php?%2FShowcase%2Fsimple-and-clear-educating-the-market%2FPrint.html",suspicious
"http://www.ghostwriting.de/rueckruf",suspicious
"http://9779.info/%E5%B9%BC%E5%84%BF%E5%9B%AD%E7%9A%B1%E7%BA%B9%E7%BA%B8%E7%B2%98%E8%B4%B4%E7%94%BB/",suspicious
"http://papillon-vole.fr/index.php?page=shop.product_details&flypage=flypage.tpl&product_id=30&category_id=2&option=com_virtuemart&Itemid=22",suspicious
"http://www.ijsbaanapeldoorn.nl/fotos-videos.html?vsig4_0=0&vsig4_1=0",suspicious
"http://ak.imgfarm.com/images/nocache/vicinio/installers/205320000.S10570.1/507981-150710122501-S10570.1/VideoDownloadConvertAuto.exe_0",suspicious
"http://www.0068555.com/cl/?module=System&method=LiveTop&args=livehall",suspicious
"http://www.easycaptchas.com/2F3F28039730C12A5C112FE0D5FEFA2E.captcha?width=132&height=42",suspicious
"http://www.aquamarinadivingtenerife.com/en.1",suspicious
"ru-net.cv.ua/wp-content/config/file.php",suspicious
"http://www.hmaca.com/winnipeg-accounting-blog/tag/winnipeg-accpac-certified-consultant/index.html",suspicious
"http://gazomer.com/vodonagrevateli/vodonagrevateli-nak-type/36-titan-rfb-50f",suspicious
"http://www.dynamicstrategies.com.au/dynamic-strategies",suspicious
"http://www.connexion3.gr/el/news/32-neo-site-amesotis",suspicious
"http://www.duplexindustrial.com.au/salla-max.html",suspicious
"http://mueblesjulianjimenez.es/index.php?page=shop.browse&category_id=3&option=com_virtuemart&Itemid=7",suspicious
"http://www.autoursdurock.info/index.php?option=com_content&view=article&id=106&Itemid=229",suspicious
"proplast.co.nz",suspicious
"http://www.gypsyspirit.eu/cz/vyhlaovatele-a-partnei",suspicious
"http://batutik.com.ua/produkcziya/batutinaduvnie/23-batut.html",suspicious
"http://9779.info/%E4%BA%94%E8%B0%B7%E6%9D%82%E7%B2%AE%E4%BA%BA%E7%89%A9%E7%B2%98%E8%B4%B4%E7%94%BB/",suspicious
"http://www.chromashop.fr/index.php/actualites?start=12",suspicious
"http://www.geothermalanywhere.com/news/113-geothermal-anywhere-among-top-8-cleantech-vcs-opportunities-in-europe-selected-from-850-startups.html?lang=en",suspicious
"http://www.italy-itf.com/index.php?option=com_phocagallery&view=detail&catid=1:home-page-collection&id=25:01-10-2010-apertura-stagione-itf-italia&tmpl=component&Itemid=93",suspicious
"http://haishundl.com/a/qinpengqipaiguanfangxiazai/20131019/263.html",suspicious
"http://www.mtb-bad-harzburg.de/index.php/bilder",suspicious
"http://9779.info/%E5%8D%8A%E7%AB%8B%E4%BD%93%E5%B9%BC%E5%84%BF%E5%89%AA%E8%B4%B4%E7%94%BB/",suspicious
"http://www.centerimoveis.com.br/servicos/locacao-de-imoveis/imprimir.html",suspicious
"http://www.masrealestate.it/index.php?option=com_mailto&tmpl=component&link=aHR0cDovL3d3dy5tYXNyZWFsZXN0YXRlLml0L2luZGV4LnBocD9vcHRpb249Y29tX2NvbnRlbnQmdmlldz1hcnRpY2xlJmlkPTclM0Fjb25zdWxlbnphJkl0ZW1pZD04Jmxhbmc9ZW4=&lang=en",suspicious
"http://www.sementimenzo.it/dove-siamo/2.html",suspicious
"http://www.bkr-laserscanning.de/index.php?option=com_mailto&tmpl=component&link=aHR0cDovL3d3dy5ia3ItbGFzZXJzY2FubmluZy5kZS9pbmRleC5waHA%2Fb3B0aW9uPWNvbV9jb250ZW50JnZpZXc9YXJ0aWNsZSZpZD05ODpzdG9lcmthbnRlbm1vZGVsbC1mdWVyLXJvYm90ZXJzaW11bGF0aW9uJmNhdGlkPTQzOmluaGFsdGUmSXRlbWlkPTY4",suspicious
"http://www.sezioneanatreviso.it/index.php?option=com_mailto&tmpl=component&link=cc85e277afa8d49b301bfe3a29eddc69a0e4b2c1",suspicious
"http://www.bruynzeelmultipanel.be/index.php?option=com_content&view=article&id=20&Itemid=21",suspicious
"http://www.honarcinema.com/index.php?option=com_content&view=frontpage&Itemid=1&limitstart=10",suspicious
"http://www.mbdalmezun.com/search.htm",suspicious
"http://r-tuning.com.ua/index.php?option=com_virtuemart&page=shop.browse&category_id=444&Itemid=1",suspicious
"http://www.prhelp.com.au/news-and-interesting-stuff/news/49-prhelp-now-on-msp",suspicious
"http://www.ahminspections.ca/realestateagents/7?phpMyAdmin=so8kK4koEHUy-VVzS9wK2LuLOK6",suspicious
"http://9779.info/%E9%A3%9E%E6%9C%BA%E6%A0%91%E5%8F%B6%E7%B2%98%E8%B4%B4%E7%94%BB/",suspicious
"http://aksniwka.com/klub/stadion",suspicious
"http://www.unitre.org/index.php?option=com_wrapper&view=wrapper&Itemid=180&el_mcal_month=3&el_mcal_year=2013",suspicious
"http://www.smk86.ru/katalogtovara.html?sobi2Task=sobi2Details&catid=5&sobi2Id=38",suspicious
"http://www.czdesign.cz/kalenda/search.form/2013/01/31/-.html",suspicious
"http://papillon-vole.fr/index.php?page=shop.product_details&flypage=flypage.tpl&product_id=844&category_id=10&option=com_virtuemart&Itemid=22",suspicious
"http://lasqc.com/index.php?option=com_content&view=article&id=64&Itemid=173",suspicious
"http://practicaleyes.net/consulting/165-communications-consultancy.html",suspicious
"http://www.plexiprint.net/plexi/index.php?option=com_content&view=article&id=58&Itemid=67",suspicious
"http://9779.info/%E5%85%AD%E4%B8%80%E5%BF%AB%E4%B9%90%E7%B2%98%E8%B4%B4%E7%94%BB/",suspicious
"http://www.slavia.sk/home",suspicious
"http://www.mariettachurchofgod.com/get-connected/christian-education/christian-education.html",suspicious
"http://www.liceoparroquialsangregoriomagno.edu.co/index.php?view=article&catid=1:latest-news&id=93:inicio-de-actividades-2013&tmpl=component&print=1&layout=default&page=",suspicious
"http://patrikcase.com/index.php?page=shop.product_details&product_id=9&flypage=flypage.tpl&pop=0&option=com_virtuemart&Itemid=7",suspicious
"http://prepechal.net/index.php?option=com_contact&view=contact&id=3:renata-malkova&catid=34:oseva-agri-chrudim-as&Itemid=53",suspicious
"http://www.custi-animale.ro/magazin-on-line/custi-transport.1",suspicious
"http://www.mbdalmezun.com/canakkale-gezisi.htm",suspicious
"http://www.fancygaptourism.com/dining-and-shopping/shopping/45-barefoot-gardens",suspicious
"http://www.designreisende.de/index.php?option=com_content&view=category&layout=blog&id=35&Itemid=88",suspicious
"http://www.fitasylum.com/index.php/reset.1",suspicious
"http://www.nicolatessari.it/index.php/en/furnishing",suspicious
"http://www.smos.cn/News_show.asp?news_id=125",suspicious
"http://hayalmutfak.com/kampanyalarimiz/kampanyalarimiz/kampanya2012-382.html",suspicious
"http://www.disline.es/videoguias.html?task=videodirectlink&id=57",suspicious
"http://www.seckmauern.de/index.php?option=com_mailto&tmpl=component&link=aHR0cDovL3d3dy5zZWNrbWF1ZXJuLmRlL2luZGV4LnBocD9vcHRpb249Y29tX2NvbnRlbnQmdmlldz1hcnRpY2xlJmlkPTkwOm5hY2h0LWRlci1raXJjaGVuLTIwMTImY2F0aWQ9MTpha3R1ZWxsZS1uYWNocmljaHRlbiZJdGVtaWQ9NTA=",suspicious
"http://www.ondrejov.cz/index.html",suspicious
"http://www.bruynzeelmultipanel.be/index.php?option=com_artforms&formid=1&Itemid=99999",suspicious
"http://greatlakesbuildersinc.com/projects/institutional.1",suspicious
"http://www.smalbro.dk/webdesign",suspicious
"http://www.cuxhaven.cc/index.php?option=com_content&view=article&id=3&Itemid=56",suspicious
"http://kccs.nichost.ru/index.php?option=com_content&view=article&id=118:2012-11-12-09-33-18&catid=17:news&Itemid=35",suspicious
"http://www.raci.it/qualita/certificati.html",suspicious
"http://www.pedalecesenateciclineri.org/index.php?option=com_content&view=article&id=121:articolo-resto-del-carlino-sport&catid=21:hall-of-fame&Itemid=36",suspicious
"http://www.westwoodchurch.co.uk/our-services/sunday-celebration/celebration-talks/233-17-06-2012-ruth-ruth-1-simon-lloyd",suspicious
"http://thai-liveaboard.com/images/thailiveaboard/dive_sites/chumphon_pinnacle_map.jpg",suspicious
"http://www.banneton.com.au/images/stories/maps/newfarm.html",suspicious
"http://www.saltwaterseafoods.com.au/facebook.html",suspicious
"http://www.jackhatfield.co.uk/index.php?option=com_jevents&task=modlatest.rss&format=feed&type=rss&modid=0&Itemid=32",suspicious
"http://www.aba-diagnostic.com/qui-sommes-nous.html",suspicious
"http://www.clinicatecma.es/index.html",suspicious
"http://www.ayseteyze.com.tr/gunun-icinden.html",suspicious
"http://zoetekroon.nl/wp-content/themes/simplo/js/jquery-1.4.2.min.js",suspicious
"http://www.identcode.cz/cs/trst-a15.php",suspicious
"http://maycanton.vn/index.php?option=com_content&view=article&id=6&Itemid=31",suspicious
"http://peluqueriadeautor.com/index2.php?option=com_virtuemart&page=shop.pdf_output&showpage=shop.browse&pop=1&output=pdf&product_id=0&category_id=6&pop=1",suspicious
"http://3cf.ru/2015/07/20/cb-otozval-licenziu-y-gelendjik-banka/",suspicious
"http://boughtitsoldit.com/factfinancials",suspicious
"http://www.vfleberstadt.de/index.php?option=com_content&view=article&id=51&Itemid=55",suspicious
"http://www.evasteinberger.at/de/component/mailto/index.html?tmpl=component&link=aHR0cDovL3d3dy5ldmFzdGVpbmJlcmdlci5hdC9kZS90dXJuaWVyZS0yMDEyLmh0bWw=",suspicious
"http://www.ant-u.com/index.php?option=com_content&view=article&id=58:l--r&catid=25",suspicious
"http://engine32truck16.com/truck-16.html",suspicious
"http://9779.info/%E5%B0%91%E5%84%BF%E7%A7%8D%E5%AD%90%E7%B2%98%E8%B4%B4%E7%94%BB/",suspicious
"http://apoiojur.com.br/index.html",suspicious
"http://www.honarcinema.com/index.php?view=article&catid=1:latest-news&id=4366:2012-07-17-13-44-04&format=pdf&option=com_content&Itemid=1",suspicious
"http://www.zibae.ir/index.php?option=com_mailto&tmpl=component&link=aHR0cDovL3d3dy56aWJhZS5pci9pbmRleC5waHA%2Fb3B0aW9uPWNvbV9jb250ZW50JnZpZXc9YXJ0aWNsZSZpZD02NTM6MTM5MS0xMS0wOC0wOC00OC0yNyZjYXRpZD0xMjoxMzg5LTA5LTI5LTA3LTQzLTMw",suspicious
"http://www.lynnemarkham.com/sejeal.jpg",suspicious
"http://www.eendrachthummelo.nl/index.php?option=com_contact&view=contact&id=6:karin-heijting&catid=12:contacts&Itemid=55",suspicious
"http://www.collectif-potager-wimmenau.fr/index.html?page_id=36&replytocom=21",suspicious
"http://img010.hc360.cn/g1/M01/41/73/wKhQMVHabJKEHondAAAAAFmPcEE181.jpg",suspicious
"http://9779.info/%E8%9D%8C%E8%9A%AA%E6%89%BE%E5%A6%88%E5%A6%88%E5%89%AA%E8%B4%B4%E7%94%BB/",suspicious
"http://boltamproperties.co.za/index.php?option=com_sobi2&sobi2Task=sobi2Details&catid=4&sobi2Id=84&Itemid=58",suspicious
"http://www.pi4wag.nl/index.html",suspicious
"http://www.newstudy.net/community/Web_nMngr.aspx?acaidx=0&board_idx=360&pn=1&sflag=1&mflag=NOT&where=&keyword=",suspicious
"http://dyetr.com/index.php?option=com_content&view=article&id=65&Itemid=56",suspicious
"http://www.e-komotini.gr/index.php?option=com_mtree&task=rss&type=listnew&cat_id=0",suspicious
"http://www.ic-delta.ru/portfolio/item/8",suspicious
"http://www.ibericoscalama.es/index.php?option=com_mailto&tmpl=component&link=55059afb44966eaabd75597a284a0e2a573f91fc",suspicious
"http://www.vco.org.au/professional-development.1",suspicious
"http://mahshov.com/index.php?option=com_content&view=article&id=21&Itemid=19",suspicious
"http://www.musimagen.com/index.php?option=com_content&view=category&layout=blog&id=1&Itemid=30&limitstart=20",suspicious
"http://www.thetunes.nl/tour/details/5-koninginnedag-2010",suspicious
"http://anvari.co/index.php?option=com_morfeoshow&task=view&gallery=3&Itemid=683",suspicious
"http://www.711100.com/app/member/SportOption.php?uid=guest&langx=gb",suspicious
"http://www.mariettachurchofgod.com/get-connected/missionsmarietta.html",suspicious
"http://schertzauto.com/wp-content/plugins/gravityforms/css/formsmain.min.css?ver=1.9.11",suspicious
"http://www.bissfest-marburg.de/component/mailto/index.html?tmpl=component&link=aHR0cDovL3d3dy5iaXNzZmVzdC1tYXJidXJnLmRlL3Rlcm1pbmUuaHRtbA==",suspicious
"http://zeitfeist.de/youtube/91-hip-hop/631-kool-savas-der-beste-tag-meines-lebens.html",suspicious
"http://www.tpsofficefurniture.co.uk/reception-waiting-room.1",suspicious
"http://www.tirs-online.de/aktionen/demos-a-kundgebungen/312-aktionstage-gegen-den-versuchstierhandel-durch-klm-air-france",suspicious
"http://www.mgth.fi/etusivu-ryhmaen-artikkelit/36-uutiset-ajankohtaista/81-verkkokauppa-avattu",suspicious
"http://www.egejewelry.com/index.php?option=com_rsgallery2&page=inline&gid=1&limit=1&limitstart=12",suspicious
"http://www.cuxhaven.cc/index.php?option=com_flippingbook&view=book&id=6&page=12&Itemid=67",suspicious
"http://yyydy.com/a/bjl/index.html",suspicious
"http://www.shaborooz.ir/index.php?option=com_contact&view=contact&id=1&Itemid=3",suspicious
"http://www.qmcweb.com.br/index.php?option=com_jevents&task=day.listevents&year=2013&month=01&day=10&catids=38|34&Itemid=1&lang=pt",suspicious
"http://www.kristall-zell.at/index.php/nl/preise/winter.html",suspicious
"http://www.romanovski.se/art/performances/3-performances/25-tomato-peel-with-hiroko-tsuchimoto-2011-pori",suspicious
"http://www.gottadanceonline.com/index.php/login?task=lostPassword",suspicious
"http://www.jnpiraq.net/index.php?option=com_content&view=article&id=507:2010-02-08-08-46-15&catid=7:2009-02-14-18-17-11&Itemid=12",suspicious
"http://portal.dddgaming.com/docs/rules/15022/cn/game_cn.html?amluMjAxNQ%3D%3D",suspicious
"http://tuvanbatdongsan.vn/Tu-van-phong-thuy/index.html",suspicious
"http://www.mueblesjoval.cl/index.php?option=com_morfeoshow&task=view&gallery=77&Itemid=62",suspicious
"http://www.sertex.com.br/index.html?page_id=7",suspicious
"http://www.coopsalsipuedes.com.ar/index.php?view=article&catid=43:cultura&id=23:complejo-cultural-ancon&tmpl=component&print=1&layout=default&page=&option=com_content&Itemid=53",suspicious
"http://bjdfbh.com/Item/Show.asp?m=1&d=1048",suspicious
"http://www.khack.be/index.php?option=com_content&view=article&id=12&Itemid=9",suspicious
"http://www.ekino-neureut.de/index.php?option=com_phocagallery&view=detail&catid=32:kindergottesdienst-engel-2&id=1919:1001765&tmpl=component&Itemid=49",suspicious
"http://www.lgk-luzern.ch/index.php?option=com_content&view=article&id=14&Itemid=57",suspicious
"http://bathurstbaptist.org.au/home/contact-us/8/14-young-adults-enquiries.html",suspicious
"http://schertzauto.com/wp-content/themes/NAPA%20AC%202014%20S/genericons/genericons.css?ver=3.0.2",suspicious
"http://www.verall.com.pl/sieci-radiowe-wlan.html",suspicious
"http://kreuzleger.net/de.html?el_mcal_month=1&el_mcal_year=2013",suspicious
"http://www.gruendungsberater-steuerberater.de/index.php?option=com_content&view=article&id=7&Itemid=7",suspicious
"http://opttoys24.ru/index.php?option=com_user&view=register",suspicious
"http://wijzijnnietgevaarlijk.nl/baasjes/85-linda/profile.html",suspicious
"http://www.fulig.com.br/index.php?option=com_content&view=article&id=6&Itemid=6&lang=en",suspicious
"http://rus-master.com/\321%80ะตะผะพะฝ\321%82ะฝ\321%8Bะต-\321%80ะฐะฑะพ\321%82\321%8B/52-ะดะธะทะฐะนะฝ-ะบ\321%83\321%85ะฝะธ-ะฒะฐะฝะฝะพะน-ะบะพะผะฝะฐ\321%82\321%8B.html",suspicious
"http://www.ambiani.nl/diensten/vergaderruimte-brabant/70-huwelijksfeest-brabant.html",suspicious
"http://www.kenltd.com/index.php?option=com_content&view=article&id=54&Itemid=69&lang=en",suspicious
"http://mlcdigital.com/index.php?view=article&id=44:welcome-to-mlc-digital&tmpl=component&print=1&page=",suspicious
"http://www.bhxx.net/xxgl/UploadFiles_7485/201304/2013042315380148.jpg",suspicious
"http://www.umeataxi.se/index.php?option=com_mailto&tmpl=component&link=aHR0cDovL3d3dy51bWVhdGF4aS5zZS9pbmRleC5waHA%2Fb3B0aW9uPWNvbV9jb250ZW50JnZpZXc9YXJ0aWNsZSZpZD00NDpoeWJyaWRiaWxhcg==",suspicious
"http://jamminkidsweston.com/our-blog/how-to-learn-to-play-piano-before-the-holidays.html",suspicious
"http://www.slaviacapital.cz/tlacove-spravy-eng/slavia-capital-sold-shares-of-investbanka-skopje",suspicious
"http://www.umeataxi.se/index.html",suspicious
"http://www.domusviatoris.com/index.php?option=com_mailto&tmpl=component&link=aHR0cDovL3d3dy5kb211c3ZpYXRvcmlzLmNvbS9pbmRleC5waHA%2Fb3B0aW9uPWNvbV9rMiZ2aWV3PWl0ZW0maWQ9ODI6bGl4bzItYWxvamFtaWVudG9jYWxpZGFkJkl0ZW1pZD0xMQ==",suspicious
"http://www.borg4x4.org/index.php?option=com_jcalpro&Itemid=61&extmode=view&extid=18",suspicious
"http://www.spirit-house.de/index.php?option=com_content&view=category&id=11&Itemid=6",suspicious
"http://www.sceg.ir/sanyeh-soft/civil-soft.html",suspicious
"http://grasslandhotel.com.vn/index.php/rooms/item/all/18-airticketservices",suspicious
"http://www.kulgupuit.ee/index.php?option=com_phocagallery&view=detail&catid=2:foto&id=41:foto-7&tmpl=component&Itemid=5&lang=ru",suspicious
"http://football-euro.net/kluby-rossii/373-rabota-rossijskix-futbolnyx-arbitrov-neudovletvoritelna-po-czelomu-ryadu-prichin.html",suspicious
"http://www.kristall-zell.at/index.php/de/kontakt/anfrage.html",suspicious
"http://www.lontechshop.co.uk/pc-laptop-memory.html",suspicious
"http://www.gsacargo.com.au/index.php?option=com_user&view=remind&Itemid=13",suspicious
"http://viticoltura.net/index.php/esperienze-nel-vigneto/lallevamento-e-la-cura-del-vigneto.html?tmpl=component&print=1&page=",suspicious
"http://www.gsmkamera.hu/index.html?option=com_content&view=article&id=6&Itemid=2&fontstyle=f-smaller",suspicious
"socialsocietyedu.com/components/com_wa/config.bin",suspicious
"http://www.saborlatinosp.it/it/fotogallery/10-salsaweek-arbatax-2009/detail/66-fa-emy-dopo-reggaeton-1jpg.html?tmpl=component",suspicious
"http://homesofbr.com/index.php?option=com_properties&view=properties&task=map&id=25&Itemid=97",suspicious
"http://anvari.co/index.php?option=com_content&view=article&id=1235&Itemid=694",suspicious
"http://www.tirionklasse.nl/index.php?start=3",suspicious
"http://aboveandbeyondhousekeeping.com/index.php/info/whyhireacleaningcompany",suspicious
"http://teedinrayong.com/x.txt",suspicious
"http://spplodz.nazwa.pl/archiwum/2007_03a.php",suspicious
"http://www.escolareiarthur.com.br/index.php?option=com_jevents&task=week.listevents&year=2013&month=01&day=27&catids=84|92&Itemid=29",suspicious
"http://www.thepudom.com/index.html",suspicious
"http://www.shirley.com.sg/index.php?option=com_chronocontact&Itemid=105",suspicious
"http://www.nubiafarias.com/v1/index.php?option=com_content&view=category&id=7:emprego&Itemid=5&layout=default",suspicious
"http://www.ninopizzaria.com.br/index.php?option=com_content&view=category&id=43&Itemid=63",suspicious
"http://www.autoursdurock.info/index.php?option=com_content&view=article&id=117&Itemid=236",suspicious
"http://www.twalogisticsltd.co.uk/downloads/15-about-twa.html",suspicious
"http://www.spbshkaf.ru/catalog/item/spalnya3",suspicious
"http://www.newbody.pl/index.php?option=com_mailto&tmpl=component&link=aHR0cDovL3d3dy5uZXdib2R5LnBsL2luZGV4LnBocD9vcHRpb249Y29tX2NvbnRlbnQmdmlldz1hcnRpY2xlJmlkPTc1JTNBbmF1Y3p5Y2llbCZJdGVtaWQ9NzMmbGFuZz1wbA==&lang=pl",suspicious
"http://escritoriodealuguel.com.br/fale-conosco.1",suspicious
"http://gbcmonroe.org/index.php?option=com_jevents&task=week.listevents&year=2013&month=02&day=3&Itemid=67",suspicious
"http://www.trekking.ch/de/bungy/007-bungy-jumping-verzasca-wie-james-bond",suspicious
"http://www.elektro-vozila.si/tehnologija/polnilne-postaje/stran-2",suspicious
"http://aciai.com.br/index.php?option=com_content&view=article&id=27:novo-sistema-de-consulta-online-da-aciai&catid=9:frontpage&fontstyle=f-larger",suspicious
"http://www.fredhopper.com/software-installation/index.html",suspicious
"http://www.turbovital.com/contact.htm",suspicious
"http://siaco.it/competenze/lean-qualita/48-bandocciaave.html",suspicious
"http://www.masterhouse.es/index.php?option=com_properties&view=properties&cid=1&tid=0&Itemid=8&limitstart=10",suspicious
"http://www.ex-forex.info/ourfriends/index.html?part=15",suspicious
"http://3cf.ru/2015/07/20/stroitelstvo-energomosta-v-krym-oboidetsia-v-47-mlrd-ryb/",suspicious
"http://naadbank.com/index.php?view=article&catid=1:latest-news&id=1:welcome-to-joomla&tmpl=component&print=1&layout=default&page=&option=com_content&Itemid=50",suspicious
"http://www.banane.cz/index.php?page=shop.cart&option=com_virtuemart&Itemid=3",suspicious
"http://www.mueblesjoval.cl/index.php?option=com_simplelists&view=simplelist&layout=picture&category_id=10&Itemid=30",suspicious
"http://www.wxlottery.com/news/bwgrb.1",suspicious
"http://www.schoolvoorontwikkeling.nl/wat-doen-we/trainingen?layout=default",suspicious
"http://www.mgbernhardzell.ch/index.php/geschichte/57-vereinsorganisation",suspicious
"http://www.eexpress.com.vn/du-hoc/du-hoc-anh-quoc.html",suspicious
"http://www.mnemonicmultimedia.com/billing/affiliates.php",suspicious
"http://www.kingsmillshotel.com/restaurant/gift-vouchers",suspicious
"http://www.kinnaree.co.uk/index.php?option=com_content&view=article&id=45&Itemid=30",suspicious
"http://sehms-textilpflege.de/index.php?option=com_contact&task=vcard&contact_id=1&format=raw&tmpl=component",suspicious
"http://www.chikara.be/index.php?option=com_content&view=article&id=59:onze-aanpak&catid=34:chikara&Itemid=28",suspicious
"http://9779.info/%E5%84%BF%E7%AB%A5%E5%BD%A9%E7%BA%BF%E8%B4%B4%E7%94%BB/",suspicious
"http://www.escueladeeconomiaynegocios.com/index.php?Itemid=60&option=com_zoo&view=category&category_id=4&page=2",suspicious
"http://centrofierachiuduno.com/index.php?view=details&id=36:Elettron&option=com_eventlist&Itemid=2",suspicious
"http://www.sv-rotamint.de/index.php/termine/day.listevents/2013/01/29/-",suspicious
"http://annviviskennel.net/index.php?view=article&id=65:aktiviteter&tmpl=component&print=1&layout=default&page=&option=com_content&Itemid=84",suspicious
"http://chinacxyy.com/newscodejs.asp?lm2=201&list=9&icon=0&tj=0&font=10.5&hot=0&new=0&line=24&lmname=0&open=1&n=34&more=0&t=0&week=0&zzly=0&hit=0&pls=0&dot=0&tcolor=CCCCCC",suspicious
"http://ptcanoas.com.br/pt-canoas/noticias/152-ato-de-filiacao-da-uld.html",suspicious
"http://www.coleyglesias.com/index.php?option=com_content&view=article&id=150:casal-destiu-2010&catid=32:estiesport&Itemid=59",suspicious
"http://achievableventures.com/clients?font-size=smaller",suspicious
"http://samukylmala.com/netti/index.php?option=com_content&view=article&id=113:7-892012-rotax-challenge-kouvola&catid=1:latest-news&Itemid=50",suspicious
"http://www.szovetseg.eu/feladatok.php?name=Private_Messages&file=index&mode=post&u=198",suspicious
"http://www.transports-rebours.com/index.php?option=com_user&view=reset",suspicious
"http://9779.info/%E5%B9%BC%E5%84%BF%E5%9B%AD%E6%89%8B%E5%B7%A5%E7%B2%98%E8%B4%B4%E7%94%BB%E6%95%99%E6%A1%88/",suspicious
"http://royalfarm-eg.com/index.php?option=com_k2&view=itemlist&task=user&id=62:administrator&Itemid=243",suspicious
"http://www.tellimus.ee/et/pood/category/198/indicators.html",suspicious
"http://www.xj9599.com/app/member/cps.php?uid=f554ab9b50d41d8cd98fra3&pages=cp",suspicious
"http://javadoplant.nl/de/component/content/article/4-overige/349-wij-wensen-u.html",suspicious
"http://www.knaresboroughkitchens.co.uk/index.php/sheraton",suspicious
"http://www.parroquiaucacha.com.ar/index.php?option=com_content&view=article&id=131&Itemid=40",suspicious
"http://www.deliaclaudio.it/index.php?option=com_content&view=article&id=2:kontatto&catid=31:eseguiti&Itemid=103",suspicious
"http://www.casescout.org/index.php?option=com_oziogallery2&view=05imagerotator&Itemid=14&tmpl=component",suspicious
"http://www.824555.com/app/member/SportOption.php?uid=guest&langx=gb",suspicious
"http://www.plasmacamcnc.com/index.php?option=com_user&view=login&return=aHR0cDovL3d3dy5wbGFzbWFjYW1jbmMuY29tL2luZGV4LnBocD9vcHRpb249Y29tX2NvbnRlbnQmdmlldz1hcnRpY2xlJmlkPTY3Jkl0ZW1pZD0zMA==",suspicious
"http://www.pubyun.com/wiki/lib/exe/css.php?t=dokuwiki&tseed=f1f16e8c6142fab8553f2b9cfe045961",suspicious
"http://www.arbeitsloseninitiative-aurich.de/joomla/index.php?view=article&catid=58:presse&id=173:beratungs-und-prozesskostenhilfe&tmpl=component&print=1&layout=default&page=",suspicious
"http://gazomer.com/component/user/register",suspicious
"http://www.5858000.net/login/crmsys_hys/Login_New.aspx",suspicious
"http://www.pclan.us/articles/46-accepting-resumes-for-national-sales-force.html",suspicious
"http://www.cefme.bn.it/index.php?option=com_content&view=article&id=5&Itemid=21",suspicious
"http://www.mariettachurchofgod.com/get-connected/children/girls-club.html",suspicious
"http://galiciainterior.com/component/misterestate/index.html?act=object&task=showEO&id=208&lang=",suspicious
"http://www.dtcbv.nl/component/virtuemart/index.html?page=shop.product_details&category_id=96&flypage=flypage.tpl&product_id=197",suspicious
"sunusa.in",suspicious
"http://www.metalsul.ind.br/site/index.php?option=com_contact&view=contact&id=59:celso&catid=40:contatosse",suspicious
"http://www.javadoplant.com/it.html",suspicious
"http://www.farmaciaspengler.com.br/index.php?option=com_form_contato",suspicious
"http://www.e-solare.ro/index.html?vsig58_0=11",suspicious
"http://www.zruby.sk/index.php/kontakt-mainmenu-79/praca-v-naom-time-mainmenu-91",suspicious
"http://www.casuarinamedia.com.au/index.php?option=com_content&view=article&id=5:school-for-student-leadership&catid=25:documentaries&Itemid=2",suspicious
"http://www.leminar.net/index.php?option=com_content&view=article&id=146&Itemid=232",suspicious
"http://www.aktivregion-ostseekueste.de/verein/arbeitskreise-und-projektgruppen.html",suspicious
"http://www.ekino-neureut.de/index.php?option=com_phocagallery&view=detail&catid=32:kindergottesdienst-engel-2&id=1922:1001772&tmpl=component&Itemid=49",suspicious
"http://www.jin0044.com/app/member/main.php?uid=guest&langx=zh-cn&page_site=ball",suspicious
"http://prepechal.net/index.php?option=com_mailto&tmpl=component&link=afcfd3bfde4bf3596492f74a5c3bfe236d2f4ac6",suspicious
"http://www.bruynzeelmultipanel.be/index.php?option=com_content&view=article&id=7&Itemid=8",suspicious
"http://www.masnutricion.cl/nutri/index.php?option=com_content&view=category&layout=blog&id=3&Itemid=4",suspicious
"http://itport.com.ua/igri/index.html",suspicious
"http://www.atvmir.ru/atv/stels?page=shop.product_details&flypage=flypage_new.tpl&product_id=24&category_id=1",suspicious
"http://www.kertemindecityforening.dk/medlemslogin/reset.html",suspicious
"http://www.natuurfotovanderhart.nl/foto-van-de-maand.html",suspicious
"http://www.doctorbarbato.com/galeria-de-fotos/galeria-de-fotos-cirugia-de-orejas.html",suspicious
"http://9779.info/%E5%B8%83%E8%B4%B4%E7%94%BB%E5%9B%BE%E7%89%87%E5%A4%A7%E5%85%A8%E7%AE%80%E5%8D%95/",suspicious
"http://www.lagunasdelcatedral.com/lagunas/index.php?option=com_phocagallery&view=category&id=1&Itemid=3&limitstart=40",suspicious
"http://www.yzsyedu.com/detail.aspx?typeid=28",suspicious
"http://www.escolareiarthur.com.br/index.php?option=com_mailto&tmpl=component&link=aHR0cDovL3d3dy5lc2NvbGFyZWlhcnRodXIuY29tLmJyL2luZGV4LnBocD9vcHRpb249Y29tX2NvbnRlbnQmdmlldz1hcnRpY2xlJmlkPTIyMDpyZWd1bGFtZW50by1jb25jdXJzby1jdWx0dXJhbC1yZWktYXJ0aHVyJmNhdGlkPTM3OnByaW5jaXBhbCZJdGVtaWQ9Mjg=",suspicious
"http://ptcanoas.com.br/component/content/article/43-senador/99-senador-paim.html",suspicious
"http://www.tirs-online.de/aktionen?start=80",suspicious
"http://www.latablepaysanne.fr/index.php?option=com_content&view=article&id=23&Itemid=8",suspicious
"http://chinacxyy.com/newscodejs.asp?lm2=201&list=9&icon=0&tj=0&font=10.5&hot=0&new=0&line=24&lmname=0&open=1&n=34&more=0&t=0&week=0&zzly=0&hit=0&pls=0&dot=0&tcolor=CCCCCC",suspicious
"http://www.beriva.lt/index.html?di=aksesuarai&tipas=Ventiliai",suspicious
"http://itport.com.ua/video/new-apple-magic-mouse",suspicious
"http://4power.biz/software-products.html",suspicious
"http://soothingpainrelief.com/index.php?option=com_fsf&view=faq&catid=1&Itemid=32&tmpl=component&faqid=7",suspicious
"http://stockmarketinvestingforbeginners.com/component/mailto/index.html?tmpl=component&link=aHR0cDovL3N0b2NrbWFya2V0aW52ZXN0aW5nZm9yYmVnaW5uZXJzLmNvbS8%2FZm9udHN0eWxlPWYtbGFyZ2Vy",suspicious
"http://www.myenrg.com/canada",suspicious
"http://pridepestcontrolservices.com/about.html",suspicious
"http://www.aiavicenza.it/index.php?option=com_content&view=article&id=655:concluso-con-enorme-partecipazione-il-iid-master-della-sezione-di-vicenza&catid=3:fantacalcio-sezionale",suspicious
"http://13801993263.com/wp-content/themes/glossy-stylo/style.css?ver=4.2.2",suspicious
"http://www.gsmkamera.hu/index.html?option=com_content&view=article&id=16&Itemid=34&fontstyle=f-larger",suspicious
"http://www.colegiovalledelmiro.es/es/colegio-virtual/blogs-de-aula",suspicious
"http://engine32truck16.com/component/mailto/index.html?tmpl=component&link=aa847215988e10710d9cc15440dcdde2268ce80e",suspicious
"http://www.iremshrine.com/uniformed-units-mainmenu-109/directors-staff-mainmenu-113",suspicious
"http://zshsq.com/news/html/index.html?395.html",suspicious
"http://www.rentmedia.com.ua/arenda-oborudovanija/multimedijnye-proektory-i-jekrany/katalog/70-christie-lx55.html",suspicious
"http://9779.info/%E5%84%BF%E7%AB%A5%E5%9B%BE%E5%BD%A2%E7%B2%98%E8%B4%B4%E7%94%BB/",suspicious
"http://www.job.ph/index.php?option=com_jobs&task=detail_category&id=250:education&Itemid=2",suspicious
"http://chinesevie.com/index.php?option=com_contact&view=contact&id=1&Itemid=57&lang=en",suspicious
"http://www.minhasgerais.com/index.php?option=com_content&view=category&layout=blog&id=13&Itemid=21",suspicious
"http://www.hotelroomviewer.com/top-destinations/new-york-hotel-rooms/four-seasons-hotel.html",suspicious
"http://troikacapital.ru/novye_formy_registratsii_uridicheskih_lits_i_ip",suspicious
"http://www.nfa.com.tr/index.php?option=com_content&view=article&id=86&Itemid=135",suspicious
"http://www.vanoorschotkranen.nl/route/route-google.html?tmpl=component&print=1&page=",suspicious
"http://poker-bets.net/casino-articles/83-las-vegas-city-casinos-palazzo-resort-and-casino",suspicious
"http://i3.17173cdn.com/2fhnvk/YWxqaGBf/outcms/DijOlXbjzmshgAC.jpg",suspicious
"http://www.sportraad-maasmechelen.be/index.php?option=com_phocagallery&view=category&id=13:kampioenenhulde&Itemid=19",suspicious
"http://www.allaroundrental.com/index.php?page=shop.product_details&flypage=flypage.pbv.v1.tpl&product_id=387&category_id=33&option=com_virtuemart&Itemid=69",suspicious
"http://www.fdp-muenchen-west.de/index.php?option=com_content&view=article&id=177&Itemid=28",suspicious
"http://autored.mx/index.php?option=com_content&view=article&id=276:soporte&catid=6&Itemid=3",suspicious
"http://www.insel-schuetzen.de/index.php?option=com_joomgallery&func=detail&id=3221&Itemid=75",suspicious
"http://www.schighway.co.kr/homepage/contents/sc_sub4/faq_list.asp",suspicious
"http://www.gradeaid.com.au/index.php?option=com_content&view=article&id=6&Itemid=8",suspicious
"http://www.franekwilkomirski.pl/jak-moesz-pomoc.html?tmpl=component&print=1&page=",suspicious
"http://www.radioniepokalanow.pl/wiadomosci/polska-i-swiat.html",suspicious
"christinelebeck.com",suspicious
"http://www.sportraad-maasmechelen.be/index.php?option=com_phocagallery&view=category&id=1:activiteiten&Itemid=7",suspicious
"http://kaempre.com/index.php?option=com_mailto&tmpl=component&link=aHR0cDovL2thZW1wcmUuY29tL2luZGV4LnBocD9vcHRpb249Y29tX2NvbnRlbnQmdmlldz1hcnRpY2xlJmlkPTU0OjI0MDIyMDEwLWJhc2xlci1mb3JzY2hlci1zY2hsYWdlbi1hZW5kZXJ1bmctZGVyLWJlaGFuZGx1bmdzcmljaHRsaW5pZW4tdm9y",suspicious
"http://www.radioniepokalanow.pl/x.txt",suspicious
"http://kerryshacklett.com/index.php?option=com_jevents&task=day.listevents&year=2013&month=01&day=01&Itemid=56",suspicious
"http://www.thetunes.nl/tour/venueevents/26-mezz",suspicious
"http://www.klavierhaus-alber.de/index.php?option=com_content&view=article&id=65&Itemid=73",suspicious
"http://coppeliaescoladeballet.com.br/index.php?option=com_mailto&tmpl=component&link=7e4c2ade48d77ed1be0fa31e13adc661abda5c17",suspicious
"http://www.enprofil.nl/clara-diepenhorst.html?tmpl=component&print=1&page=",suspicious
"http://www.salsven.com/index.php?option=com_content&view=category&layout=blog&id=41&Itemid=61",suspicious
"http://raszputyincat.com/index.php?option=com_content&view=article&id=18&Itemid=24",suspicious
"http://www.erbab.com/index.php?lang=en&option=com_content&Itemid=4&format=feed&type=rss",suspicious
"http://www.jbmeijers.com/about.html",suspicious
"http://aboveandbeyondhousekeeping.com/index.php/aboutus/overview/25",suspicious
"http://copremon.com.br/fique-por-dentro.html?start=160",suspicious
"http://www.banane.cz/index.php?page=shop.browse&category_id=3&option=com_virtuemart&Itemid=5",suspicious
"http://www.niobestudio.com/index.php/component/mailto/index.html?tmpl=component&link=aHR0cDovL3d3dy5uaW9iZXN0dWRpby5jb20vaW5kZXgucGhwL3dlYi1jb3Jwb3JhdGl2YQ==",suspicious
"http://valedojauru.com.br/categoria/sports/rugby/index.html",suspicious
"http://www.lacasadesirio.com/index.php?view=details&id=167:Equilibrio&option=com_eventlist&Itemid=7",suspicious
"http://sydsfj.com/product/html/88.html",suspicious
"http://www.sgeo.net/index.php?option=com_k2&view=item&id=17:penetrometriche-statiche&Itemid=2&tmpl=component&print=1",suspicious
"http://www.mainoldtimer.de/index.php?option=com_content&view=category&layout=blog&id=56&Itemid=80",suspicious
"http://www.vilagnomad.com/tables/signature-loans-no-credit-check.php",suspicious
"http://pacificcombatphotos.com/index.php?option=com_content&view=article&id=8&Itemid=12",suspicious
"http://mcimst.at/component/mailto/index.html?tmpl=component&link=aHR0cDovL21jaW1zdC5hdC9jb21wb25lbnQvY29udGVudC9hcnRpY2xlLzEtYWxsZ2VtZWluLzQtd2lsbGtvbW1lbi5odG1s",suspicious
"http://9779.info/%E6%BC%82%E4%BA%AE%E7%9A%84%E6%92%95%E8%B4%B4%E7%94%BB/",suspicious
"http://www.bridgecomm.org/contact",suspicious
"http://pantherma.eu/index.html?option=com_user&view=reset&lang=pl&fontstyle=f-larger",suspicious
"http://www.twocircles.co.uk/index.php?option=com_fwgallery&view=image&id=139:img-9938&Itemid=18",suspicious
"http://www.alexanderstiftung.de/index.php?option=com_content&view=section&layout=blog&id=5&Itemid=5",suspicious
"http://www.imagepluslasvegas.com/las-vegas-plastic-surgery-promotion.php",suspicious
"http://bollucatml.k12.tr/index.php?limitstart=6",suspicious
"http://www.secomi-travel.ro/index.php?option=com_zaragozacontent&view=blog&Itemid=29",suspicious
"http://9779.info/%E7%A2%8E%E5%B8%83%E5%A4%B4%E5%88%B6%E4%BD%9C%E8%B4%B4%E7%94%BB%E5%9B%BE%E8%A7%A3/",suspicious
"http://www.teknosima.it/index.php?tstyle=dark&option=com_content&Itemid=2",suspicious
"http://slaviacapital.com/tlacove-spravy/slavia-capital-group-v-roku-2007-s-konsolidovanym-ziskom-185-4-mil-sk",suspicious
"http://www.el-harakat-afghanen.com/index.php?option=com_content&view=article&id=119&Itemid=90",suspicious
"http://www.hotsource.ch/index.php?option=com_content&view=article&id=128&Itemid=106",suspicious
"http://fcdomont.fr/index.php?option=com_phocagallery&view=category&id=10&Itemid=105",suspicious
"http://www.laxweld.se/index.php/bildgalleri",suspicious
"http://notebookreparatur24.com/index.php/notebook-service/index.php?option=com_content&view=article&id=23&Itemid=26",suspicious
"http://www.slab.ro/nutritie/111-gustari-inteligente-in-cura-de-slabire",suspicious
"tavaresmovelaria.com",suspicious
"http://www.kospel.pl/index.html",suspicious
"http://www.spirit-house.de/index.php?option=com_content&view=article&id=40:eckhart-tolle-ueber-warten-zeit&catid=22:tv&Itemid=30",suspicious
"http://novmet.ru/component/mailto/index.html?tmpl=component&link=aHR0cDovL25vdm1ldC5ydS9zZXJ2aWNlcy8yMDExLTA0LTAxLTE1LTAxLTMz",suspicious
"http://www.casasyapartamentosvacacionalesenmargarita.com/index.php?option=com_content&view=article&id=187:delta-del-orinoco--canaima&catid=40&Itemid=59&lang=es",suspicious
"http://www.insel-schuetzen.de/index.php?option=com_rubberdoc&view=category&id=42:allgemeines-zum-schuetzenverein&Itemid=82",suspicious
"http://netdna.bootstrapcdn.com/font-awesome/4.2.0/css/font-awesome.min.css",suspicious
"http://www.renja.nl/catalogus/item/1-tafels/7-schaarbank",suspicious
"http://audeantenne.com/index.php?option=com_content&view=article&id=87&Itemid=206",suspicious
"http://www.unitre.org/index.php?option=com_eventlist&view=categoryevents&id=16&Itemid=29",suspicious
"http://www.mudd.com.au/todays-special",suspicious
"http://www.geussens.be/index.php?option=com_content&view=article&id=2:behang-wand-en-vloerbekleding&catid=1&Itemid=3",suspicious
"http://www.manganellipalace.it/es/recensioni-esterne/dicono-di-noi.html",suspicious
"http://www.stiltex-grandchef.it/index.php?view=article&catid=3:storia&id=6:storia-e-presentazione-aziendale&tmpl=component&print=1&layout=default&page=&option=com_content&Itemid=63",suspicious
"http://notiamazonia.com/index.php?option=com_content&view=article&id=44&Itemid=28",suspicious
"http://www.sweethome.com.gr/index.php?option=com_estateagent&act=eaadmin&task=edit&fastedit=1&id=513",suspicious
"http://www.marketingendesign.nl/sprekers/159-alef-de-jong",suspicious
"http://www.franekwilkomirski.pl/component/mailto/index.html?tmpl=component&link=aHR0cDovL3d3dy5mcmFuZWt3aWxrb21pcnNraS5wbC9jb21wb25lbnQvY29udGVudC9hcnRpY2xlLzItd2lhZG9tb2NpLzEyLW9zdGF0bmktZXRhcC1vcGVyYWNqaS1obGhzLXpha29jem9ueS1zdWtjZXNlbS5odG1s",suspicious
"http://www.vakantiehuislereve.nl/index.php?option=com_content&view=article&id=66:bezinningsweek&catid=35&Itemid=78&vsig66_0=3",suspicious
"http://itport.com.ua/zhelezo/acer-vipustit-netbuk-dlya-chrome-os",suspicious
"http://www.koi-waterlife-centre.com/kwlcshop/component/virtuemart/index.html?page=shop.browse&category_id=33",suspicious
"http://youkuedu.com/index.php/campus-display/13-2013-12-19-11-19-32",suspicious
"http://www.sandomenicoresidence.com/index.php?option=com_content&view=article&id=28&Itemid=5&lang=it",suspicious
"http://www.sri-lanka-reisen.eu/galerie/5-sri-lanka/detail/181-dambulla4.html?tmpl=component&phocadownload=1",suspicious
"http://www.philipp-heerwagen.de/index.php?view=article&catid=36:karriere&id=51:erfolge&tmpl=component&print=1&layout=default&page=&option=com_content&Itemid=53",suspicious
"http://www.ligermedia.co.th/th/about-us.html",suspicious
"http://puracolombia.com/en/company",suspicious
"http://chambopercussion.com/es.1",suspicious
"http://www.creuzadema.net/chiara-jeri",suspicious
"http://www.biodiatrofi.gr/index.php?option=com_user&view=remind&lang=en",suspicious
"http://www.istracentrum.sk/fotogalerie/94-fotoforum-2012/detail/1601-dscn2316?tmpl=component",suspicious
"http://burkinasaracanarias.org/es.pdf?view=article&catid=40:noticias&id=68:encuentro-intercultural-en-vecindario",suspicious
"http://9779.info/%E5%88%9D%E4%B8%AD%E7%94%BB%E7%9A%84%E5%AE%89%E5%85%A8%E6%89%8B%E6%8A%84%E6%8A%A5/",suspicious
"http://www.fitnessequipmentworldok.com/treadmills?page=shop.product_details&flypage=flypage.tpl&category_id=6&product_id=81",suspicious
"http://www.liceorutigliano.com/index.php?option=com_mailto&tmpl=component&link=aHR0cDovL3d3dy5saWNlb3J1dGlnbGlhbm8uY29tL2luZGV4LnBocD9vcHRpb249Y29tX2NvbnRlbnQmdmlldz1hcnRpY2xlJmlkPTExNzpzY2llbnRpZmljbyZjYXRpZD01MTpzY2llbnRpZmljbyZJdGVtaWQ9NjE=",suspicious
"http://9779.info/%E7%BA%A2%E7%BB%BF%E8%93%9D%E7%9A%B1%E7%BA%B9%E7%BA%B8%E7%B2%98%E8%B4%B4%E7%94%BB/",suspicious
"http://www.latarnik.eu/index.php?option=com_contact&view=contact&id=1&Itemid=10",suspicious
"http://www.nfa.com.tr/index.php?option=com_content&view=article&id=80&Itemid=128",suspicious
"http://peluqueriadeautor.com/index.php?option=com_virtuemart&page=shop.feed&category_id=6&Itemid=70",suspicious
"http://www.akmediaproductions.ca/index.php?option=com_k2&view=item&id=2:silverwoods-at-pigeon-lake&Itemid=81",suspicious
"http://8888854.com/a.htm",suspicious
"http://www.atvmir.ru/sejeal.jpg",suspicious
"http://www.wxlottery.com/wfjs/201209/265210.html",suspicious
"http://www.js182.com/app/member/SportOption.php?uid=guest&langx=gb",suspicious
"http://www.gemu-sedu.es/index.php?view=article&id=46:presentacion&tmpl=component&print=1&layout=default&page=&option=com_content&Itemid=53",suspicious
"http://djkatrina.ru/persony/biografii/dj-alex-cosmo-aleks-kosmo.html",suspicious
"http://benchmarkms.com/projects/churches/picture/4",suspicious
"http://www.voile35.com/index.php?option=com_wrapper&view=wrapper&Itemid=106",suspicious
"http://www.ccent.com.au/index.php?option=com_mailto&tmpl=component&link=aHR0cDovL3d3dy5jY2VudC5jb20uYXUvaW5kZXgucGhwP29wdGlvbj1jb21fY29udGVudCZ2aWV3PWFydGljbGUmaWQ9NjM6bWlycm9yYmFsbC1leHByZXNzJmNhdGlkPTQ4OmNvcnBvcmF0ZS1zaG93cyZJdGVtaWQ9MTg2",suspicious
"http://znsv.baidu.com/customer_search/api/js?sid=14553675342420242144",suspicious
"http://www.wsnc.org.au/component/jcalpro/flat",suspicious
"http://www.pubyun.com/wiki/lib/exe/js.php?tseed=f1f16e8c6142fab8553f2b9cfe045961",suspicious
"http://www.rathgaelgym.org/birthday-parties",suspicious
"http://www.dtxzx.net/view.asp?id=1298",suspicious
"http://amusementlamp.com/en/Amusement_Led_Lamp_YJLED-018-SM12.html",suspicious
"http://www.axelschweizer.de/fisherman.html",suspicious
"http://hoaphatelectric.com/tuyen-dung",suspicious
"http://www.dovehouse.us/component/content/article/37-content/87-terms-of-service",suspicious
"http://bollucatml.k12.tr/index.php?option=com_content&view=article&id=72:laboratuarlar-1&catid=45:okul-fotoraflar&Itemid=55",suspicious
"http://www.sprintcar.ro/produse-chimice/fonduri/139-fond-poliuretanic-31.html",suspicious
"http://www.autoretro.it/scioneri.htm",suspicious
"http://bollucatml.k12.tr/index.php?view=article&catid=74:yoenver&id=174:yonver&tmpl=component&print=1&layout=default&page=&option=com_content&Itemid=2",suspicious
"http://koronazrt.hu/index.php/hu/ruhazati-uzleteink.html",suspicious
"http://www.englandfencing.co.uk/index.php?option=com_content&view=article&id=366:coaching-courses-in-hertfordshire-and-nottingham&catid=51:coaching-courses&Itemid=96",suspicious
"http://9779.info/%E5%85%B3%E4%BA%8E%E6%85%88%E7%88%B1%E7%B2%98%E8%B4%B4%E7%94%BB/",suspicious
"http://www.elektro-vozila.si/katalog-vozil/hibridi-3",suspicious
"http://www.horizonte-hospizverein.de/index.php?option=com_user&view=remind&Itemid=127",suspicious
"http://zeitfeist.de/youtube/136-terror.html",suspicious
"http://www.olab.se/sejeal.jpg",suspicious
"http://www.chleb.info.pl/moje-chleby-receptury/pieczywo-na-zakwasie.1",suspicious
"http://www.verrijzenisgemeenschap.nl/index.php?option=com_mailto&tmpl=component&link=aHR0cDovL3d3dy52ZXJyaWp6ZW5pc2dlbWVlbnNjaGFwLm5sL2luZGV4LnBocD9vcHRpb249Y29tX2NvbnRlbnQmdmlldz1hcnRpY2xlJmlkPTUyOnpvcmctdm9vci1lbGthYXImY2F0aWQ9NjQ6em9yZy12b29yLWVsa2FhciZJdGVtaWQ9Nzk=",suspicious
"http://www.toriyama-k.jp/web-links/39-2009-05-25-15-38-45/15-2010-12-25-05-07-38.html",suspicious
"http://www.easy-process.de/de/ep-in-der-cloud/19-impressum.html",suspicious
"http://www.nabu-gaildorf.de/index.php?option=com_jevents&Itemid=71&catids=35|32|36|34|33",suspicious
"http://grasslandhotel.com.vn/index.php/tours/danangtours/items/fbtrack.js",suspicious
"http://www.minhasgerais.com/index.php?option=com_content&view=article&id=3:vesperata&catid=2:destaques",suspicious
"http://www.gonzalespd.org/index.php?option=com_jcalpro&Itemid=43&extmode=day&date=2013-02-07",suspicious
"http://www.werderfan-fahrten.de/index.php?option=com_phocagallery&view=detail&catid=4:saison-1011-hinrunde&id=41:dortmund-werder-2010-11-f7&tmpl=component&Itemid=63",suspicious
"http://www.z-mobility.eu/fahrzeugflotte/66-fahrzeugflotte/120-limousine.html",suspicious
"http://www.oratoriosanfelipeneri.com.mx/index.html",suspicious
"http://www.lenek.no/index.php?view=article&catid=1:startside&id=7:fingermat&tmpl=component&print=1&layout=default&page=&option=com_content&Itemid=6",suspicious
"http://www.gruendungsberater-steuerberater.de/index.php?option=com_content&view=article&id=5&Itemid=5",suspicious
"http://wandern-in-griechenland.de/fotogalerie/dodekanes/dodekanes-76",suspicious
"http://www.schuetzenverein-beelen.de/index.php?option=com_content&view=article&id=49&Itemid=34",suspicious
"http://www.e-komotini.gr/index.php?option=com_mtree&task=listcats&cat_id=86&Itemid=1",suspicious
"http://www.aquamarinadivingtenerife.com/en/guest-book/540-03-april-dave.html",suspicious
"http://programsolutionsgroup.com/components/com_portfolio/includes/phpthumb/phpThumb.php?w=700&h=450&src=..%2F..%2F..%2F..%2Fimages%2Fstories%2Fportfolio%2Fitem_original%2F3_1261613594.jpg",suspicious
"http://www.holtemidtpunkt.dk/index.php?option=com_content&view=article&id=55&Itemid=136",suspicious
"http://www.portaplus.pt/component/contact/12-portaplus/1-portaplus",suspicious
"http://www.masterhouse.es/index.php?option=com_properties&view=properties&task=showproperty&cyid=1:espana&sid=1:huelva&lid=1:aljaraque&cid=2:en-alquiler&tid=1:adosados&id=193:adosado-de-3dormitorios-en-el-centro-de-aljaraque&Itemid=9",suspicious
"http://babaci.fr/index.php?view=properties&id=2:maginfique-villa-de-plein-pied-a-cannes-californie2&option=com_jea&Itemid=2",suspicious
"http://9779.info/%E5%85%AD%E4%B8%80%E5%84%BF%E7%AB%A5%E6%8B%BC%E8%B4%B4%E7%94%BB/",suspicious
"http://www.bbs1wob.de/neuigkeiten/12-aktuelles/25-schulfest-mit-vielen-aktionen-rund-um-das-motto-schule-ohne-rassismus-schule-mit-courage.html",suspicious
"http://www.gonzalespd.org/index.php?option=com_jcalpro&Itemid=41&extmode=day&date=2013-03-03",suspicious
"http://3cf.ru/2015/07/21/hokkei-vladislav-tretiak-vydvinem-rotenberga-na-post-predsedatelia-pravleniia-fhr/",suspicious
"http://www.fagnaniebertagnoli.it/Table/Filtri/index.html",suspicious
"http://www.africaonline.co.zw/index.php?option=com_content&view=article&id=46:consumer-solutions&catid=34:consumer-solutions&Itemid=34",suspicious
"http://www.papamusilisafaris.eu/component/products/index.html?productsTask=productsDetails&catid=2&productsId=11",suspicious
"http://www.vmsdoorsolutions.nl/references.html",suspicious
"http://opttoys24.ru/index.php?page=shop.product_details&category_id=43&flypage=flypage.tpl&product_id=837&option=com_virtuemart&Itemid=5",suspicious
"http://www.f17.info/index.php?option=com_content&view=article&id=47&Itemid=87",suspicious
"http://jetrack.net/Index.php/divine-products/sampurna-mahayantras.html",suspicious
"http://www.versverwerktegroenten.nl/info-groenten/rode-biet.html",suspicious
"http://www.sprintcar.ro/accesorii-vopsitorie/produse-pentru-mascare/104-huse.html",suspicious
"http://annviviskennel.net/index.html",suspicious
"http://www.planet-fitness.it/index.php?option=com_content&view=article&id=72&Itemid=41&vsig72_0=28",suspicious
"http://www.marketingendesign.nl/recap2010/83-programma-2011",suspicious
"http://myhealthbrand.com/index.php?page=shop.product_details&flypage=flypage.tpl&product_id=29&category_id=6&option=com_virtuemart&Itemid=9999&lang=bg",suspicious
"http://www.philharmonia-chor-stuttgart.de/konzerte/rueckblick/117-samstag-3-dezember-2011",suspicious
"http://www.afotiadis.gr/index.php/el/electric",suspicious
"http://haktari.com/index.php?option=com_content&view=article&id=79&Itemid=153&reset-settings",suspicious
"http://www.timali.com/our-agents/salvador-caraballo",suspicious
"http://www.thera-tan-massagen.de/x.txt",suspicious
"http://www.bruynzeelmultipanel.be/index.php?option=com_content&view=article&id=20&Itemid=21",suspicious
"http://9779.info/%E5%89%AA%E8%B4%B4%E7%94%BB%E5%9B%BE%E7%89%87%E5%A4%A7%E5%85%A8/",suspicious
"http://www.affordable-adult-vacations.com/forum/showthread.php?goto=newpost&t=1144",suspicious
"http://www.art-ecology-education.org/de/aee--org-topmenu-48.html",suspicious
"http://amusementlamp.com/en/Product-6.html",suspicious
"http://engine32truck16.com/component/mailto/index.html?tmpl=component&link=51b8c076d939fbae34108184255ea60af79d52bc",suspicious
"http://www.zuzatravel.pl/component/k2/itemlist/tag/ognisko.html",suspicious
"http://www.liceoparroquialsangregoriomagno.edu.co/index.php?option=com_mailto&tmpl=component&link=aHR0cDovL3d3dy5saWNlb3BhcnJvcXVpYWxzYW5ncmVnb3Jpb21hZ25vLmVkdS5jby9pbmRleC5waHA%2Fb3B0aW9uPWNvbV9jb250ZW50JnZpZXc9YXJ0aWNsZSZpZD00NDpwZWR1Y2F0aXZhJmNhdGlkPTQzOnByb3B1ZXN0YSZJdGVtaWQ9NTg=",suspicious
"http://www.alarmstore.com.br/index.php?option=com_virtuemart&page=shop.browse&category_id=8&Itemid=54",suspicious
"http://www.portaflores.com/index.php?option=com_virtuemart&page=shop.browse&category_id=34&Itemid=29",suspicious
"http://www.rsccaritas.ie/where-we-work/england-and-scotland?layout=default",suspicious
"http://grasslandhotel.com.vn/index.php/tours/culaochamtours/items/fbtrack.js",suspicious
"http://apechemy.fr/index.php/photos/14-2010/detail/527-24042010089?tmpl=component",suspicious
"http://absolutebeautysalon.com/offers",suspicious
"http://centrobalmar.org/index.php?option=com_content&view=article&id=49&Itemid=79",suspicious
"http://www.vetquality.com.br/blog/item/46-yuki-westie-no-cachorrada-do-faustรฃo-2ยช-semana",suspicious
"http://www.sgeo.net/index.php?option=com_k2&view=item&id=5:micropali&Itemid=2",suspicious
"http://9779.info/%E7%9A%B1%E7%BA%B9%E7%BB%B3%E7%B2%98%E8%B4%B4%E7%94%BB/",suspicious
"http://rus-master.com/\321%80ะตะผะพะฝ\321%82-ะบะฒะฐ\321%80\321%82ะธ\321%80-\321%84ะพ\321%82ะพ-ะฟะต\321%82ะต\321%80ะฑ\321%83\321%80ะณ/category/4-\320%98ะทะณะพ\321%82ะพะฒะปะตะฝะธะต-ะผะตะฑะตะปะธ-ะฝะฐ-ะทะฐะบะฐะท.html",suspicious
"http://www.kamasua.com.br/index.php?option=com_virtuemart&page=shop.browse&category_id=65&Itemid=128",suspicious
"http://www.affordable-adult-vacations.com/faq/10/index.html",suspicious
"http://guidartes.com/index.php?option=com_virtuemart&page=shop.browse&category_id=98&Itemid=10098",suspicious
"http://www.learnpolish-online.pl/pl.feed?type=rss",suspicious
"http://9779.info/%E8%A5%BF%E7%93%9C%E5%AD%90%E7%9A%AE%E6%8B%BC%E8%B4%B4%E7%94%BB/",suspicious
"http://www.demunjones.com/index.php?option=com_mailto&tmpl=component&link=aHR0cDovL3d3dy5kZW11bmpvbmVzLmNvbS9pbmRleC5waHA%2Fb3B0aW9uPWNvbV9jb250ZW50JnZpZXc9YXJ0aWNsZSZpZD0zMzpkZW11bi1qb25lcy10by1yZWxlYXNlLW5ldy1hbGJ1bS1xbGlnaHRxLXNvb24mY2F0aWQ9MTpuZXdzJkl0ZW1pZD0x",suspicious
"http://www.connexion3.gr/el/news/20-neos-diagwnismos-ion-amigdalou",suspicious
"http://hotlinegsm.com/products/mobile-and-tablet/apple-iphone-4-detail",suspicious
"http://www.sanluricalcio.it/index.php?option=com_content&view=category&layout=blog&id=34&Itemid=54&limitstart=40",suspicious
"http://codep34.fr/index.php?option=com_content&view=article&id=197&Itemid=190",suspicious
"http://www.xj9599.com/app/member/indexs.php?path=pages&pages=help&uid=f554ab9b50d41d8cd98fra3",suspicious
"http://www.unfallhilfe-bayern.de/index.php/newsfeeds/4-joomla/4-joomla-developer-news",suspicious
"http://nailcenter.fr/index.php?option=com_content&view=article&id=2&Itemid=2",suspicious
"http://www.tepolsa.com/index.php?option=com_content&view=article&id=10&Itemid=11",suspicious
"http://www.korexshop.sk/index.php?option=com_virtuemart&page=shop.browse&category_id=680&Itemid=79",suspicious
"http://www.bessels.com/projecten/industrie/0626-euro-patisserie-a.html",suspicious
"http://www.stiltex-grandchef.it/index.php?option=com_mailto&tmpl=component&link=aHR0cDovL3d3dy5zdGlsdGV4LWdyYW5kY2hlZi5pdC9pbmRleC5waHA%2Fb3B0aW9uPWNvbV9jb250ZW50JnZpZXc9YXJ0aWNsZSZpZD05OmNvbnRhdHRpJmNhdGlkPTQzOmNvbnRhdHRpJkl0ZW1pZD01NA==",suspicious
"http://guianaturologia.com.br/blog/item/47-linhaรงa-\342%80%93-o-mais-novo-super-alimento-do-momento.html",suspicious
"http://www.chantier-naval-gatto.com/index.php?option=com_resource&controller=article&category_id=10&view=article&article=14&Itemid=4",suspicious
"http://www.slavia.sk/mailto/component?link=aHR0cDovL3d3dy5zbGF2aWEuc2svY2xhbmt5LW1lbnUvd2Utc3VwcG9ydGVk",suspicious
"http://aksniwka.com/mloda-niwka/sp-orliki-20032004/rozgrywki",suspicious
"http://www.chantier-naval-gatto.com/index.php?option=com_resource&controller=article&category_id=9&view=article&article=29&Itemid=10",suspicious
"http://apechemy.fr/index.php/actions/paques/35-noel-2009",suspicious
"http://missionpartner.dk/index.php?limitstart=15",suspicious
"http://www.rosstars.nl/wedstrijdverslagen/96-meisjes-a1/347-droomstart-voor-dames-4",suspicious
"http://www.skirennlauf.de/index.php?option=com_virtuemart&Itemid=158",suspicious
"http://www.verrijzenisgemeenschap.nl/index.php?option=com_content&view=article&id=62&Itemid=76",suspicious
"http://siaco.it/contatti/46-eticabottegaveneta.html",suspicious
"http://www.thermansi.com/index.php?view=article&catid=2:2009-10-17-23-25-10&id=6:2009-10-17-23-42-52&tmpl=component&print=1&layout=default&page=&option=com_content&Itemid=5",suspicious
"http://szgs.ru/on-the-company/vacancies/43-2008-08-18-10-50-51.html",suspicious
"http://www.sri-lanka-reisen.eu/linkpartner.html",suspicious
"http://www.gallacher-sons.co.uk/index.php?option=com_content&view=article&id=57:all-chimney-work&catid=35:specialising-in&Itemid=63",suspicious
"http://www.capp-ltd.co.uk/site-map.html",suspicious
"http://www.sweethome.com.gr/index.html",suspicious
"http://www3.upweb.net/peradmin/htmlfile/xc0602/200712130927571105679.JPG",suspicious
"http://www.connexion3.gr/el/component/mailto/index.html?tmpl=component&link=9c983ea2d7dd4d9fcc832ab94257fd01448cf1ee",suspicious
"http://www.shaborooz.ir/index.php?option=com_content&view=article&id=21:1390-04-09-07-50-43&catid=10:slideshow&Itemid=11",suspicious
"http://www.yunnanguolv.com/Yunnan/List/List_17.html",suspicious
"http://kubiyot.net/index.php?view=article&catid=4:2009-09-03-09-25-53&id=40:spring&tmpl=component&print=1&layout=default&page=&option=com_content&Itemid=10",suspicious
"http://www.diariodigitalgestor.es/index.php?option=com_mailto&tmpl=component&link=aHR0cDovL3d3dy5kaWFyaW9kaWdpdGFsZ2VzdG9yLmVzL2luZGV4LnBocD9vcHRpb249Y29tX2NvbnRlbnQmdmlldz1hcnRpY2xlJmlkPTc5Njpib2xldGluLWluZm9ybWF0aXZvLXRyaWJ1dGFyaW8mY2F0aWQ9MTpoaXN0b3JpY28=",suspicious
"http://mueblescomuneros.com/informatica/8-informatica/detail/13-actiu0001siluet.html?tmpl=component",suspicious
"http://hotlinegsm.com/products/mobile-and-tablet/nokia-asha-302-detail",suspicious
"http://www.unikate-von-alexa.de/index.php?option=com_phocagallery&view=detail&catid=1:schmuck&id=269:meteorit-105&tmpl=component&Itemid=8",suspicious
"http://www.aims4claims.com/thomas-hoeberling-contact-form.html",suspicious
"http://www.artzone-chronicles.fr/index.php?option=com_content&view=article&id=150:skyfall-de-sam-mendes&catid=39:cinema&Itemid=11",suspicious
"http://www.plasmacamcnc.com/index.php?option=com_user&task=register",suspicious
"http://www.cvoaccent.nl/index.php?option=com_content&view=article&id=14&Itemid=159",suspicious
"http://kizombafestival.pl/index.php?view=article&catid=42:artyci&id=142:ania-zakrzewska-polska&tmpl=component&print=1&layout=default&page=&option=com_content&Itemid=71&lang=en",suspicious
"http://columbiafresh.es/index.php?option=com_phocagallery&view=category&id=2:2-evaporacion-en-caliente&Itemid=18",suspicious
"http://www.xpj5988.com/pages/novice/register.htm;jsessionid=A77C20A90C6790855CB2882AD06183ED",suspicious
"http://hempel-hosting.de/index.php?view=article&id=53:wiederrufsbelehrung&tmpl=component&print=1&layout=default&page=",suspicious
"dr-menschick.at",suspicious
"http://9779.info/%E8%B1%86%E5%AD%90%E7%B2%98%E8%B4%B4%E7%94%BB%E7%94%A8%E4%BB%80%E4%B9%88%E7%B2%98/",suspicious
"http://tweetyspainting.com/index.php?option=com_content&view=article&id=1175&Itemid=542",suspicious
"http://www.horizonte-hospizverein.de/index.php?option=com_jevents&task=day.listevents&year=2013&month=01&day=12&Itemid=126",suspicious
"http://www.austvisiontax.com.au/index.php/specialisations/building-construction",suspicious
"http://wandern-in-griechenland.de/fotogalerie/tinos-andros-wanderungen/tinos-469",suspicious
"http://www.udeworld.com/component/mailto/index.html?tmpl=component&link=92d0dc84e5189228f76f899a66664f1211d499b6",suspicious
"http://www.rathgaelgym.org/news/recreational-news",suspicious
"http://www.ciifen-int.org/index.php?option=com_content&view=category&layout=blog&id=96&Itemid=137&lang=es",suspicious
"http://creche-hermonville.com/index.php?option=com_xmap&sitemap=1&Itemid=50",suspicious
"http://www.norzwebmarketing.com/search-engine-marketing/search-engine-optimization",suspicious
"http://slaviacapital.com/sluzby-a-produkty/investicie-pre-privatnych-partnerov",suspicious
"http://www.galerie-unterm-maulbeerbaum.de/index.php?option=com_content&view=article&id=64&Itemid=63",suspicious
"http://www.neesonmurcutt.com/houses/think-brick-2007.html",suspicious
"http://www.sandomenicoresidence.com/index.php?option=com_content&view=article&id=28&lang=en&Itemid=",suspicious
"http://9779.info/%E4%BA%B2%E5%AD%90%E6%AF%9B%E7%BA%BF%E8%B4%B4%E7%94%BB/",suspicious
"http://9779.info/%E5%B9%BF%E5%91%8A%E6%8B%9B%E8%B4%B4%E7%94%BB%E7%8E%AF%E4%BF%9D%E5%9B%BE%E7%89%87/",suspicious
"http://www.magramoto.it/component/virtuemart/category/7/accessori.html",suspicious
"http://www.barn.co.nz/travel-and-tourism-directories",suspicious
"http://onlineigri.net/all-games/battle-field",suspicious
"http://www.cla-liege.be/activites/autres-activites/82-2011-09-16-12-21-47.html",suspicious
"http://golfsource.us/index.php?option=com_content&view=article&id=7&Itemid=1",suspicious
"http://australasiansocceracademy.com.au/soccer/index.php?option=com_content&view=article&id=150:-fofanah-scores-a-hat-rick-on-debut-for-burnley-fc&catid=1:latest-news&Itemid=66&lang=en",suspicious
"http://www.liceoparroquialsangregoriomagno.edu.co/index.php?option=com_phocadownload&view=file&id=26&Itemid=81",suspicious
"http://host66.hostmonster.com/suspended.page/disabled.cgi/cf-host.com",suspicious
"http://www.kertemindecityforening.dk/besog-butikkerne/56-vaffelhuset.html",suspicious
"http://hoaphatelectric.com/san-pham/he-thong-tich-hop-cis?page=shop.product_details&category_id=11&flypage=flypage.tpl&product_id=10",suspicious
"http://www.briard-stark.de/unsere-briard-welpen/18-l-wurf.html?tmpl=component&print=1&layout=default&page=",suspicious
"http://www.brigitte-koischwitz.de/index.php?option=com_content&view=article&id=53&Itemid=66",suspicious
"http://www.brunnentalhof.com/index.php?option=com_phocagallery&view=detail&catid=3:der-garten&id=7:phocathumbl115&Itemid=91&lang=de",suspicious
"https://c...content-available-to-author-only...e.org/search?q=",suspicious
"http://www.cpimoto.ru/fotoaragonclub",suspicious
"http://www.textilexpres.com/TE/index.php?option=com_content&view=category&id=905:sector-y-mercado&Itemid=69&layout=default",suspicious
"http://www.smalbro.dk/free-postcards-51-60/1498-free-postcard-with-heart-motive-051",suspicious
"http://www.slab.ro/index.php?option=com_content&view=article&id=120:persoana-11&catid=36:galerie",suspicious
"http://antenassaojose.com.br/site/index.php?option=com_mailto&tmpl=component&link=9faad917a0fa7e01807b4cb6b8a1ce53dbe2238f",suspicious
"http://www.ndautopartes.com.ar/index.php?option=com_content&view=article&id=151:&catid=6&Itemid=26",suspicious
"http://hsv-deswalm.nl/index.php?option=com_jcalpro&Itemid=87&extmode=day&date=2013-01-12&lang=nl",suspicious
"http://www.ganyuan.net/newsshow.asp?id=62",suspicious
"http://www.casescout.org/index.php?option=com_content&view=article&id=14&Itemid=25",suspicious
"http://www.chantier-naval-gatto.com/index.php?option=com_resource&controller=article&category_id=11&view=article&article=35&Itemid=10",suspicious
"chronic.com.hk",suspicious
"http://networktrendsnow.com/about-us/news.1",suspicious
"http://www.fancygaptourism.com/lodging-and-services/lodging/27-inn-at-orchard-gap",suspicious
"http://www.moravianchurchehc.org/pastors-page.html",suspicious
"http://www.erotik-zimmer.de/index.php?option=com_content&view=article&id=37&Itemid=74",suspicious
"http://www.ekino-neureut.de/index.php?option=com_content&view=article&id=26&Itemid=26",suspicious
"http://www.thenewspaper.ca/the-news?start=9",suspicious
"http://www.englishlanguageco.com/index.php?option=com_content&view=article&id=5&Itemid=5&lang=en",suspicious
"http://www.lebensmittel-ueberwachung.de/index.php/verbaende.1",suspicious
"http://richard-lebelt.de/index.php?option=com_content&view=category&layout=blog&id=38&Itemid=59",suspicious
"http://www.teapu.net/cmd.asp?act=vrs",suspicious
"http://www.sdsbalk.nl/index.php?option=com_banners&task=click&bid=12",suspicious
"http://haishundl.com/a/qinpengqipaiguanfangxiazai/20131014/226.html",suspicious
"http://www.danceineducation.com/web/index.php?option=com_content&view=category&layout=blog&id=56&Itemid=130&lang=en",suspicious
"http://djamarildocastro.com.br/index.php?option=com_bibliadigital&view=all&Itemid=18",suspicious
"http://www.nabu-gaildorf.de/index.php?option=com_jevents&task=day.listevents&year=2013&month=01&day=23&Itemid=33",suspicious
"http://www.oratoriosanfelipeneri.com.mx/oratorio/oratorio-san-felipe-neri.html?tmpl=component&print=1",suspicious
"http://soothingpainrelief.com/index.php?option=com_content&view=article&id=17",suspicious
"http://www.redcourier.gr/services.html",suspicious
"http://www.reing-infor.com.mx/index.php?view=article&catid=36:productos-reingenieria&id=71:portal-institucional&tmpl=component&print=1&layout=default&page=&option=com_content&Itemid=72",suspicious
"http://teamgorillas.com/index.php?view=dayview&id=22&day=2&month=1&year=2013&option=com_fastball&Itemid=85",suspicious
"http://www.el-harakat-afghanen.com/index.php?option=com_oziogallery2&view=09mediagallery&Itemid=316",suspicious
"http://semiaogomespinto.pt/index.php?option=com_banners&task=click&bid=9",suspicious
"http://onlineigri.net/all-games/adventure",suspicious
"http://9779.info/%E5%89%AA%E8%B4%B4%E7%94%BB%E5%A9%9A%E7%BA%B1/",suspicious
"http://www.webcreators.gr/service-laptop/egkatastasti-leitourgikou-sustimatos/72-episkeui-vismatos-trofodosias.html",suspicious
"http://enriclloret.com/index.php?option=com_weblinks&view=weblink&catid=2:principal&id=2:tgsc&lang=ca",suspicious
"http://www.js182.com/app/member/SportOption.php?uid=guest&langx=gb",suspicious
"safety.apple.com.nlmalhmcvw.dwkummyh8ndpdenj.trade",suspicious
"http://shicaifanxin.cn/index.php?s=video/search/wd/%E5%BE%97%E5%BE%97%E7%88%B1",suspicious
"http://www.tandemw.kz/index.php?view=article&catid=1:2012-10-08-05-13-48&id=2:2012-10-08-05-26-23&tmpl=component&print=1&layout=default&page=&option=com_content&Itemid=2",suspicious
"http://www.rathgaelgym.org/news/general-club-news",suspicious
"http://mahshov.com/index.php?option=com_content&view=article&id=13&Itemid=25",suspicious
"http://www.alberi.com.br/seres-vivos/52-pulgao",suspicious
"http://farsgp.com/index.php?option=com_content&view=article&id=184:entekhabat&catid=1:latest-news&Itemid=50",suspicious
"http://www.khd.at/index.php?option=com_rsgallery2&page=inline&id=122&Itemid=7",suspicious
"http://www.llantencatering.com.ar/sejeal.jpg",suspicious
"http://www.autoretro.it/isorivolta.htm",suspicious
"http://haldenoyeklinikk.no/index.php?option=com_content&view=article&id=26&Itemid=11",suspicious
"http://www.twalogisticsltd.co.uk/downloads/5-twa-logistics-full-brochure-.html",suspicious
"http://thecheekofher.com/videos/139-sunday-mourning-live-08-10-11",suspicious
"http://www.kulgupuit.ee/index.php?option=com_phocagallery&view=category&id=2&Itemid=5&lang=ru&limitstart=60",suspicious
"http://www.sppvideo.com/search.php?intro=tool",suspicious
"http://gleitschirmfluege.com/component/mailto/index.html?tmpl=component&link=aHR0cDovL2dsZWl0c2NoaXJtZmx1ZWdlLmNvbS9wYXJhZ2xlaXRlbi84LXNjaGxlY2h0ZXMtd2V0dGVyLXp3aW5ndC16dXItcGF1c2U=",suspicious
"http://www.enolr.com/event-calendar/day/date/2013-01-29/13.html",suspicious
"http://svadebny.com/index.php?option=com_sobi2&catid=119&Itemid=678",suspicious
"http://www.fitasylum.com/index.php/blog/running/112-how-hard-is-the-vermont-spartan-beast-my-review",suspicious
"http://www.treelineconcepts.com.au/index.php?option=com_content&view=article&id=46&Itemid=54",suspicious
"http://www.feuer-wehr.de/index.php?option=com_content&view=category&layout=blog&id=21&Itemid=48",suspicious
"http://galiciainterior.com/overseas/index.htm",suspicious
"http://www.bissfest-marburg.de/preise/gutscheine.html?tmpl=component&print=1&page=",suspicious
"http://9779.info/%E6%A0%91%E5%8F%B6%E8%B4%B4%E7%94%BB%E4%BD%9C%E5%93%81/",suspicious
"http://raysbicycle.com.au/index.php?option=com_redshop&view=category&cid=5&layout=detail&Itemid=4",suspicious
"http://audeantenne.com/index.php?option=com_content&view=article&id=1&Itemid=125",suspicious
"http://www.protect-effect.nl/sejeal.jpg",suspicious
"http://945wg.com/deal_js.asp?mudi=newsAddReadNum&dataID=588&isNoReturn=1",suspicious
"http://www.thereefrestaurant.com/wp-content/plugins/wp-lightbox-2/styles/lightbox.min.css?ver=1.3.4",suspicious
"http://www.trees-partner.ch/index.php?view=article&id=10:login&tmpl=component&print=1&layout=default&page=&option=com_content&Itemid=2",suspicious
"http://www.newstudy.net/community/Web_nMngr.aspx?pn=2&acaidx=0&board_idx=338&sflag=1&mflag=NOT&where_s=n_Sub&keyword_s=",suspicious
"http://www.thc-hanau.de/index.php/geschaeft",suspicious
"http://www.activeinformatica.com/sejeal.jpg",suspicious
"http://www.prospectparkquietskies.org/frequently-asked-questions/312-faa-uses-shadow-military-for-environmental-analyses.html",suspicious
"http://www.vittorioguzzo.it/mappa-del-sito.html",suspicious
"http://artturo.com/showcase-places/salao-elysium",suspicious
"http://freesoftpage.de/download-server/viewcategory/47-ebay-auktionstools-biettools.html",suspicious
"http://www.eidondigitalgallery.it/index.php?option=com_content&view=article&id=58&Itemid=63&limitstart=7",suspicious
"http://www.toriyama-k.jp/ryoukin.html",suspicious
"http://9779.info/%E5%BF%AB%E4%B9%90%E6%9A%91%E5%81%87%E7%9A%84%E5%89%AA%E8%B4%B4%E7%94%BB/",suspicious
"http://www.australiasworstjournalist.com.au/worst-journalist-awards/2011/worst-publisher-awards-2011",suspicious
"http://www.malin-kh.cz/zpravy-z-malina.1",suspicious
"http://mahshov.com/index.php?option=com_content&view=article&id=35:2009-11-17-16-05-14&catid=3:2009-11-15-09-34-44&Itemid=63",suspicious
"http://www.westlondongmpresources.org.uk/index.php?page=shop.product_details&flypage=flypage.tpl&product_id=396&category_id=41&option=com_virtuemart&Itemid=1",suspicious
"http://grasslandhotel.com.vn/index.php/component/djcatalog2/item/3-hotelpromotion/16-newyearholiday",suspicious
"http://mascoterossolidarios.org/index.php?option=com_zoo&task=item&item_id=1694&category_id=188&Itemid=405",suspicious
"http://www.xpj5988.com/promotion.htm;jsessionid=A77C20A90C6790855CB2882AD06183ED",suspicious
"http://www.agroverdad.com.ar/noticias/generales/1140-la-papa-se-hace-frita-y-crocante-en-cordoba-comienza-a-producir-una-planta-en-la-que-se-invirtieron-4-millones.html",suspicious
"http://butrading.com/index.php?page=shop.browse&category_id=25&option=com_virtuemart&Itemid=56&lang=nl",suspicious
"http://benchmarkms.com/projects/churches/album/1/9",suspicious
"http://www.lacos.de/cms_neu/index.php?option=com_content&view=article&id=4&Itemid=9&lang=de",suspicious
"http://www.biodiatrofi.gr/index.php?option=com_jevents&task=day.listevents&year=2013&month=02&day=27&Itemid=1&lang=en",suspicious
"http://www.congaltonheating.com/product-selection/indoor-air-quality",suspicious
"http://www.yunti.net/zh_news_view.asp?id=4",suspicious
"http://www.minutemanpizzaparlor.com/blog",suspicious
"http://www.thepudom.com/d/index.php?option=com_content&view=article&id=33&Itemid=5",suspicious
"http://www.gypsyspirit.eu/index.php?start=40",suspicious
"http://www.advinno.com/products/fpga/102",suspicious
"http://www.brocantezussen.nl/index.php?page=shop.browse&category_id=17&option=com_virtuemart&Itemid=4",suspicious
"http://aikido-dongen.nl/index.php?option=com_content&view=category&layout=blog&id=1&Itemid=11",suspicious
"http://www.berufungswege.de/kontaktformular.html",suspicious
"http://www.yunnanguolv.com/News/HTML/1376.html",suspicious
"http://bollucatml.k12.tr/index.php?option=com_phocaguestbook&view=phocaguestbook&id=1&Itemid=18",suspicious
"http://www.gonzalespd.org/index.php?option=com_content&view=article&id=48&Itemid=18",suspicious
"http://www.feuerwehr-treuenbrietzen.de/index.php?view=venueevents&id=2:vereinsraum&option=com_eventlist&Itemid=2",suspicious
"http://patrikcase.com/index.php?option=com_mailto&tmpl=component&link=aHR0cDovL3BhdHJpa2Nhc2UuY29tL2luZGV4LnBocD9vcHRpb249Y29tX2NvbnRlbnQmdmlldz1hcnRpY2xlJmlkPTE3OmZyaWVuZHMmY2F0aWQ9MTptZW51Jkl0ZW1pZD0zNA==",suspicious
"http://www.briard-profi.de/component/rsgallery2/item/91/asInline.html",suspicious
"http://www.ic-delta.ru/services/webdeveloping/createsites/sitestart",suspicious
""http://torontochieftains.com/component/option,com_jevents/Itemid,27/day,03/month,02/task,week.listevents/year,2013/index.html"",suspicious
"http://www.paulbattams.com.au/index.php?view=detail&id=51&option=com_joomgallery&Itemid=14",suspicious
"http://vinno.co.th/index.php?option=com_user&view=remind",suspicious
"http://patrikcase.com/index2.php?option=com_virtuemart&Itemid=21&pop=1&tmpl=component",suspicious
"http://www.gsmkamera.hu/index.html?option=com_content&view=article&id=11&Itemid=20&fontstyle=f-smaller",suspicious
"http://www.gallacher-sons.co.uk/index.php?option=com_content&view=article&id=52&Itemid=68",suspicious
"http://www.dedrijfstang.nl/index.php/nieuws",suspicious
"http://guianaturologia.com.br/cursos-e-eventos.html",suspicious
"http://23283333.com/line/index.asp?ID=1&vdo=C",suspicious
"http://hsv-deswalm.nl/index.php?option=com_jcalpro&Itemid=87&extmode=day&date=2013-01-14&lang=nl",suspicious
"http://www.papamusilisafaris.eu/nationalparks-tansania/arusha-nationalpark.html",suspicious
"http://socoter.cl/corporativo/index.php?option=com_content&view=article&id=53:uso&catid=35&Itemid=85",suspicious
"http://bisaneema.org/%e0%a4%85%e0%a4%96%e0%a4%bf%e0%a4%b2-%e0%a4%ad%e0%a4%be%e0%a4%b0%e0%a4%a4%e0%a5%80%e0%a4%af-%e0%a4%95%e0%a5%87%e0%a4%a8%e0%a5%8d%e0%a4%a6%e0%a5%8d%e0%a4%b0%e0%a5%80-%e0%a4%af-%e0%a4%aa%e0%a4%b0/",suspicious
"http://www.goecklingerhausbraeu.de/bilder/item/22/asInline.html",suspicious
"http://niedoba-assoc.com/index.php?option=com_content&view=article&id=114&Itemid=173",suspicious
"http://skelbiucia.lt/transportas/spec-technika/bobcat-nuoma-kaune-865641801-81",suspicious
"http://www.pidloga.com/grabo/itemid-241.php",suspicious
"http://www.yyjanet.com/culture/Default.aspx",suspicious
"http://www.hafenrocker.de/gaestebuch.html?start=30",suspicious
"http://9779.info/%E5%B0%8F%E7%8F%AD%E5%B9%BC%E5%84%BF%E5%89%AA%E7%BA%B8%E8%B4%B4%E7%94%BB/",suspicious
"http://www.sanremoballroom.com.au/weddings.html",suspicious
"http://www.janke-baufinanzierungen.de/index.php?option=com_content&view=article&id=70&Itemid=26",suspicious
"http://www.anahitalaw.com/index.html",suspicious
"http://www.ayseteyze.com.tr/sejeal.jpg",suspicious
"http://www.vilagnomad.com/wp-content/plugins/cforms146/js/cforms.js",suspicious
"http://www.nagid.pl/index.php?option=com_content&view=article&id=120:test&catid=1:latest-news",suspicious
"http://www.persianp.ir/index.php?option=com_user&view=remind",suspicious
"http://antenassaojose.com.br/site/index.php?view=article&catid=114:hdtv-plus-top-2013&id=153:hdtv-plus-top-2013&tmpl=component&print=1&layout=default&page=&option=com_content&Itemid=122",suspicious
"craftcollectible.com/burst/quin/mjnj.bin",suspicious
"http://rus-master.com/\321%80ะตะผะพะฝ\321%82ะฝ\321%8Bะต-\321%80ะฐะฑะพ\321%82\321%8B/59-\321%86ะธะบะปะตะฒะบะฐ-ะฟะพะปะฐ-ะฟะต\321%82ะต\321%80ะฑ\321%83\321%80ะณ.html",suspicious
"http://www.vetquality.com.br/component/k2/itemlist/tag/WESTIES",suspicious
"http://www.holidayclub-mtb.com/holiday/index.php?option=com_content&view=article&id=45&Itemid=60",suspicious
"http://9779.info/%E7%B2%AE%E9%A3%9F%20%E7%B2%98%E8%B4%B4%E7%94%BB/",suspicious
"http://img8.007swz.com/cpimg/pintupinban/6houYePH28_1342686212.jpg",suspicious
"http://www.bukitesveiki.lt/straipsniai-pranesimai/271-kaip-tapti-geresniu",suspicious
"http://www.ijsbaanapeldoorn.nl/fotos-videos.html?vsig4_0=1&vsig4_1=0",suspicious
"http://www.sementimenzo.it/field-day/18.html",suspicious
"http://www.allaroundrental.com/index.php?option=com_virtuemart&Itemid=57",suspicious
"http://wijzijnnietgevaarlijk.nl/index.html",suspicious
"http://www.pc50.de/index.php?option=com_content&view=article&id=13:ser",suspicious
"http://www.art-ecology-education.org/en/qaa-topmenu-30/15-what-is-it-you-do-mainly.html",suspicious
"http://www.pro-cycling-tours.co.uk/index.html",suspicious
"http://www.malsaker.nu/slottet/visning-av-malsakers-slott.1",suspicious
"http://www.fagnaniebertagnoli.it/Sistema-frenante/qh.html",suspicious
"http://svadebny.com/index.php?option=com_user&view=register",suspicious
"http://virgiliogomes.com/livros?start=60",suspicious
"http://jmrsl.net/index.php?option=com_jevents&task=day.listevents&year=2013&month=02&day=05&Itemid=111",suspicious
"http://www.0068555.com/app/member/SportOption.php?uid=guest&langx=gb",suspicious
"http://kreuzleger.net/de/downloads.html",suspicious
"http://www.114633.com/cl/?module=System&method=LiveTop&args=livehall",suspicious
"http://auf-online.com/index.php?option=com_eventlist&view=categories&Itemid=55",suspicious
"http://www.minhasgerais.com/index.php?option=com_content&view=article&id=34:vale-do-pasma&catid=4:o-que-fazer&Itemid=6",suspicious
"http://kidscentrale.nl/index.php?option=com_content&view=article&id=3&Itemid=4",suspicious
"http://www.saludyestetica.cl/g/index.php?option=com_mailto&tmpl=component&link=aHR0cDovL3d3dy5zYWx1ZHllc3RldGljYS5jbC9nL2luZGV4LnBocD9vcHRpb249Y29tX2NvbnRlbnQmdmlldz1hcnRpY2xlJmlkPTU1Om1hc2FqZXMtcmVkdWN0aXZvcyZjYXRpZD0zNDpzZXJ2aWNpb3MmSXRlbWlkPTcw",suspicious
"http://www.fagnaniebertagnoli.it/Table/MOTORINI-AVV.-ALTER/index.html",suspicious
"http://notiamazonia.com/index.php?option=com_content&view=article&id=1723:encuentran-desde-tijeras-hasta-droga-al-interior-del-nuevo-cdp&catid=1:latest-news&Itemid=18",suspicious
"http://www.fahrschule-niepel-hannover.de/service/faq/5-Fรผhrerschein/6-Fahrzeuge",suspicious
"http://www.graz4u.at/faq/weiterefragen/220-outlook-2010-probleme-nach-klick-auf-einen-mailtolink.html",suspicious
"http://www.bishopstrings.com/about-bishop-musical-instruments/australia.html",suspicious
"http://boughtitsoldit.com/component/virtuemart/index.html?page=shop.browse&category_id=30",suspicious
"http://www.merlvic.com.au/index.php?option=com_locator&view=location&layout=default&id=5772&Itemid=9",suspicious
"http://torontochieftains.com/Sponsorship/Become-a-Sponsor.html",suspicious
"http://wijzijnnietgevaarlijk.nl/honden-fotos/nitro.html",suspicious
"hutagosya.com",suspicious
"http://www.cpimoto.ru/gtr150",suspicious
"http://www.szabadmunkaero.hu/component/user/remind.html",suspicious
"http://www.botoxina.com/index.php?option=com_content&view=article&id=84:homeopatic-dept&Itemid=114&lang=en",suspicious
"http://www.caseaffittipuglia.com/case-a-ciardo.html?func=detail&id=26",suspicious
"http://hoaphatelectric.com/gioi-thieu/cac-phong-ban",suspicious
"http://www.dokbuaklangnam.com/index.php?option=com_content&view=category&id=35&Itemid=59",suspicious
"http://www.empresariosonline.com.mx/index.php?option=com_content&view=article&id=52:errores&catid=50:internetmkt&Itemid=43",suspicious
"http://9779.info/%E5%B9%BC%E5%84%BF%E7%B2%98%E8%B4%B4%E7%94%BB%E6%A0%91%E5%8F%B6%E5%9B%BE%E7%89%87/",suspicious
"http://evra-international-inc.com/index.php?option=com_mailto&tmpl=component&link=aHR0cDovL2V2cmEtaW50ZXJuYXRpb25hbC1pbmMuY29tL2luZGV4LnBocD9vcHRpb249Y29tX2NvbnRlbnQmdmlldz1hcnRpY2xlJmlkPTYlM0Fob21lJkl0ZW1pZD0x",suspicious
"http://www.2ndtimedesigns.com/general-information/clients/print",suspicious
"http://mo-artworks.com/component/mailto/index.html?tmpl=component&link=aHR0cDovL21vLWFydHdvcmtzLmNvbS9ibG9nL2RpdmVyc2UtdmlkZW9zL2Rlcy1kcmFjaGVuLXdlZy10ZWlsLWVpbnM=",suspicious
"http://gessobh.com/projetos.html",suspicious
"http://www.merlegkepeskonyvelotanfolyam.hu/merlegkepes-kepzesi-hirek/202-meg-jelentkezhetnek-merlegkepes-koenyvel-tanfolyamunkra.html",suspicious
"http://www.mt6669.com/cl/tpl/montecarlo/ver1/css/montecarlo.css?v=ver16.32",suspicious
"http://www.nissad.com/junction-and-distribution-boxes.html?start=1",suspicious
"http://www.yzsyedu.com/info_Show.aspx?typeid=17&id=436&newtype=2",suspicious
"http://www.bonanni.com.au/component/mailto/index.html?tmpl=component&link=da524fc1b5922c51db87058d973d4fac6dee826c",suspicious
"http://www.ciblefamillebrandon.com/nos-nouvelles?start=2",suspicious
"fapet.ipb.ac.id/isai/modules/mod_upgrade/bot.exe",suspicious
"http://djkatrina.ru/muzyka/interesnye-fakty/baiki-iz-kluba.html",suspicious
"safety.microsoft.com.xrhdpl.r9udntozlkvtbsczig.stream",suspicious
"http://www.sgeo.net/index.php?option=com_docman&task=doc_details&gid=23&Itemid=12",suspicious
"http://www.hauskrankenpflege-duckstein.de/index.html",suspicious
"http://www.skirennlauf.de/index.php?page=shop.product_details&category_id=113&flypage=flypage.tpl&product_id=10533&option=com_virtuemart&Itemid=140",suspicious
"http://www.rsch.co.uk/index.php/home.1",suspicious
"http://www.diariodigitalgestor.es/index.php?option=com_content&view=article&id=810:proyecto-diga-quieres-aumentar-tu-despacho-profesional-captando-clientes-continuos&catid=5:general",suspicious
"http://www.spbshkaf.ru/materials/category/-2",suspicious
"http://www.internationalfamilytransitions.com/index.php?option=com_mailto&tmpl=component&link=aHR0cDovL3d3dy5pbnRlcm5hdGlvbmFsZmFtaWx5dHJhbnNpdGlvbnMuY29tL25vbWFkcy1ndWlkZS1wYWdl",suspicious
"http://bjpgqsc.com/gwzh/class/?0.html&page=2&showtj=&showhot=&key=",suspicious
"http://viajesyexcursionesengil.com/index.php?option=com_content&view=article&id=96:galeria-zona-embalses&catid=1",suspicious
"http://djsipke.nl/foto-album/3-flyers--posters/detail/5-flyer-puur-mei.html?tmpl=component",suspicious
"http://hawkhills.com/index.html?fontstyle=f-larger",suspicious
"http://www.knittedknots.com/index.php?option=com_virtuemart&page=shop.browse&category_id=97&Itemid=4",suspicious
"http://michaelgoczol.de/hp/gallery/equine/index.html",suspicious
"http://www.teknosima.it/index.php?option=com_google&view=standard&id=1&Itemid=41",suspicious
"http://www.gammamac.it/component/virtuemart/index.html?page=shop.browse&keyword=speaker",suspicious
"http://huamuxtitlan.com/index.php?option=com_community&view=frontpage&Itemid=104",suspicious
"http://9779.info/%E7%A2%8E%E5%B8%83%E5%A4%B4%E5%88%B6%E4%BD%9C%E8%B4%B4%E7%94%BB%E6%95%99%E7%A8%8B/",suspicious
"http://www.stiltex-grandchef.it/index.php?view=article&catid=31:grand-chef&id=57:i-punti-di-forza&tmpl=component&print=1&layout=default&page=&option=com_content&Itemid=87",suspicious
"http://www.art-ecology-education.org/de/component/content/article/30/127-imprint.html",suspicious
"http://www.elektro-vozila.si/domov/zanimivosti/predelava-vozila-na-elektricni-pogon-elektricni-avtomobil",suspicious
"http://thesecretsontheinside.com/index.php?%2Fmediaphoto-gallery.html",suspicious
"http://chinesevie.com/index.php?option=com_content&view=article&id=443%3Ashou-zhu-dai-tu&catid=55%3Areading&Itemid=275&lang=en",suspicious
"http://www.prospectparkquietskies.org/daily-decibel-readings-aircraft-noise-over-park-slope-and-brooklyn/293-march-april-2011-daily-decibel-readings.html",suspicious
"http://www.zuzatravel.pl/o-firmie.html",suspicious
"http://9779.info/%E5%B9%BC%E5%84%BF%E5%9B%AD%E7%AA%97%E6%88%B7%E5%8D%A1%E7%BA%B8%E8%B4%B4%E7%94%BB/",suspicious
"http://www.cvoaccent.nl/index.php?option=com_content&view=article&id=136&Itemid=183",suspicious
"http://www.philharmonia-chor-stuttgart.de/chor/repertoire",suspicious
"http://www.jin0044.com/ipl/app/help.php?GameType=5837&lang=zh-cn&HALLID=3820004&State=0",suspicious
"http://www.ninopizzaria.com.br/index.php?option=com_wrapper&view=wrapper&Itemid=167",suspicious
"http://www.fuctart.gr/el/component/content/article/1-issues/45-fuctart-issue-00.html",suspicious
"http://bjpgqsc.com/gwzh/class/?0.html&page=2&showtj=&showhot=&key=",suspicious
"http://www.jetcon.dk/index.php?option=com_content&view=category&layout=blog&id=7&Itemid=14",suspicious
"http://2duwo.com/index.php/nl/video?fontstyle=f-larger",suspicious
"http://rabbikramerslegacy.com/tributes/interviews/item/73-rabbi-nissen-mangel",suspicious
"http://www.blackridgemining.com/index.html",suspicious
"http://www.lontechshop.co.uk/scanning-services.html",suspicious
"http://extrememortgagesolutions.com.au/index.html",suspicious
"http://www.afrikaansealbinos.nl/index.php/nl/nieuws/237-mooie-giften-voor-de-stichting.html",suspicious
"http://networktrendsnow.com/component/mailto/index.html?type=raw&tmpl=component&link=aHR0cDovL25ldHdvcmt0cmVuZHNub3cuY29tL3RlbS10cmVuZHMvbXVzaW5ncy81OS1hZG1pbg==",suspicious
"http://www.feuerwehr-werl.de/index.php?option=com_reports2&view=show&Itemid=27&id=592&Monat=0&department=0&data=0&all=",suspicious
"http://www.gypsyspirit.eu/cz/kategorie",suspicious
"http://www.trenker-bestattungen.de/index.php?option=com_adsmanager&page=show_all&Itemid=2",suspicious
"http://grasslandhotel.com.vn/index.php/component/djcatalog2/items/fbtrack.js",suspicious
"http://jamminkidsweston.com/our-blog/tags/Annual-Grand-Recitals/index.html",suspicious
"http://www.pmu-pleven.com/index.php?option=com_content&view=article&id=50&Itemid=70",suspicious
"http://9779.info/%E7%BA%A2%E7%BB%BF%E8%93%9D%E7%9A%B1%E7%BA%B9%E7%BA%B8%E7%B2%98%E8%B4%B4%E7%94%BB/",suspicious
"http://www.feuerbestattung.lu/index.php/fr/component/content/article/37-pompes-funebres-brandenburger/73-pompes-funebres-brandenburger",suspicious
"http://www.magicmarcproductions.com/photos/garland-jeffreys.html",suspicious
"http://www.vittorioguzzo.it/galleria-fotografica.html",suspicious
"http://www.tersea.com/index.php?option=com_jobline&Itemid=176&task=list&sort=titledesc",suspicious
"http://www.bessels.com/projecten/zorgsector/overzicht.html",suspicious
"http://www.liceoparroquialsangregoriomagno.edu.co/index.php?option=com_content&view=article&id=57:refuerzo&catid=37:nuestros-servicios&Itemid=69",suspicious
"http://www.besztercekk.hu/index.php?option=com_lr&view=seasonfixtures&id=2&view_type=tight&displayresults=yes&badges_ondisplay=no&Itemid=138",suspicious
"http://www.werderfan-fahrten.de/index.php?option=com_seminar&Itemid=53",suspicious
"http://www.domusviatoris.com/index.php?option=com_mailto&tmpl=component&link=aHR0cDovL3d3dy5kb211c3ZpYXRvcmlzLmNvbS9pbmRleC5waHA%2Fb3B0aW9uPWNvbV9jb250ZW50JnZpZXc9YXJ0aWNsZSZpZD02ODpkZS12aW5vcyZjYXRpZD0yODpkZS1maW4tZGUtc2VtYW5hJkl0ZW1pZD0yNA==",suspicious
"http://www.uklady.walery.com.pl/index.php/charakterystyka-ukadow-wsporzdnych/ukad-2000?tmpl=component&print=1&page=",suspicious
"http://www.cigabin.com/2009100962/industrie.html",suspicious
"http://www.eexpress.com.vn/tuyen-sinh.html",suspicious
"http://9779.info/%E5%B9%BC%E5%84%BF%E5%9B%AD%E7%B2%98%E8%B4%B4%E7%94%BB%E8%AF%B4%E8%AF%BE%E7%A8%BF/",suspicious
"http://www.vilagnomad.com/tables/quick-loans-no-credit-check.php",suspicious
"http://maycanton.vn/index.php?option=com_content&view=article&id=5&Itemid=32",suspicious
"http://9779.info/%E4%B8%AD%E5%AD%A6%E7%94%9F%E7%B2%98%E8%B4%B4%E7%94%BB%E4%BD%9C%E5%93%81/",suspicious
"http://www.erotik-zimmer.de/index.php?option=com_content&view=article&id=12&Itemid=57",suspicious
"http://www.fischer-treppen.de/sejeal.jpg",suspicious
"http://www.domusviatoris.com/index.php?option=com_facileforms&Itemid=368",suspicious
"http://anvari.co/index.php?option=com_content&view=article&id=1178&Itemid=694",suspicious
"http://www.centercamping.com.br/index.php?option=com_content&view=article&id=49&Itemid=2",suspicious
"http://www.uspenie.info/home/teaching/467-pouchenie-na-voskresenie-hristovo.html",suspicious
"http://polskizwiazekpokera.org/x.txt",suspicious
"http://www.capella.nl/index.php?view=article&catid=25:capella&id=75:capellaprogrammas&fontstyle=f-smaller",suspicious
"http://www.korexshop.sk/index.php?option=com_user&view=reset",suspicious
"http://garo-reisen.rs/index.html",suspicious
"http://www.northnorfolkliving.co.uk/editors-updates/meet-tony-edwards-the-guitar-man",suspicious
"http://www.alviksby.se/index.php?option=com_eventlist&view=eventlist&Itemid=79",suspicious
"http://drogheriapreti.com/component/mailto/index.html?tmpl=component&link=9b4a349c77773fcce4fd8e87fb9791bb808833bb",suspicious
"http://theplumbingdoctor.net/solar-water-heaters/rheem-solar-water-heaters.html",suspicious
"http://www.expatsalon.ru/index.php/faq.html",suspicious
""http://www.gartmarine.ru/index.php?page=shop.ask&product_id=21&subject=\320%9Fะพะทะฒะพะฝะธ\321%82ะต,+\321%87\321%82ะพะฑ\321%8B+\321%83\321%82ะพ\321%87ะฝะธ\321%82\321%8C+\321%86ะตะฝ\321%83:+296+CC&option=com_virtuemart&Itemid=11"",suspicious
"http://www.knittedknots.com/index.php?option=com_virtuemart&page=shop.browse&category_id=49&Itemid=4",suspicious
"http://www.ambiani.nl/diensten/bruiloft-catering/72-trouwen-in-brabant.html",suspicious
"http://www.ndautopartes.com.ar/index.php?option=com_content&view=article&id=69:chevrolet-r-rodetas&catid=4&Itemid=26",suspicious
"http://www.hillview.com.cy/component/tpresto/frontpage.html",suspicious
"http://goldenheart.com.mx/compra-de-oro/index.php?option=com_content&view=article&id=83&Itemid=234",suspicious
"http://top5bestwebhosts.com/component/content/article/25-theproject/57-about-cheap-web-hosting",suspicious
"http://amusementlamp.com/en/Amusement_Led_Lamp_Housing_YJLED-Lamp-Housing-R.html",suspicious
"http://www.lafavoritacb.com/index.php?option=com_content&view=article&id=91:cgc&catid=42:atencioncliente&Itemid=77",suspicious
"http://freesoftpage.de/index.html",suspicious
"http://www.yuehui001.com/zhongyaomeibai/234.html",suspicious
"http://linenghb.com/utopia-bedding-flat-sheet-100-cotton-for-maximum-softness-and-easy-care-elegant-double-stitched-tailoring-twin-white/",suspicious
"http://willsbrews.com/the-brews.1",suspicious
"http://www.sklep-splawik.pl/index.php?option=com_phocagallery&view=detail&catid=1:galeria-sklepu&id=83:przynety&phocaslideshow=1&tmpl=component&Itemid=16",suspicious
"http://evra-international-inc.com/index.php?option=com_content&view=article&id=9&Itemid=3",suspicious
"http://www.korexshop.sk/index2.php?page=shop.infopage&vendor_id=1&output=lite&option=com_virtuemart&Itemid=79",suspicious
"http://www.instylestudio.pl/index.html",suspicious
"http://gleitschirmfluege.com/impressum",suspicious
"http://www.paulbattams.com.au/index.php?view=detail&id=98&option=com_joomgallery&Itemid=2",suspicious
"http://jssk.de/index.php?option=com_content&view=article&id=11:apache-fileinstall&catid=5:rund-um-java&Itemid=8",suspicious
"http://www.divanomoveis.com.br/produtos/index.html?opc=5&ops=12",suspicious
"http://www.psunion.co.th/sejeal.jpg",suspicious
"http://sls.org.cn/Pages/Detail.aspx?id=3994",suspicious
"http://www.gemu-sedu.es/index.php/images/stories/gemusedu/images/stories/gemusedu/boletin_gemu_2013.pdf",suspicious
"http://greatplainschurch.org/component/mailto/index.html?tmpl=component&link=c6af30f282b7dada4ba73e06f01361f15311c6dc",suspicious
"http://www.yanhua.de/index.php?option=com_content&view=article&id=4&Itemid=4",suspicious
"http://www.koenigsbacher-biergarten.de/cmx/index.php?view=article&id=51:ihr-weg-zu-uns&tmpl=component&print=1&layout=default&page=&option=com_content&Itemid=63",suspicious
"http://haishundl.com/a/qinpengqipaiguanfangxiazai/20131013/214.html",suspicious
"support-37rk7.stream",suspicious
"http://thecheekofher.com/photos",suspicious
"http://www.nephotography.com.au/galleries/pc_access_gallery.php",suspicious
"http://www.ferienwohnungen-in-nordfriesland.de/sylt.html",suspicious
"http://psl.krotoszyn.com.pl/index.php?option=com_phocagallery&view=category&id=50:prezentacja-posumowujca-dziaalno-zarzdu-miejsko-gminnego-psl-w-krotoszynie-w-latach-2008-2012&Itemid=54",suspicious
"http://www.veiculoseguro.com.br/index.php?option=com_content&view=article&id=82&Itemid=101",suspicious
"http://www.holidayclub-mtb.com/holiday.1",suspicious
"http://www.abesprev.com.br/templatenew1/index.php/notcias-menuprincipal-13/5755-igp-di-acumula-alta-de-810-em-2012.html",suspicious
"http://www.norzwebmarketing.com/it/search-engine-marketing/keyword-advertising",suspicious
"http://www.kertemindecityforening.dk/billedbank.html?vsig16_0=18",suspicious
"http://9779.info/%E7%A2%8E%E5%B8%83%E5%A4%B4%E5%88%B6%E4%BD%9C%E8%B4%B4%E7%94%BB/",suspicious
"http://9779.info/%E6%89%8B%E5%B7%A5%E8%B4%9D%E5%A3%B3%E7%B1%BB%E7%B2%98%E8%B4%B4%E7%94%BB/",suspicious
"http://sagivlaw.com/index.php?option=com_content&view=article&id=3&Itemid=4",suspicious
"http://www.erm.org.za/index.php?option=com_content&view=article&id=77&Itemid=183",suspicious
"http://www.khack.be/index.php?option=com_content&view=section&id=3&Itemid=3",suspicious
"http://jasquaniel.com/index.php?option=com_phocagallery&view=detail&catid=83:aquarelles&id=2987:roitelet&tmpl=component&Itemid=2",suspicious
"http://jtbgreece.com/about-us/travel-leisure",suspicious
"http://21twentyone.net/index.php?option=com_content&view=article&id=54&Itemid=148",suspicious
"http://nonstopwebmarketing.com.au/web-services/web-marketing/search-engine-optismiation-services",suspicious
"http://www.alexanderstiftung.de/index.php?option=com_contact&view=contact&id=2:dr-achim-block&catid=19:kuratorium&Itemid=21",suspicious
"http://www.gartmarine.ru/index.php?page=shop.product_details&flypage=flypage.tpl&product_id=59&category_id=8&option=com_virtuemart&Itemid=11",suspicious
"http://www.selbsthilfegruppen.at/index.php?view=article&catid=14:blaues-kreuz&id=25:blaues-kreuz-oesterreich-landesverein-wien-und-noe&tmpl=component&print=1&layout=default&page=&option=com_content&Itemid=3",suspicious
"http://patrikcase.com/index.php?page=shop.ask&flypage=&product_id=8&category_id=3&option=com_virtuemart&Itemid=7",suspicious
"http://www.radioroccella.net/index.php?option=com_content&view=article&id=178:fatti-nostri-2a-puntata&catid=128:news",suspicious
"http://www.imagepluslasvegas.com/wrinkle_filler.php",suspicious
"http://www.rowdensoftware.co.uk/contact-us/12-partnership-with-versatec.html",suspicious
"http://www.lovas.cz/de/pension.html",suspicious
"http://www.fwjia.com/d/pic/p/2014/11/21/8e1086882934037d0757a40b539556b4.jpg",suspicious
"http://www.mariolas.gr/index.php/el/2010-04-28-18-37-43/2010-05-15-18-21-56/vintage-.html",suspicious
"http://anvari.co/index.php?option=com_morfeoshow&Itemid=683&FontSize=font-small",suspicious
"http://ardeex.com/index.php?option=com_mailto&tmpl=component&link=aHR0cDovL2FyZGVleC5jb20vaW5kZXgucGhwP29wdGlvbj1jb21fY29udGVudCZ2aWV3PWFydGljbGUmaWQ9OTQlM0FkYW1lbi1zdHJpY2t3YXJlbi1mYWxsLTIwMTItc2VpdGUtMSZjYXRpZD0zOSUzQWRhbWVubW9kZSZJdGVtaWQ9NjkmbGFuZz1kZQ==&lang=de",suspicious
"http://www.beriva.lt/index.html?di=akcijos&R=1",suspicious
"http://www.teatrodellaforma.com/chi-siamo/58-prossima-stagione",suspicious
"http://www.holtemidtpunkt.dk/index.php?option=com_content&view=article&id=69&Itemid=120",suspicious
"http://jamminkidsweston.com/our-blog/tags/Weston-music-camp/index.html",suspicious
"http://prepechal.net/index.php?view=article&catid=40:osiva&id=51:osiva&tmpl=component&print=1&layout=default&page=&option=com_content&Itemid=59",suspicious
"http://www.zruby.sk/index.php/kontakt-mainmenu-79/kontakty",suspicious
"http://www.mnemonicmultimedia.com/billing/cart.php?a=add&pid=5",suspicious
"http://style.org.hc360.com/js/detail/scripts/hc.detail.indexMod.min.js",suspicious
"http://wddga.com/index.html?option=com_content&view=article&id=46:wddga-officers-2012-2013&fontstyle=f-smaller",suspicious
"http://www.knaul-beyer.de/index.php?option=com_content&view=article&id=54&Itemid=59",suspicious
"http://www.tandemw.kz/index.php?option=com_content&view=frontpage&Itemid=3",suspicious
"http://kreuzleger.net/de/service/regionale-kontakte/uk.html",suspicious
"http://www.centerimoveis.com.br/servicos/administracao/imprimir.html",suspicious
"http://columbiafresh.es/index.php?option=com_phocagallery&view=detail&catid=2:2-evaporacion-en-caliente&id=29:difusor-aromas&tmpl=component&Itemid=18",suspicious
"http://www.twalogisticsltd.co.uk/component/mailto/index.html?tmpl=component&link=aHR0cDovL3d3dy50d2Fsb2dpc3RpY3NsdGQuY28udWsvbmV3cy8xMS81Ni1vbmxpbmUtcG9ydGFsLXByb3ZpbmctcG9wdWxhci5odG1s",suspicious
"http://www.lontechshop.co.uk/lcd-tvs.html",suspicious
"http://www.capella.nl/nl/veel-gestelde-vragen/9-capella-programma-installatie.html",suspicious
"http://sls.org.cn/Pages/Article.aspx?lm=010104&pg=0",suspicious
"http://www.penzkofer-kachelofenbau.de/index.php?option=com_weblinks&view=category&id=50&Itemid=72",suspicious
"http://www.wkatelecom.com.br/sejeal.jpg",suspicious
"http://littlebigjosh.com/video-gallery?task=videodirectlink&id=12",suspicious
"http://www.cnci.org.au/casino-and-district-respite-care-services",suspicious
"http://www.bg-ricevimenti.it/index.html",suspicious
"http://www.eaeasy.com/index.php?page=shop.product_details&category_id=34&flypage=flypage.tpl&product_id=853&option=com_virtuemart&Itemid=64",suspicious
"http://www.leblancathletisme.fr/index.php?option=com_mailto&tmpl=component&link=aHR0cDovL3d3dy5sZWJsYW5jYXRobGV0aXNtZS5mci9pbmRleC5waHA%2Fb3B0aW9uPWNvbV9jb250ZW50JnZpZXc9YXJ0aWNsZSZpZD0zMTc6Y3Jvc3MtZGUtY2VyZS1jb2luZ3MtMjAxMiZjYXRpZD0zNTpyZXN1bHRhdCZJdGVtaWQ9NTQ=",suspicious
"http://www.feuerwehr-moellbergen.de/index.php?option=com_content&view=article&id=123:alarmuebung-09&catid=43:dienste&Itemid=2",suspicious
"http://faughs.ie/index.html?p=3244",suspicious
"http://www.twocircles.co.uk/index.php?option=com_fwgallery&view=image&id=146:img-9985&Itemid=18",suspicious
"http://www.schuetzenverein-beelen.de/index.php?option=com_content&view=article&id=68&Itemid=71",suspicious
"http://www.bonanni.com.au/truck-and-forklift-hire.html",suspicious
"http://missionpartner.dk/index.php?option=com_content&view=category&layout=blog&id=1&Itemid=18&limitstart=10",suspicious
"http://saraty.com.br/index.php?view=article&catid=1:latest-news&id=7:stick-to-the-code&format=pdf&option=com_content&Itemid=61",suspicious
"http://www.jin0044.com/cl/?module=System&method=LiveTop&args=livehall",suspicious
"http://www.seminariopalafoxiano.com.mx/index.php?option=com_content&view=article&id=145&catid=62",suspicious
"http://www.pubyun.com/wiki/lib/exe/css.php?t=dokuwiki&tseed=f1f16e8c6142fab8553f2b9cfe045961",suspicious
"http://www.ljks.cn/bbs/data/attachment/forum/201412/01/091835fk6nncpfzeeeeoqj.jpg",suspicious
"http://enriclloret.com/index.php?option=com_weblinks&view=weblink&catid=2:principal&id=8:youtube&lang=ca",suspicious
"http://www.briard-profi.de/unsere-briard-welpen/15-i-wurf.html",suspicious
"http://v-montazar.com/index.html?p=511",suspicious
"http://9779.info/%E5%B9%BC%E5%84%BF%E5%9B%AD%E7%AA%97%E6%88%B7%E5%8D%A1%E7%BA%B8%E8%B4%B4%E7%94%BB/",suspicious
"http://www.englandfencing.co.uk/index.php?option=com_content&view=category&layout=blog&id=82&Itemid=135",suspicious
"http://pgee-kardjali.com/index.php?option=com_content&view=article&id=5&Itemid=2&lang=bg&el_mcal_month=2&el_mcal_year=2013",suspicious
"http://www.nextance.com/index.php?option=com_content&view=category&layout=blog&id=48&Itemid=48",suspicious
"http://grasslandhotel.com.vn/index.php/tours/hoiantours/items/fbtrack.js",suspicious
"http://9779.info/%E5%85%B3%E4%BA%8E%E6%85%88%E7%88%B1%E7%B2%98%E8%B4%B4%E7%94%BB/",suspicious
"http://www.magramoto.it/component/virtuemart/details/45/16/lampade/index.html",suspicious
"http://9779.info/%E5%85%B3%E4%BA%8E%E5%A4%A9%E6%B0%94%E7%9A%84%E5%89%AA%E8%B4%B4%E7%94%BB/",suspicious
"http://bjpgqsc.com/gwzh/class/?0.html&page=2&showtj=&showhot=&key=",suspicious
"http://www.szabadmunkaero.hu/cimoldal.html?start=6",suspicious
"http://www.bnrwatersport.nl/occasions/index.php?option=com_content&view=article&id=10&Itemid=43&ObjectID=193",suspicious
"http://www.webopro.com/index.php/sits/pwws/119-mediagroup?tmpl=component&print=1&layout=default&page=",suspicious
"http://amharicdictionary.com/default.aspx",suspicious
"http://www.ambiani.nl/diensten/vergaderruimte-brabant/69-accomodatie-brabant.html",suspicious
"http://www.trenker-bestattungen.de/index.php?option=com_adsmanager&page=show_ad&adid=728&Itemid=2",suspicious
"http://leaderinfife.org/index.php?option=com_content&view=article&id=64:this-is-a-dummy-news-article&catid=1:latest-news&Itemid=76",suspicious
"http://www.botoxina.com/index.php?option=com_content&view=article&id=62&Itemid=100&lang=en",suspicious
"http://www.christtheservant.com/index.php?option=com_content&view=article&id=427&Itemid=137",suspicious
"http://www.renja.nl/sitemap",suspicious
"http://myimmobilier.com/index.php?%2Fle-double-demembrement.html",suspicious
"http://buysellrentindubai.com/index.html?fontstyle=f-larger",suspicious
"http://rickandbobo.com/movie-quiz.htm",suspicious
"http://www.yunnanguolv.com/News/HTML/1406.html",suspicious
"http://mahshov.com/index.php?option=com_qcontacts&view=contact&id=1&Itemid=78",suspicious
"http://www.uklady.walery.com.pl/index.php/odwzorowania-kartograficzne",suspicious
"http://www.tersea.com/menu-haut-article-cat/plan-du-site",suspicious
"http://www.dtcbv.nl/producten-dtc/59-dichtingsbanden",suspicious
"http://3cf.ru/2015/03/04/vladimir-pytin-ykrainskih-deneg-za-gaz-hvatit-tolko-na-dvoe-sytok/",suspicious
"http://besibajasby.com/services/index.html",suspicious
"http://www.clinick.com.br/index.php?option=com_content&view=article&id=84:odontologia-estetica&catid=48:estetica&Itemid=15",suspicious
"http://www.nancysdancefashion.nl/index.php?option=com_mailto&tmpl=component&link=7da3d5e619edfa28614ae1addb4b2df9eb444e53",suspicious
"http://ptcanoas.com.br/pt-canoas/noticias/146-jantar-de-arrecadacao.html?tmpl=component&print=1&layout=default&page=",suspicious
"http://charleyjohnsonlaw.com/index.php?option=com_content&view=article&id=91",suspicious
"http://www.demunjones.com/index.php?option=com_content&view=article&id=83:download-qking-of-the-tweakersq-free-on-725&catid=1:news&Itemid=1",suspicious
"http://www.bredershof.de/index.php/gaststaette/der-biergarten",suspicious
"http://www.animalairways.com/component/content/article/34/69-policy.html",suspicious
"http://www.rich.in.ua/archive/71-majkl-porter-pobedit-konkurenta.html",suspicious
"http://spectrumclub.net/the-news/1-welcome-to-joomla?tmpl=component&print=1&layout=default&page=",suspicious
"http://grasslandhotel.com.vn/index.php/component/djcatalog2/items/fbtrack.js",suspicious
"http://www.e-solare.ro/index.php?option=com_content&view=article&id=18&Itemid=84",suspicious
"http://www.raci.it/area_fr/prodotti/acquedotto/ventouses.html",suspicious
"http://www.mariolas.gr/index.php/el.pdf?view=article&catid=45:fronts&id=159:2012-10-30-16-07-27",suspicious
"http://absolutebeautysalon.com/new",suspicious
"http://kizombafestival.pl/index.php?view=article&catid=43:news&id=117:2nd-warsaw-kizomba-festival&tmpl=component&print=1&layout=default&page=&option=com_content&Itemid=77&lang=en",suspicious
"http://www.cavalieren.nl/index.php?option=com_jevents&task=day.listevents&year=2013&month=01&day=04&Itemid=36",suspicious
"http://www.interrail.it/numeri/agosto99/romafiuggi.html",suspicious
"http://www.bkr-laserscanning.de/index.php?option=com_content&view=category&layout=blog&id=55&Itemid=81",suspicious
"http://www.viaggiareinirlanda.net/faq/esistono-parchi-divertimento-in-irlanda-tipo-gardaland.html",suspicious
"http://www.biker-shg.de/index.php?view=article&id=59:ausfahrten-2013&tmpl=component&print=1&layout=default&page=&option=com_content&Itemid=53",suspicious
"http://www.negentis.com/component/content/article/81-privacy-e-trattamento-dei-dati-personali",suspicious
"http://www.ikedojo.com.br/ike-dojo/sobre-o-aikido/o-aikido.pdf",suspicious
"http://www.nextance.com/index.php?option=com_content&view=category&layout=blog&id=51&Itemid=98",suspicious
"http://www.willemdijkstra.nl/index.php?option=com_wrapper&view=wrapper&Itemid=29",suspicious
"http://www.fjpengfei.com/shop/Product.asp?BigClassName=\315\277\301\317",suspicious
"vezhyrmd.com",suspicious
"http://www.824555.com/cl/js/jquery-ui-1.8.21.custom.min.js?v=ver17.32",suspicious
"http://engine32truck16.com/component/content/article/36-fire/88-2412-elvans-road.html?tmpl=component&print=1&page=",suspicious
"http://www.duplexindustrial.com.au/how-to-clean-without-chemicals.html",suspicious
"http://www.allaroundrental.com/index.php?page=shop.product_details&category_id=27&flypage=flypage.pbv.v1.tpl&product_id=274&option=com_virtuemart&Itemid=63",suspicious
"http://haldenoyeklinikk.no/index.php?option=com_content&view=article&id=14&Itemid=9",suspicious
"thaitp47.com/libraries/cms/review/file.php",suspicious
"http://babaci.fr/index.php?view=article&catid=34:test-accueil&id=46:testarticle&tmpl=component&print=1&layout=default&page=&option=com_content",suspicious
"http://www.salfed.com/federasyonumuz/yoenetim-kurulu.html",suspicious
"http://wsdconsultoria.com.br/index.html?m=201009",suspicious
"http://softua.net/index.php/soft/poobshbistro",suspicious
"http://www.richpictures.co.uk/home/viewpost/259",suspicious
"http://www.koi-waterlife-centre.com/kwlcshop/component/virtuemart/index.html?page=shop.browse&category_id=17",suspicious
"lastikpark.us",suspicious
"http://escolamckinney.com.br/index.php/component/user/remind.html",suspicious
"http://www.demunjones.com/index.php?limitstart=3",suspicious
"http://babaci.fr/index.php?option=com_jea&view=properties&Itemid=55",suspicious
"http://9779.info/%E6%A0%91%E5%8F%B6%E7%B2%98%E8%B4%B4%E7%94%BB/",suspicious
"http://bar-tal.net/index.php?option=com_content&view=article&id=20&Itemid=36",suspicious
"http://www.acranes.com/index.php?option=com_sobi2&catid=216&Itemid=75",suspicious
"http://9779.info/%E7%94%B5%E8%A7%86%E5%A2%99%E8%B4%B4%E7%94%BB%E5%9B%BE%E7%89%87%E6%AC%A3%E8%B5%8F/",suspicious
"http://www.wuesthof-gladiator.de/index.php?option=com_content&view=article&id=66&Itemid=95",suspicious
"http://www.xpj5988.com/js/jd_lib.js;jsessionid=A77C20A90C6790855CB2882AD06183ED",suspicious
"http://littlebigjosh.com/index.php?option=com_seyret&task=videodirectlink&id=22",suspicious
"http://domainpark.sitelutions.com/include_files/css/sitelutions1.css",suspicious
"http://9779.info/%E7%94%A8%E7%BA%BD%E6%89%A3%E5%81%9A%E6%89%8B%E5%B7%A5%E7%B2%98%E8%B4%B4%E7%94%BB/",suspicious
"http://www.ruralyouthwa.org.au/index.html",suspicious
"http://www.teknosima.it/index.php?option=com_jforms&view=form&id=2&Itemid=43&fontstyle=f-default",suspicious
"http://www.bertilohlsson.com/de/component/user/login?return=aHR0cDovL3d3dy5iZXJ0aWxvaGxzc29uLmNvbS9iaWxkZXJnYWxlcmllL2Zvcm1kb3Nlbi9ydW5kZS1kb3Nlbi9zaXJ1cGZsYXNjaGVuP2xhbmc9ZGU=",suspicious
"http://razemkg.pl/index.php?view=article&catid=46:aktualnoci&id=82:rodzinny-festyn&tmpl=component&print=1&layout=default&page=",suspicious
"http://diddydeshi.com/dojo-times/manor-field-burgess-hill.html",suspicious
"http://www.longagnani.it/consulenza-ambientale.html",suspicious
"http://www.musictomyearscampaign.org/bar-staff.html",suspicious
"http://www.czdesign.cz/component/k2/itemlist/category/2-interier.html",suspicious
"http://patrikcase.com/index.php?page=shop.product_details&product_id=4&flypage=flypage.tpl&pop=0&option=com_virtuemart&Itemid=7",suspicious
"http://www.pubyun.com/wiki/lib/exe/css.php?t=dokuwiki&tseed=f1f16e8c6142fab8553f2b9cfe045961",suspicious
"http://engine32truck16.com/component/content/article/96-promotions-and-transfers.html",suspicious
"http://www.rion.gov.gr/index.html",suspicious
"http://jetrack.net/Index.php/divine-products/exclusive-mahameru-shree-yantra.html",suspicious
"http://www.stuckateur-fickinger.de/bilder/category/3-vollwaermeschutz.html",suspicious
"http://www.fancygaptourism.com/dining-and-shopping/shopping/24-carolina-log-furniture",suspicious
"http://www.hostmonster.com/media/shared/general/_hm/homestyle.css",suspicious
"http://www.donganshi.com/Show_P.asp?ID=982",suspicious
"http://www.chantier-naval-gatto.com/index.php?option=com_content&view=category&layout=blog&id=2&Itemid=5&limitstart=3",suspicious
"http://www.natureevent.dk/aktiviteter.html",suspicious
"http://9779.info/%E8%9B%8B%E5%A3%B3%E6%8B%BC%E8%B4%B4%E7%94%BB%E6%95%99%E6%A1%88/",suspicious
"http://crisantocirugiaplastica.com/index.php?option=com_contact&view=contact&id=1&Itemid=7",suspicious
"http://www.penzkofer-kachelofenbau.de/index.php?option=com_content&view=article&id=70:kalina-svetlinski&catid=57:kunstausstellungen09&Itemid=79",suspicious
"http://odon-hotel.ru/index.php?option=com_content&view=article&id=85:ivisa-english&catid=1:articles&Itemid=52",suspicious
"http://drogheriapreti.com/component/mailto/index.html?tmpl=component&link=f36c4636a7cb6bdd8153d6333f6071975cc5d6bb",suspicious
"http://www.enola.gr/upload.html",suspicious
"http://www.manganellipalace.it/de/recensioni-esterne/dicono-di-noi.html",suspicious
"http://chinesevie.com/index.php?option=com_sefservicemap&Itemid=61&lang=en",suspicious
"http://www.dokbuaklangnam.com/x.txt",suspicious
"http://www.flugtage-salzgitter.de/component/content/article/1-aktuelle-nachrichten/203-veranstaltungspin-2012",suspicious
"77.228.191.183:7674/zeujuus/a/modules/config.bin",suspicious
"http://www.z-mobility.eu/component/jforms/2/109.html",suspicious
"http://szgs.ru/information-for-you/interesting-articles/5-2008-07-11-07-18-05.html",suspicious
"http://www.tagrijn-emma.nl/index.php?option=com_content&view=article&id=2&Itemid=2",suspicious
"http://freesoftpage.de/download-server/viewcategory/9-office-programme.html",suspicious
"http://www.eurofrutticolasud.it/it.feed?type=rss",suspicious
"http://www.nephotography.com.au/weddings",suspicious
"http://www.alorenademalaga.com/index.php/sala-de-prensa/recetario",suspicious
"http://dedhxx.com/Index.asp",suspicious
"http://www.kamasua.com.br/index.php?option=com_virtuemart&page=shop.browse&category_id=56&Itemid=128",suspicious
"http://virgiliogomes.com/restaurantes.1",suspicious
"http://www.tortasprimor.cl/index.html",suspicious
"http://www.skshu.com.cn/products/shopping.aspx",suspicious
"http://jmrsl.net/index.php?option=com_jevents&task=day.listevents&year=2013&month=02&day=14&Itemid=111",suspicious
"http://soothingpainrelief.com/index.php?option=com_content&view=article&id=18",suspicious
"http://www.photoremote.de/en/faq/1-PhotoRemote/40-kann-ich-photoremote-von-der-konsole-cmd-steuern",suspicious
"http://benchmarkms.com/projects/churches/album/1/13",suspicious
"http://www.tvprefeito.com/2012/index.php/acao-politica/1773-escova-e-pasta-de-dente-serao-incluidas-em-listas-de-material-escolar.html",suspicious
"http://www.xpj5988.com/skin/css/cn.css;jsessionid=A77C20A90C6790855CB2882AD06183ED",suspicious
"http://virginiabeachautobody.com/index.php?option=com_content&view=article&id=56&Itemid=63",suspicious
"http://www.allaroundrental.com/index.php?option=com_virtuemart&Itemid=54",suspicious
"http://www.tomaspaulik.cz/co-delam",suspicious
"http://www.prismpgh.org/component/events/index.html?task=view_day&year=2013&month=01&day=03",suspicious
"http://www.zruby.sk/index.php/component/mailto/index.html?tmpl=component&link=aHR0cDovL3d3dy56cnVieS5zay9pbmRleC5waHAvZHJldm9kb215LXJhamVjLXNyby1tYWlubWVudS02NS8xMDc3LW5vdmUtYWtjaW92ZS16cnVieS12LXBvbnVrZQ==",suspicious
"http://chinesevie.com/index.php?option=com_content&view=article&id=105&Itemid=130&lang=en",suspicious
"http://www.amexcompany.com.br/index.php?option=com_content&view=article&id=53&Itemid=69",suspicious
"http://avesis.nl/nieuws/141-barco-pd.html",suspicious
"http://burkinasaracanarias.org/es.pdf?view=article&catid=40:noticias&id=72:primavera-solidaria",suspicious
"http://www.javadoplant.com/es.html?start=20",suspicious
"http://www.shekinahphotography.co.za/index.php?option=com_content&view=article&id=19:hire-me&catid=3:news&Itemid=55",suspicious
"dog.halfbirthdayproducts.com",suspicious
"http://boroska.ru/index.php?option=com_phocaguestbook&view=phocaguestbook&id=1&Itemid=4&limitstart=200",suspicious
"http://www.stephendamen.com.au/portfolio/weddings/other-wedding-items.html",suspicious
"http://www.speyerseminar.de/cms/index.php?option=com_content&view=article&id=157&Itemid=249",suspicious
"http://clinicavisualiza.com/es/nuestros-servicios/consulta-oftalmologica.html",suspicious
"http://www.secomi-travel.ro/index.php?option=com_content&view=category&layout=blogcatalog&id=287&Itemid=140",suspicious
"http://www.lafavoritacb.com/index.php?option=com_content&view=article&id=96:fabrfieltro&catid=43:articulos&Itemid=74",suspicious
"http://www.originalvolunteers.co.uk/destinations/peru-cuzco.html",suspicious
"http://www.userp.org.br/index.php?option=com_zoo&view=category&Itemid=59",suspicious
"http://www.cvoaccent.nl/index.php?option=com_content&view=article&id=15&Itemid=72",suspicious
"http://www.school91.kiev.ua/index.php?option=com_mailto&tmpl=component&link=aHR0cDovL3d3dy5zY2hvb2w5MS5raWV2LnVhL2luZGV4LnBocD9vcHRpb249Y29tX2NvbnRlbnQmdmlldz1hcnRpY2xlJmlkPTIxOToyMDEyLTEwLTI2LTEwLTIwLTQ2JmNhdGlkPTM4OjIwMTAtMTAtMDktMTUtNTYtMzkmSXRlbWlkPTU3",suspicious
"http://manola-souvanlasy.com/index.php?option=com_content&view=article&id=102:lharmonie-du-corps-et-de-lesprit-selon-la-medecine-chinoise-lart-de-vivre-en-bonne-sante&catid=47:conference&Itemid=61",suspicious
"http://www.brigitte-koischwitz.de/index.php?option=com_tag&task=tag&tag=bestseller",suspicious
"http://teamgorillas.com/index.php?view=dayview&id=22&day=23&month=1&year=2013&option=com_fastball&Itemid=85",suspicious
"http://www.abesprev.com.br/templatenew1/index.php/cooperativa-menuprincipal-83.html",suspicious
"http://www.iesceciliojimenez.es/index.php?option=com_content&view=section&id=7&Itemid=65",suspicious
"http://kidscentrale.nl/index.php?option=com_jevents&task=year.listevents&year=2013&month=02&day=02&Itemid=20",suspicious
"http://9779.info/%E5%8A%A8%E7%89%A9%E7%93%9C%E5%AD%90%20%E8%B4%B4%E7%94%BB/",suspicious
"http://www.cvoaccent.nl/index.php?option=com_content&view=article&id=71&Itemid=118",suspicious
"http://www.norzwebmarketing.com/it/glossario/search-engine-optimization?tmpl=component&print=1&page=",suspicious
"http://www.suttoncoldfieldearlyyearsforum.co.uk/index.php?option=com_sobi2&sobi2Task=sobi2Details&catid=0&sobi2Id=10&Itemid=53",suspicious
"http://www.prismpgh.org/index.html",suspicious
"http://www.fredhopper.com/index.php?option=com_content&view=category&id=58&Itemid=83",suspicious
"http://www.twocircles.co.uk/index.php?option=com_content&view=article&id=50&Itemid=55",suspicious
"http://www.borlangedance.se/index.php?option=com_hwdphotoshare&task=rate&photoid=25&rating=4",suspicious
"http://9779.info/%E9%B1%BC%E7%9A%84%E7%BB%98%E7%94%BB%E4%BD%9C%E5%93%81/",suspicious
"http://www.liceorutigliano.com/index.php?option=com_mailto&tmpl=component&link=aHR0cDovL3d3dy5saWNlb3J1dGlnbGlhbm8uY29tL2luZGV4LnBocD9vcHRpb249Y29tX2NvbnRlbnQmdmlldz1hcnRpY2xlJmlkPTEyNTpsaW5ndWlzdGljbyZjYXRpZD01NzpsaW5ndWlzdGljbyZJdGVtaWQ9NjU=",suspicious
"http://www.pi4wag.nl/index.php/veronalgemeen",suspicious
"http://www.transportheker.com/index.php?option=com_content&view=article&id=56&Itemid=50&font_size=largefonts",suspicious
"http://www.threeq.com.au/contact-us/12-contact-us/11-advanceretail-technology-australia.html",suspicious
"http://decannseuropean.com/index.php?option=com_mailto&tmpl=component&link=aHR0cDovL2RlY2FubnNldXJvcGVhbi5jb20vaW5kZXgucGhwP29wdGlvbj1jb21fY29udGVudCZ2aWV3PWFydGljbGUmaWQ9MTp3ZWxjb21lLXRvLWRlY2FubnMtZXVyb3BlYW4=",suspicious
"http://packagingpro.nl/assortiment/kantoor",suspicious
"http://benchmarkms.com/projects/correctional/picture/72",suspicious
"http://hoaphatelectric.com/san-pham/he-thong-tich-hop-cis?page=shop.product_details&category_id=11&flypage=flypage.tpl&product_id=8",suspicious
"http://dyetr.com/index.php?view=article&catid=42:haberler&id=104:vicdanired&tmpl=component&print=1&layout=default&page=",suspicious
"http://www.totalosteo.com.au/index.php?option=com_content&view=article&id=4&Itemid=4",suspicious
"http://torontochieftains.com/Rules/Official-Rules-of-Gaelic-Football.html",suspicious
"shizuoka.ssvf.mbsrv.jp",suspicious
"http://www.goldec.ch/index.php?option=com_content&view=article&id=25:bancontact02&catid=23:contact&Itemid=4&lang=fr",suspicious
"http://loukilrenard.com/actualites/11-penal/72-droits-de-lhomme-en-france--l-des-ecarts-entre-garanties-juridiques-et-realites-de-terrain-r-",suspicious
"http://apoiojur.com.br/index.php?%2FTable%2FBancario%2Ffeed%2Frss.html",suspicious
"http://www.zuzatravel.pl/component/k2/itemlist/tag/mazury.html",suspicious
"http://pacificcombatphotos.com/index.php?option=com_content&view=article&id=9&Itemid=4",suspicious
"http://asociacionkaribu.org/index.php/karibu/ideario/314-la-asistencia-sanitaria-40-dias-despues-de-la-nueva-ley",suspicious
"http://www.ijsbaanapeldoorn.nl/fotos-videos.html?vsig4_0=1&vsig4_1=3",suspicious
"http://prepechal.net/index.php?option=com_contact&view=contact&id=7:radek-spny&catid=34:oseva-agri-chrudim-as&Itemid=53",suspicious
"http://9779.info/%E5%BD%A9%E8%89%B2%E8%9B%8B%E5%A3%B3%E6%8B%BC%E8%B4%B4%E7%94%BB%E5%9B%BE%E7%89%87/",suspicious
"http://www.benimm-ist-besser.de/index.php?option=com_content&view=article&id=2&Itemid=3",suspicious
"http://www.umeataxi.se/index.php?view=article&id=51:verkstad&tmpl=component&print=1&page=&option=com_content&Itemid=1",suspicious
"http://www.salfed.com/index.php?option=com_jcomments&task=rss&object_id=121&object_group=com_content&tmpl=component",suspicious
"http://www.aborrn.org.br/index.php?option=com_content&view=article&id=74:20042012-marco-antonio-de-o-almeida-se&catid=47:cursos&Itemid=110&lang=pt",suspicious
"http://mmc-leipzig.com/produktgruppen.html",suspicious
"http://chinacxyy.com/newscodejs.asp?lm2=185&list=9&icon=0&tj=0&font=10.5&hot=0&new=0&line=24&lmname=0&open=1&n=34&more=0&t=0&week=0&zzly=0&hit=0&pls=0&dot=0&tcolor=CCCCCC",suspicious
"http://maslen.sk/index.php?option=com_contact&view=contact&id=34:ziadostobchodnyzastupca&catid=29:dopytformular&Itemid=5",suspicious
"http://www.ilovespeedbumps.com/critical-criteria-of-term-life-insurance-some-thoughts/",suspicious
"http://practicaleyes.net/home.feed?type=rss",suspicious
"http://sagedecision.com/english/index.php?option=com_content&view=category&layout=blog&id=2&Itemid=8",suspicious
"http://www.fischer-treppen.de/index.html",suspicious
"http://www.eroscarboni.com/index.php?option=com_content&view=article&id=331:results-2012&catid=74:results&Itemid=3",suspicious
"http://www.capella.nl/nl/capella-programmas/capriccio.html",suspicious
"http://9779.info/%E5%B9%BC%E5%84%BF%E7%AE%80%E5%8D%95%E6%89%8B%E5%B7%A5%E7%B2%98%E8%B4%B4%E7%94%BB/",suspicious
"http://gbcmonroe.org/index.php?option=com_content&view=article&id=49&Itemid=18",suspicious
"http://webcamsocial.com/index.php?option=com_community&view=profile&userid=167&Itemid=37",suspicious
"http://9779.info/%E5%BF%AB%E4%B9%90%E6%9A%91%E5%81%87%E7%9A%84%E5%89%AA%E8%B4%B4%E7%94%BB/",suspicious
"http://jtbgreece.com/en/europe-short-escapes?page=shop.ask&product_id=2&subject=Contact+Us:+VIENNA",suspicious
"http://spmenglishschool.com/current-happenings.feed?type=atom",suspicious
"http://kizombafestival.pl/index.php?view=article&catid=43:news&id=151:nowoci&tmpl=component&print=1&layout=default&page=&lang=pl",suspicious
"http://www.raci.it/prodotti/acquedotto/sfiati.html",suspicious
"http://szgs.ru/component/mailto/index.html?tmpl=component&link=448fc86862537096e53a726898a1d85583bc63fc",suspicious
"http://paolamcclure.com/sparkle-and-spin/gallery?nav=1&img=214",suspicious
"http://www.auctionyourart.com/books-by-author-caroline-ashleigh.html",suspicious
"http://www.jbmeijers.com/news/135-updatesept3.html",suspicious
"http://www.smslonline.com/index.php?start=24",suspicious
"http://www.114633.com/app/member/SportOption.php?uid=guest&langx=gb",suspicious
"http://www.karafarin1964.com/index.php?option=com_content&view=article&id=15&Itemid=30",suspicious
"http://www.real-house.nl/component/mailto/index.html?tmpl=component&link=1ffbb4b9a6605f05c90f6093ef6bb045dcaf0522",suspicious
"http://9779.info/%E5%BF%AB%E4%B9%90%E6%9A%91%E5%81%87%E7%9A%84%E5%89%AA%E8%B4%B4%E7%94%BB/",suspicious
"http://www.keokukyachtclub.com/index.php?option=com_jcalpro&Itemid=54&extmode=day&date=2013-01-27",suspicious
"http://werbeanfrage.com/index.php?option=com_virtuemart&page=shop.registration&Itemid=1",suspicious
"http://www.colegiovalledelmiro.es/es/ique-es-la-fp/instalaciones-por-familia-profesional",suspicious
"http://prontoenvios.com.co/prontoweb/index.php?option=com_wrapper&view=wrapper&Itemid=232",suspicious
"http://www.ada-hotel.com.ba/index.php?option=com_joomgallery&func=viewcategory&catid=9&startpage=3&Itemid=56",suspicious
"http://bestwesternhotelsalobrena.com/index.php?option=com_content&view=article&id=88&Itemid=76&phpMyAdmin=kuAa4SJNmLWrnpXUVsCfomqiX99",suspicious
"http://www.sgeo.net/index.php?option=com_docman&task=doc_details&gid=26&Itemid=8",suspicious
"http://www.beckundbrauchle.de/index.php?option=com_content&view=article&id=40:wiech&catid=2&Itemid=3",suspicious
"http://www.javadoplant.com/nl.html?start=16",suspicious
"http://www.twalogisticsltd.co.uk/component/content/article/53-extranet.html?tmpl=component&print=1&page=",suspicious
"http://www.shekinahphotography.co.za/index.php?option=com_rsgallery2&page=inline&id=347&Itemid=5",suspicious
"http://www.unfallhilfe-bayern.de/index.php/component/banners/click/4",suspicious
"http://paulaporto.com/lembrancinhas/bem-batizados",suspicious
"http://www.aiavicenza.it/index.php?option=com_content&view=article&id=606:aia-vicenza-aia-bassano-vicenza-stecca-la-prima&catid=3:fantacalcio-sezionale&Itemid=27",suspicious
"http://rabbikramerslegacy.com/tributes/interviews/item/44-pesach-nusbaum",suspicious
"http://www.lebenslauf-fischerbach.de/index.php?option=com_joomgallery&func=viewcategory&catid=12&Itemid=4",suspicious
"http://www.nordseemiete.de/nordfriesland/niebuell.html",suspicious
"http://9779.info/%E5%85%B3%E4%BA%8E%E8%88%9E%E8%B9%88%E7%9A%84%E5%89%AA%E8%B4%B4%E7%94%BB/",suspicious
"http://www.pclan.us/component/mailto/index.html?tmpl=component&link=aHR0cDovL3d3dy5wY2xhbi51cy9pbnRlcm5ldC1tYXJrZXRpbmcuaHRtbA==",suspicious
"http://www.ecofutbol.com/index.php?option=com_content&view=article&id=77&Itemid=199",suspicious
"http://www.cavalieren.nl/index.php?option=com_content&view=article&id=126:uitslag-1e-onderlinge-wedstrijd&catid=8:wedstrijd-info&Itemid=31",suspicious
"http://9779.info/%E5%8A%A8%E7%89%A9%E7%BA%B8%E7%BB%B3%E7%B2%98%E8%B4%B4%E7%94%BB/",suspicious
"http://www.saludyestetica.cl/g/index.php?option=com_mailto&tmpl=component&link=aHR0cDovL3d3dy5zYWx1ZHllc3RldGljYS5jbC9nL2luZGV4LnBocD9vcHRpb249Y29tX2NvbnRlbnQmdmlldz1hcnRpY2xlJmlkPTQ2Om5vc290cm9zJkl0ZW1pZD01Mw==",suspicious
"http://www.smos.cn/Index.asp",suspicious
"http://www.sorelia-sa.com/index.php?option=com_catalog&task=listpages&id=3&Itemid=61&lang=fr",suspicious
"http://letrah.com/index.php?option=com_content&view=article&id=78:member-fort-atkinson-chamber-of-commerce&catid=34:contact-info",suspicious
"http://pjhku.com/plugin.php?id=levsign&m=2&fh=6848d1f0&hook=1&mobile=no",suspicious
"http://jamminkidsweston.com/our-blog/tags/Guitar-classes-for-beginners/index.html",suspicious
"http://www.dtxzx.net/view.asp?id=305",suspicious
"http://www.rv-bann.de/cms/index.php?option=com_content&view=article&id=116:mannschaft-2003&catid=3:mannschaft&Itemid=24",suspicious
"safety.microsoft.com.mdheuyre.34bn4h4bqymsrw867mbx.stream",suspicious
"http://www.hillview.com.cy/component/tpresto/item/42-fillet-steaks.html",suspicious
"http://manola-souvanlasy.com/index.php?option=com_kunena&Itemid=69&func=view&id=1&catid=2",suspicious
"http://www.geussens.be/index.html",suspicious
"http://earth-sure.com/official-earthsure-press-releases/press-releases/17-earthsure-announces-a-very-cool-way-to-go-green?tmpl=component&print=1&layout=default&page=",suspicious
"http://www.fjordager-if.dk/nyhedsarkiv/1-generelt/74-arets-sportsnavn-2011",suspicious
"http://www.javadoplant.com/es.html?start=16",suspicious
"http://www.mdgachievers.com/index.php?option=com_content&view=category&id=302:Europe&Itemid=269&layout=default",suspicious
"http://www.bellasposa.ro/index.php/rochii-de-mireasa-eden-bridals/eb-bridals/37-eden-bridals-bridals/639-2407",suspicious
"http://www.cvoaccent.nl/index.php?option=com_content&view=article&id=2:activiteiten&catid=2&Itemid=145",suspicious
"http://jtbgreece.com/en/europe-short-escapes?page=shop.product_details&flypage=flypage.tpl&product_id=8&category_id=1",suspicious
"http://codep34.fr/index.php?option=com_content&view=article&id=191&Itemid=184",suspicious
"http://www.rsccaritas.ie/where-we-work/england-and-scotland/139-social-and-pastoral-work",suspicious
"http://www.divanomoveis.com.br/default/index.html",suspicious
"http://9779.info/%E7%B2%AE%E9%A3%9F%20%E7%B2%98%E8%B4%B4%E7%94%BB/",suspicious
"http://www.dijon-cereales-meunerie.fr/index.php?option=com_content&view=article&id=49&Itemid=70",suspicious
"http://wandern-in-griechenland.de/fotogalerie/chios-lesbos/dodekanes-2/index.html",suspicious
"http://escritoriosdealuguel.com.br/parceiros/assessoria-juridica",suspicious
"http://www.vitalsil.pt/index.php?Itemid=60&option=com_zoo&view=item&category_id=59&item_id=193",suspicious
"http://bdata.nl/index.php?option=com_content&view=category&id=44&Itemid=91&limitstart=5",suspicious
"http://www.real-house.nl/profile.html",suspicious
"http://www.t-puls.dk/temaer-i-terapi/affaerer-utroskab.html",suspicious
"http://www.djemanshy.md/photo/category/7.html",suspicious
"http://eurotravel.com.br/index.php",suspicious
"http://www.salfed.com/modules/mod_news_scroller/mod_news_scroller.js.php",suspicious
"http://www.slaviacapital.cz/clanky-menu/career",suspicious
"http://www.maler-graszk.de/index.php?option=com_content&view=article&id=56&Itemid=55",suspicious
"http://kidscentrale.nl/index.php?option=com_content&view=article&id=8&Itemid=6",suspicious
"http://www.versatilityphoneshop.co.uk/bt-versatility-v16-xp-console-expansion-module-.html",suspicious
"http://norwestcooling.com/request-a-quote.html",suspicious
"http://www.windmillag.com.au/news-events/31-joskin",suspicious
"http://www.flordeazar.com/index.html?fontstyle=f-larger",suspicious
"http://www.beriva.lt/index.html?di=akcijos&V=1&iid=494764",suspicious
"http://www.rugbyzwolle.nl/teams/veteranen",suspicious
"http://www.villagemagazine.it/index.php/regions/ads/view/220-allingrosso-iphone-4s-iphone-5.html",suspicious
"http://www.ekino-neureut.de/index.php?option=com_content&view=article&id=38:thomas-messe&catid=1:gottesdienste&Itemid=42",suspicious
"http://www.avrasya-haber.net/rusya/index.html",suspicious
"http://www.kristall-zell.at/index.php/de/preise/sommercard.html",suspicious
"http://www.papamusilisafaris.eu/component/products/index.html?productsTask=productsDetails&catid=2&productsId=29",suspicious
"http://style.org.hc360.com/css/detail/mysite/siteconfig/pro_control.css",suspicious
"http://www.raw-tempel.de/kinder.html",suspicious
"http://www.veiculoseguro.com.br/index.php?option=com_contact&view=contact&id=2&Itemid=58",suspicious
"http://www.027art.com/art/UploadFiles_8975/201107/2011072306472017.jpg",suspicious
"http://www.alberi.com.br/component/content/article/6/48",suspicious
"http://www.eendrachthummelo.nl/index.php?option=com_phocagallery&view=category&id=10:2009&Itemid=80",suspicious
"http://dentagrad.ru/protezirovanie-zubov/uhod-za-semnymi-zubnymi-protezami",suspicious
"http://schertzauto.com/wp-content/themes/NAPA%20AC%202014%20S/style.css",suspicious
"http://s-tab.ru/portfolio/4-2010-07-05-04-46-02/detail/1038-h16.html?tmpl=component&detail=0&buttons=1",suspicious
"http://iosges.com/index.php/component/content/article/60-nss-web-uso",suspicious
"http://166588.com/index.html?action=news&id=55",suspicious
"http://apechemy.fr/index.php/photos/category/12-2010",suspicious
"http://www.plexiprint.net/x.txt",suspicious
"http://nailcenter.fr/index.php?option=com_content&view=article&id=20:jeu-concours&catid=1&Itemid=40",suspicious
"http://mbpanet.com/index.php?view=article&catid=1:latest-news&id=144:pompom-weed-eradication-appeal-no2&tmpl=component&print=1&layout=default&page=",suspicious
"http://www.thc-hanau.de/index.php/aktuell/485-hockey-finalesueddeutschemeisterschaftmaedchena2013",suspicious
"http://www.ligermedia.co.th/index.html",suspicious
"http://www.saludyestetica.cl/g/index.php?option=com_mailto&tmpl=component&link=aHR0cDovL3d3dy5zYWx1ZHllc3RldGljYS5jbC9nL2luZGV4LnBocD9vcHRpb249Y29tX2NvbnRlbnQmdmlldz1hcnRpY2xlJmlkPTYyOnBvdGVuY2lhZG9yLXNleHVhbC1hbGwtc2V4LSZJdGVtaWQ9Nzc=",suspicious
"http://9779.info/%E5%B0%8F%E7%8F%AD%E5%B9%BC%E5%84%BF%E8%8A%B1%E7%93%B6%E6%8B%BC%E8%B4%B4%E7%94%BB/",suspicious
"http://www.trees-partner.ch/index.php?option=com_content&view=article&id=9&Itemid=4",suspicious
"http://leaderinfife.org/index.php?option=com_contact&view=contact&id=14:voluntary-organisations-north-east-fife&catid=44:lag-members&Itemid=74",suspicious
"http://www.atelierduvieuxpin.com/fr/seminaires/la-pratique-niveau-2.html",suspicious
"http://www.odatebussan.net/g_sake.html",suspicious
"http://www.webcreators.gr/service-laptop/antikatastasi-othonis/72-episkeui-vismatos-trofodosias.html",suspicious
"http://javadoplant.nl/nl.html?start=20",suspicious
"http://www.sportschule-neumann.de/index.php?option=com_content&view=article&id=3&Itemid=9",suspicious
"http://www.mbdalmezun.com/hasret-giderdik.htm",suspicious
"http://www.axelsmeyer.de/index.php?option=com_content&view=article&id=54:haeger-auf-lovelybooks-zu-qdas-buch-der-suendenq&catid=38:rezensionen&Itemid=58",suspicious
"http://www.radioroccella.net/index.php?option=com_content&view=article&id=251:radiografia-scio-n38-in-diretta-sporting-locri&catid=128:news",suspicious
"http://www.fitasylum.com/index.php/product-reviews/p90x2/plyocide-p90x2",suspicious
"http://www.oxypro.ab.ca/contact-us.html?tmpl=component&print=1&page=",suspicious
"http://www.jin0044.com/ipl/app/help.php?GameType=5707&lang=zh-cn&HALLID=3820004&State=0",suspicious
"http://www.leine-net.de/home",suspicious
"http://www.familienbund.org/index.php?option=com_content&view=category&layout=blog&id=5&Itemid=8",suspicious
"http://www.brennius.se/index.php?option=com_content&view=article&id=2&Itemid=2",suspicious
"http://www.nicolatessari.it/index.php/it/contattatemi",suspicious
"http://www.dewerkschuit.nl/index.php?option=com_content&view=article&id=65&Itemid=37",suspicious
"http://9779.info/%E6%B0%B4%E6%9E%9C%E6%AF%9B%E7%BA%BF%E7%B2%98%E8%B4%B4%E7%94%BB/",suspicious
"http://www.xpj5988.com/promotion.htm;jsessionid=A77C20A90C6790855CB2882AD06183ED",suspicious
"http://www.qmcweb.com.br/index.php?option=com_jevents&task=day.listevents&year=2013&month=01&day=22&catids=38|34&Itemid=1&lang=pt",suspicious
"http://www.waspextermination.ca/index.php?jid=1&fontstyle=f-default",suspicious
"http://zjtfjt.com/ywbk-xdwly-zyyw.asp?id=19&readmode=art",suspicious
"http://ardeex.com/index.php?option=com_mailto&tmpl=component&link=aHR0cDovL2FyZGVleC5jb20vaW5kZXgucGhwP29wdGlvbj1jb21fY29udGVudCZ2aWV3PWFydGljbGUmaWQ9NjglM0FkYW1lbi1wdWxsb3Zlci13ZXN0ZW4mY2F0aWQ9MzklM0FkYW1lbm1vZGUmSXRlbWlkPTgwJmxhbmc9ZGU=&lang=de",suspicious
"http://opttoys24.ru/index.php?option=com_virtuemart&page=shop.browse&category_id=42&Itemid=5",suspicious
"http://www.norzwebmarketing.com/it/glossario/motore-di-ricerca?tmpl=component&print=1&page=",suspicious
"http://www.hotsource.ch/index.php?option=com_content&view=article&id=80&Itemid=160",suspicious
"http://9779.info/%E6%B0%B4%E6%9E%9C%E6%AF%9B%E7%BA%BF%E7%B2%98%E8%B4%B4%E7%94%BB/",suspicious
"http://www.winnerhydraulicsusa.com/webstore/store/listcategoriesandproducts.asp?idcategory=61",suspicious
"afterwardsgood.tk",suspicious
"http://www.ekwdesign.de/referenzen.html",suspicious
"http://www.gonzalespd.org/index.php?option=com_jcalpro&Itemid=43&extmode=day&date=2013-02-24",suspicious
"http://www.heide-marys-windelgesindel.de/adoptiert.html?start=15",suspicious
"http://www.steparu.com/previews.1",suspicious
"http://audeantenne.com/index.php?option=com_content&view=article&id=70&Itemid=138",suspicious
"http://www.aibek.kz/index.php/component/user/login?return=L2luZGV4LnBocC8yMDExLTEyLTE1LTAzLTQyLTAwL2NvbW1lbnRzLzI=",suspicious
"http://somotores.com/index.php/motores/motores-parciais/8-motores-parciais/detail/228-parcial-8030?tmpl=component",suspicious
"http://www.pclan.us/component/mailto/index.html?tmpl=component&link=aHR0cDovL3d3dy5wY2xhbi51cy9oZWxwLWRlc2stc2VydmljZXMuaHRtbA==",suspicious
"http://img1.shikee.com/report/2015/04/24/12073320901358190361.jpg",suspicious
"http://www.xhedu.net/sites/main/UploadFiles/2015/5/small/upfile403481.jpg",suspicious
"http://www.suntravel.pt/index.php?option=com_content&view=category&id=41:suntravel-excursoes&Itemid=77&lang=en",suspicious
"http://www.enolr.com/event-calendar/day/13.html",suspicious
"http://casalpopular.org/index.php?option=com_mailto&tmpl=component&link=aHR0cDovL2Nhc2FscG9wdWxhci5vcmcvaW5kZXgucGhwP29wdGlvbj1jb21fY29udGVudCZ2aWV3PWFydGljbGUmaWQ9MjpiZW52aW5ndXRzJmNhdGlkPTc6cG9ydGFkYQ==",suspicious
"http://schertzauto.com/wp-content/themes/NAPA%20AC%202014%20S/css/style.css",suspicious
"http://adventure-nicaragua.net/index.html?option=com_content&view=article&id=98&Itemid=62&font-size=smaller",suspicious
"http://www.polska.travel.pl/pogoda-polska/gdansk/pogoda-polska/gdansk/1?miasto=26",suspicious
"http://djkatrina.ru/muzyka/interesnye-fakty/prodazhi-muzyki-upali-do-samogo-nizkogo-pokazatelya-za-20-let.html",suspicious
"http://www.unitre.org/index.php?option=com_wrapper&view=wrapper&Itemid=180",suspicious
"http://www.ninopizzaria.com.br/index.php?option=com_content&view=article&id=103&Itemid=67",suspicious
"http://boltamproperties.co.za/index.php?option=com_sobi2&sobi2Task=sobi2Details&catid=4&sobi2Id=64&Itemid=58",suspicious
"http://www.creuzadema.net/storie-minime/don-andrea-gallo",suspicious
"http://www.feuerbestattung.lu/index.php?option=com_contact&task=vcard&contact_id=2&format=raw&tmpl=component",suspicious
"http://botasdevinojb.com.mx/index.php?option=com_content&view=article&id=1&Itemid=26",suspicious
"http://www.interrail.it/numeri/gennaio98/raccordi.html",suspicious
"http://www.ilovespeedbumps.com/inexpensive-hearing-aids-appears-terrific/",suspicious
"http://9779.info/%E7%BE%8E%E6%9C%AF%E5%89%AA%E8%B4%B4%E7%94%BB%E6%B5%B7%E7%BB%B5%E7%BA%B8%E5%9B%BE/",suspicious
"http://www.allaroundrental.com/index.php?option=com_virtuemart&page=shop.browse&category_id=15&Itemid=55",suspicious
"http://www.pubyun.com/blog/openstack/rhsummit%e4%b8%8a%e5%8f%91%e5%b8%83%e7%9a%84%e5%87%a0%e4%b8%aa%e5%85%b3%e4%ba%8erhel%e7%9a%84%e6%94%b9%e5%8f%98/",suspicious
"http://www.saborlatinosp.it/it/fotogallery/8-salsaweek-simeri-2004/detail/36-gruppo-prato.html?tmpl=component",suspicious
"http://benchmarkms.com/projects/corporate/album/2/2",suspicious
"http://www.nfa.com.tr/index.php?option=com_content&view=article&id=39&Itemid=178",suspicious
"http://www.veiculoseguro.com.br/index.php?option=com_content&view=article&id=84:informacoes-de-verdade&catid=37:veiculoseguro&Itemid=56",suspicious
"http://www.raci.it/area_fr/prodotti/acquedotto.html",suspicious
"ruzi-hana.co.jp",suspicious
"http://www.hotsource.ch/index.php?page=shop.product_details&category_id=6&flypage=flypage.tpl&product_id=31&option=com_virtuemart&Itemid=68",suspicious
"http://rendeck.com/index.php/nl/consultants/vacatures/form/10/2417",suspicious
"http://www.koi-waterlife-centre.com/kwlcshop/information/ailments-and-treatment",suspicious
"http://www.selbsthilfegruppen.at/index.php?view=article&catid=13:behinderung&id=22:alternativgemeinschaft-koerperbehinderter-und-nichtbehinderter&tmpl=component&print=1&layout=default&page=&option=com_content&Itemid=3",suspicious
"http://www.barn.co.nz/abel-tasman-internet-cafe",suspicious
"http://www.mtb-bad-harzburg.de/index.php/ausschreibung",suspicious
"http://www.szovetseg.eu/feladatok.php?name=Private_Messages&file=index&mode=post&u=245",suspicious
"http://www.recettepourtous.net/index.php?option=com_content&view=section&layout=blog&id=11&Itemid=74",suspicious
"http://www.diarco.com.pe/portal/index.php?option=com_mailto&tmpl=component&link=aHR0cDovL3d3dy5kaWFyY28uY29tLnBlL3BvcnRhbC9pbmRleC5waHA%2Fb3B0aW9uPWNvbV9jb250ZW50JnZpZXc9YXJ0aWNsZSZpZD00Om51ZXN0cm9zLXNlcnZpY2lvcyZJdGVtaWQ9Ng==",suspicious
"http://svadebny.com/index.php?option=com_flippingbook&view=book&id=5&Itemid=705",suspicious
"http://sydsfj.com/product/class/index.php?page=1&catid=115&myord=uptime&myshownums=&showtj=&author=&key=",suspicious
""http://pembrokeshire-farm-cottages.co.uk/component/option,com_rentalotplus/Itemid,11/view,classic/index.html"",suspicious
"http://www.saludyestetica.cl/g/index.php?view=article&id=73:prov-multivitaminico-mineralizado&tmpl=component&print=1&layout=default&page=&option=com_content&Itemid=89",suspicious
"http://desiredelille.com/index.html",suspicious
"http://www.originalvolunteers.co.uk/extra-information/trip-competition.html",suspicious
"http://www.bukitesveiki.lt/component/user/reset",suspicious
"http://www.tev-bruchsal.de/index.php?option=com_content&view=article&id=29&Itemid=49",suspicious
"http://adventure-nicaragua.net/es/index.php?option=com_content&view=article&id=47&Itemid=54",suspicious
"http://www.teknosima.it/index.php?option=com_content&view=article&id=8&Itemid=9&fontstyle=f-larger",suspicious
"http://www.centercamping.com.br/index.php?option=com_content&view=article&id=55:campanha-de-reciclagem-center-camping&Itemid=48",suspicious
"http://www.lafavoritacb.com/index.php?view=article&catid=42:atencioncliente&id=91:cgc&tmpl=component&print=1&layout=default&page=&option=com_content&Itemid=77",suspicious
"http://www.f-iraq.net/chat.html",suspicious
"http://2duwo.com/index.php/es/bestelonzecd?fontstyle=f-smaller",suspicious
"http://huamuxtitlan.com/x.txt",suspicious
"http://macedonia-extreme.com/index.php/biking-section/42-biking/128-biking-macedonia?tmpl=component&print=1&layout=default&page=",suspicious
"http://szgs.ru/on-the-company/licenses/71-2009-09-01-07-34-45.html?tmpl=component&print=1&layout=default&page=",suspicious
"http://www.arjanland-kerstbomen.nl/historie",suspicious
"http://champandrosie.com.au/sejeal.jpg",suspicious
"http://www.iamboo.it/it/prodotti/wito",suspicious
"http://bjdfbh.com/Item/Show.asp?m=2&d=387",suspicious
"http://www.sceg.ir/home/all-poll/6-site-speed.html",suspicious
"http://www.sapadinesmilovice.com/index.php?option=com_content&view=article&id=56:lisko-dju-mi&catid=34:psi&Itemid=57&lang=sr",suspicious
"http://21twentyone.net/index.php?option=com_content&view=article&id=56&Itemid=131",suspicious
"http://deboerschilders.nl/index.php/fotos-van-afgerondde-projecten/category/6-winkelpand",suspicious
"http://www.letni-tabor.eu/index.php?option=com_content&view=category&id=14:nae-tradice&Itemid=27&layout=default",suspicious
"http://9779.info/%E5%A4%9A%E5%BD%A9%E6%B0%91%E6%97%8F%E9%A3%8E%E5%89%AA%E8%B4%B4%E7%94%BB/",suspicious
"http://www.art-ecology-education.org/en/qaa-topmenu-30/105-what-does-art-have-to-do-with-ecology.html",suspicious
"http://djsipke.nl/foto-album/6-sint-nykstermerke/detail/326-img1693.html?tmpl=component",suspicious
"http://bjgdhm.com/contact.asp",suspicious
"http://lasqc.com/index.php?option=com_jevents&task=day.listevents&year=2013&month=01&day=11&Itemid=128",suspicious
"http://codep34.fr/index.php?option=com_content&view=section&id=31&Itemid=160",suspicious
"http://littlebigjosh.com/video-gallery?task=videodirectlink&id=16",suspicious
"http://www.afrikaansealbinos.nl/index.php/nl/help-ons/geef-een-gift.html",suspicious
"http://www.coleyglesias.com/index.php?option=com_content&view=article&id=187:felicitacio-de-nadal&catid=46:nadal&Itemid=64",suspicious
"http://9779.info/%E5%89%AA%E8%B4%B4%E7%94%BB%E5%AE%B6%E4%B9%A1/",suspicious
"http://www.allaroundrental.com/index.php?page=shop.product_details&category_id=33&flypage=flypage.pbv.v1.tpl&product_id=336&option=com_virtuemart&Itemid=69",suspicious
"http://www.kretingosmuziejus.lt/apie-mus/muziejaus-istorija?tmpl=component&print=1&page=",suspicious
"http://mbpanet.com/index.php?option=com_content&view=section&layout=blog&id=5&Itemid=60",suspicious
"http://jornalistasdeangola.com/wp-content/themes/nu-white/style.css?ver=4.2.2",suspicious
"http://burkinasaracanarias.org/es/component/content/article/40-noticias/70-chiringuito-carnavales.pdf",suspicious
"http://burkinasaracanarias.org/es.pdf?view=article&catid=40:noticias&id=69:fespaco-2011",suspicious
"http://www.lescoulissesdetanger.com/component/user/remind",suspicious
"http://www.janke-baufinanzierungen.de/index.php?view=article&id=87:partner&format=pdf&option=com_content&Itemid=29",suspicious
"http://royalfarm-eg.com/index.php?option=com_mailto&tmpl=component&link=aHR0cDovL3JveWFsZmFybS1lZy5jb20vaW5kZXgucGhwP29wdGlvbj1jb21fazImdmlldz1pdGVtJmxheW91dD1pdGVtJmlkPTQ0Jkl0ZW1pZD0yMDU=",suspicious
"http://schertzauto.com/wp-content/themes/NAPA%20AC%202014%20S/style.css",suspicious
"http://www.whitminsterinn.co.uk/specialevents/calendar-day/02/10/2013",suspicious
"http://www.perlenkunst.ch/kontakt.html",suspicious
"http://www.affordable-adult-vacations.com/video.htm",suspicious
"http://batutik.com.ua/kontakty.html",suspicious
"http://crystalspringsag.org/index.php?view=article&catid=15:our-people&id=24:staff&tmpl=component&print=1&layout=default&page=&option=com_content&Itemid=109",suspicious
"http://gleitschirmfluege.com/der-pilot",suspicious
"http://www.tlcllc.com/home/7-ron-potter-blog/29-story-tellling-a-trust.html",suspicious
"http://www.topictlearning.com.br/index.php?option=com_content&view=article&id=220&Itemid=134",suspicious
"http://www.kompakt-cr.cz/produkty/informacni-plakaty-mest.html",suspicious
"http://9779.info/%E8%B1%86%E5%AD%90%E7%B2%98%E8%B4%B4%E7%94%BB%E7%94%A8%E4%BB%80%E4%B9%88%E7%B2%98/",suspicious
"http://practicaleyes.net/home/177-introduction.html",suspicious
"http://www.sanremoballroom.com.au/index.php?option=com_content&view=article&id=21&Itemid=41",suspicious
"http://9779.info/%E6%AF%9B%E7%BA%BF%E8%B4%B4%E7%94%BB%20%E5%9C%BA%E6%99%AF%E5%9B%BE/",suspicious
"http://www.easyphonia.com/index.php?view=article&catid=113:deployment-solution&id=110757:deployment-solution&tmpl=component&print=1&layout=default&page=&option=com_content&Itemid=110",suspicious
"http://kccs.nichost.ru/index.php?view=article&catid=2:uslugi&id=11:2010-03-27-01-02-53&tmpl=component&print=1&layout=default&page=&option=com_content&Itemid=33",suspicious
"http://www.winnerhydraulicsusa.com/webstore/store/listcategoriesandproducts.asp?idcategory=36",suspicious
"http://www.enprofil.nl/case.html",suspicious
"http://www.sanpedrolee.com.ar/index.php?view=categoryevents&id=3:obra-de-teatro&option=com_eventlist&Itemid=73",suspicious
"http://www.focuscctv.com.au/index.php?option=com_content&view=category&id=34:cameras&layout=blog&Itemid=74",suspicious
"http://realty-catalog.com/2010-02-26-10-26-49/------/visit.html",suspicious
"http://www.windmillag.com.au/contact-us/hamilton",suspicious
"http://www.slavia.sk/podmienky-pouzitia",suspicious
"http://www.allaroundrental.com/index.php?option=com_virtuemart&Itemid=59",suspicious
"http://www.dovehouse.us/events/sponsors/86-privacy-policy",suspicious
"http://www.tischlerei-heubrock.de/index.php?option=com_content&view=article&id=65:team&catid=34:heubrock&Itemid=67",suspicious
"http://www.tev-bruchsal.de/index.php?option=com_content&view=article&id=101:osterferienbetreuung-beim-tev&catid=7:archiv&Itemid=48",suspicious
"http://9779.info/%E4%BC%98%E7%A7%80%E5%8D%A1%E7%BA%B8%E5%89%AA%E8%B4%B4%E7%94%BB/",suspicious
"http://www.e-komotini.gr/index.php?option=com_mtree&task=listcats&cat_id=91&Itemid=1",suspicious
"http://www.gammamac.it/prodotti.html?page=shop.browse&category_id=106",suspicious
"http://sfhhz.com/channels/200.html",suspicious
"http://www.kdw-nettetal.de/index.php/archiv/84-neujahrskonzert-2011.html",suspicious
"http://www.ekadana.com/submit-link/add-website-banner.html",suspicious
"http://www.tirionklasse.nl/het-ontwerp.html",suspicious
"http://www.reyderocha.com.co/index.php?option=com_jukebox&view=category&id=33:edwin-el-maestro",suspicious
"http://www.dolcevino.it/index.php?option=com_content&view=article&tmpl=component&id=58&Itemid=1",suspicious
"http://bjpgqsc.com/jypt/class/?0.html&page=2&showtj=&showhot=&key=",suspicious
"http://bodrumdil.com/prog/konu.html",suspicious
"http://www.billios.gr/el/component/virtuemart/index.html?page=shop.browse&category_id=9",suspicious
"http://www.cebu.ph/index.php?view=article&catid=11:cebu-business-news&id=14:furniture-exhibition-march-5-8&tmpl=component&print=1&layout=default&page=",suspicious
"http://www.radiovillage.eu/index.php/rvcommunity/102-uccelli-notturni/videos/video/2-Uccelli+Notturni+I+Fiori+della+Solitudine.html",suspicious
"http://faughs.ie/index.php/2009/05/juvenilehurling/index.html",suspicious
"http://www.kulturwelle.at/veranstaltungen/49/143-uebernsee-2011-festival-ensemble-uebernsee",suspicious
"http://avesis.nl/gerealiseerde-projecten.html?start=11",suspicious
"http://www.deliaclaudio.it/index.php?option=com_content&view=article&id=82:teddy&catid=31:eseguiti&Itemid=1",suspicious
"http://media.zumvu.com/2013/blog-cover-photos/20131127-4-1385572438-161-1385572352.jpg",suspicious
"http://www.hotsource.ch/index.php?option=com_virtuemart&Itemid=151",suspicious
"http://www.billh.net/camelotcraftingdaoc/phpBB2/profile.php?mode=viewprofile&u=290",suspicious
"http://www.twalogisticsltd.co.uk/news/11/57-pallet-networks-green-solutions.pdf",suspicious
"http://www.swaledaleroadrunners.co.uk/about-us.1",suspicious
"http://www.ant-u.com/index.php?view=article&catid=25:the-project&id=12260:2012-12-30-11-44-08&tmpl=component&print=1&layout=default&page=",suspicious
"http://www.tandemimmobilier.fr/index.php?option=com_content&view=article&id=120:ils-ont-participe-aux-20-ans-de-laivs&catid=19:actualites",suspicious
"http://valedojauru.com.br/categoria/noticias/mato-grosso-noticias/index.html",suspicious
"http://www.fuctart.gr/el/fuctart-issue-download.html",suspicious
"http://sparcochile.com/index.php?option=com_content&view=article&id=54&Itemid=75",suspicious
"http://querollosushi.com/qrs/index.php?option=com_user&view=remind",suspicious
"http://ru.pokerstrategy.com/media/tellafriend/ru/Homepage/00-x-1-ps-7ZBxPO.gif?referrer=maripuska",suspicious
"http://www.teknosima.it/index.php?option=com_content&view=frontpage&Itemid=1&fontstyle=f-default",suspicious
"http://www.avrasya-haber.net/rss",suspicious
"http://www.istituto-montessori.it/index.php?option=com_content&view=article&id=42&Itemid=42",suspicious
"http://www.holidayclub-mtb.com/holiday/index.php?option=com_content&view=category&id=43&Itemid=86",suspicious
"http://goldenheart.com.mx/compra-de-oro/index.php?option=com_igallery&view=gallery&id=1&Itemid=241",suspicious
"http://www.sklep-splawik.pl/index.php?option=com_content&view=article&id=12:zawody-spawikowe-puchar-sklepu-spawik-i-maver-2009&catid=3:zawody-2009&Itemid=6",suspicious
"http://www.ciifen-int.org/index.php?lang=es",suspicious
"http://buysellrentindubai.com/index.html?option=com_ezrealty&task=newlistings&Itemid=129&fontstyle=f-larger",suspicious
"http://www.geothermalanywhere.com/en/news.html?start=15",suspicious
"http://www.borlangedance.se/index.php?option=com_content&view=article&id=108&Itemid=80",suspicious
"http://faughs.ie/index.php/achievements/index.html",suspicious
"http://www.arcolec.com/index.php?option=com_mailto&tmpl=component&link=aHR0cDovL3d3dy5hcmNvbGVjLmNvbS9pbmRleC5waHA%2Fb3B0aW9uPWNvbV9jb250ZW50JnZpZXc9YXJ0aWNsZSZpZD01NCUzQWJ1aWxkaW5nJmNhdGlkPTM2JTNBamFzbGlkZXNob3cyJkl0ZW1pZD01NQ==",suspicious
"http://www.wu8188.com/cl/?module=System&method=LiveTop&args=livehall",suspicious
"http://www.fromberg.de/index.html",suspicious
"http://www.vitalsil.pt/index.php?Itemid=11&option=com_zoo&view=category&category_id=25",suspicious
"http://www.tjmdrilltools.com/environmental.html",suspicious
"http://packagingpro.nl/assortiment/folie/37-topveldispenser?layout=blog",suspicious
""http://www.tellimus.ee/et/pood/details/2266/107/rods/poles/clipper-stronger-370cm,-115cm-closed.html"",suspicious
"http://adrtax.org/index.php/initiative",suspicious
"http://www.manganellipalace.it/fr/teatro-massimo-bellini.html",suspicious
"http://www.techlimits.com/noticias/605-cinema-4d-release-14",suspicious
"http://www.belmontbaptistchurch.com/mailto/component-2?link=aHR0cDovL3d3dy5iZWxtb250YmFwdGlzdGNodXJjaC5jb20vbWFlLWphY2tzb24=",suspicious
"http://thumb.webps.cn/i1/img/4/TB1D195GVXXXXX0XpXXXXXXXXXX_%21%210-item_pic.jpg_200x200.jpg",suspicious
"http://mascoterossolidarios.org/index.php?option=com_zoo&task=alphaindex&app_id=12&alpha_char=l&Itemid=513",suspicious
"http://www.sportraad-maasmechelen.be/index.php?option=com_phocadownload&view=category&id=4&Itemid=28",suspicious
"http://www.be-werber.de/index.php?option=com_k2&view=itemlist&layout=category&Itemid=56",suspicious
"http://global-construcoes.com/index.php?option=com_content&view=article&id=71&Itemid=82",suspicious
"http://www.banane.cz/index.php?page=shop.browse&category_id=8&option=com_virtuemart&Itemid=5",suspicious
"http://www.tandyra.kz/index.php?option=com_content&view=article&id=73:don&catid=19:product&Itemid=45&lang=ru",suspicious
"http://www.bilamal.de/hygiene/hygieneuntersuchungen-in-krankenhaeusern",suspicious
"http://schertzauto.com/wp-content/plugins/revslider/rs-plugin/css/settings.css?rev=4.6.0&ver=4.2.2",suspicious
"http://www.alviksby.se/index.php?option=com_weblinks&view=categories&Itemid=40",suspicious
"http://www.feuerwehr-moellbergen.de/index.php?limitstart=9",suspicious
"http://asociacionkaribu.org/index.php/karibu/quienes-somos/325-el-colegio-de-medicos-apoya-la-atencion-sanitaria-a-todos-los-inmigrantes",suspicious
"http://www.tonyveiculos.com.br/veiculo/2962/volkswagen-gol-g4-1.0-2p-2012-flex",suspicious
"http://www.masseyfergusonsocialclub.co.uk/index.php?option=com_content&view=article&id=45&Itemid=54",suspicious
"http://www.autoretro.it/abarth/AB43.htm",suspicious
"http://www.bestwesternalfaaeropuerto.com/index.php?option=com_content&view=article&id=112&Itemid=132",suspicious
"http://www.atthetopproperties.com/wp-includes/limit/dwgdoc",suspicious
"http://www.umeataxi.se/index.php?option=com_content&view=article&id=13&Itemid=31",suspicious
"http://www.thenathanbaker.com/thenathanbaker.com/contact/rw_common/themes/simple/styles.css",suspicious
"http://applicationforschengenvisa.com/links/link-partners-1/page1",suspicious
"http://boughtitsoldit.com/currentauctions?tmpl=component&print=1&page=",suspicious
"http://www.3344mt.com/cl/tpl/montecarlo/ver1/css/montecarlo.css?v=ver16.32",suspicious
"http://www.radioroccella.net/index.php?option=com_content&view=article&id=225:qil-vangelo-della-domenicaq-dal-15-gennaio&catid=128:news",suspicious
"http://www.lucky-punch.net/index.php/lucky-punch-in-bilder/1-lucky-punch-sport/detail/111-12.html?tmpl=component&phocadownload=1",suspicious
"http://www.motechsolutions.co.uk/freehealthcheck-form.html",suspicious
"http://www.kreds13.dk/index.php?option=com_content&view=article&id=49&Itemid=2",suspicious
"http://pacificcombatphotos.com/index.php?option=com_content&view=article&id=13&Itemid=8",suspicious
"http://apoiojur.com.br/index.php?%2FTable%2FResponsabilidade-civel%2Ffeed%2Frss.html",suspicious
"http://9779.info/%E5%89%AA%E8%B4%B4%E7%94%BB%E5%88%9B%E6%84%8F/",suspicious
"http://www.affordable-adult-vacations.com/faq/14/index.html",suspicious
"http://fpdownload2.macromedia.com/pub/shockwave/cabs/flash/swflash.cab",suspicious
"http://www.textilexpres.com/TE/index.php?option=com_content&view=category&id=913:ferias-y-eventos&Itemid=68&layout=default",suspicious
"http://spmenglishschool.com/notice-board/321-imo-exam-schedule.html",suspicious
"http://www.rockabilly.it/le-foto-delle-serate-musipro.html",suspicious
"http://www.tagrijn-emma.nl/index.php?option=com_virtuemart&page=shop.browse&manufacturer_id=19&Itemid=3",suspicious
"http://www.bg-ricevimenti.it/index.php/location/castello-malaspina.html",suspicious
"http://www.babolna.eu/index.php?option=com_sobi2&sobi2Task=sobi2Details&catid=12&sobi2Id=110&Itemid=18",suspicious
"http://www.sprintcar.ro/produse-chimice/lacuri-acrilice/140-lac-acrylic-ms-antiscratch-h62.html",suspicious
"http://www.zibae.ir/index.php?option=com_content&view=article&id=651:1391-11-08-06-59-40&catid=12:1389-09-29-07-43-30",suspicious
"http://riedland.ch/index.php?option=com_phocagallery&view=detail&catid=2:riedlandnecessaire&id=62:riedland-necessaire&tmpl=component&Itemid=55",suspicious
"http://www.cvoaccent.nl/index.php?option=com_content&view=article&id=63&Itemid=120",suspicious
"http://onlineigri.net/all-games/formula-racer-2012",suspicious
"http://style.org.hc360.com/css/detail/mysite/siteconfig/pro_control.css",suspicious
"http://www.q-com.eu/servicehotline.html?ml=1",suspicious
"http://totallifechurchjax.com/index.php?option=com_content&view=article&id=193:sept-25-teamwork-pt-2-purpose-episode-6&catid=66:teamwork&Itemid=1",suspicious
"http://www.path-finder.it/index.php?option=com_content&view=article&id=61:saturno&catid=35&Itemid=50",suspicious
"http://saraty.com.br/index.php?option=com_mailto&tmpl=component&link=5ff6663103a83041e03e51382a5336f73fc84740",suspicious
"http://www.yyjanet.com/areas/3/6719.aspx",suspicious
"http://www.feilonline.com/index.php/faq",suspicious
"http://www.ciifen-int.org/index.php?option=com_content&view=article&id=49:temperatura-superficial-del-mar&catid=31:productos&Itemid=61&lang=es",suspicious
"http://extrememortgagesolutions.com.au/privacy-policy.html?tmpl=component&print=1&page=",suspicious
"http://kreuzleger.net/de/produkte/foerdersysteme/rs-2815.html",suspicious
"http://www.ninopizzaria.com.br/index.php?option=com_mailto&tmpl=component&link=aHR0cDovL3d3dy5uaW5vcGl6emFyaWEuY29tLmJyL2luZGV4LnBocD9vcHRpb249Y29tX2NvbnRlbnQmdmlldz1hcnRpY2xlJmlkPTExNjplc3B1bWFudGVzJmNhdGlkPTQ3OnZpbmhvcyZJdGVtaWQ9MTcz",suspicious
"http://www.faceaffair.com.au/index.php?option=com_content&view=article&id=18&Itemid=19",suspicious
"keciorenkoltukyikama.net",suspicious
"http://www.rsccaritas.ie/rscnews/453-busy-with-small-christian-communities",suspicious
"http://www.keokukyachtclub.com/index.php?option=com_phocagallery&view=categories&Itemid=63",suspicious
"http://www.besztercekk.hu/index.php?option=com_content&view=category&id=45:nb-ia&Itemid=124&layout=default",suspicious
"http://copremon.com.br/fique-por-dentro.html?start=20",suspicious
"http://www.clinick.com.br/index.php?option=com_content&view=article&id=86&Itemid=17",suspicious
"http://www.jnpiraq.net/arabic/index.php?option=com_content&view=article&id=193&Itemid=15",suspicious
"http://9779.info/%E4%B8%AD%E5%AD%A6%E7%94%9F%E7%B2%98%E8%B4%B4%E7%94%BB%E4%BD%9C%E5%93%81/",suspicious
"http://wxztjz.com/e/public/onclick?enews=donews&classid=65&id=123",suspicious
"http://thesecretsontheinside.com/index.php?%2Flearn-more.html",suspicious
"http://www.portmacau.com/gaj/product_show.asp?id=53",suspicious
"http://www.2ndtimedesigns.com/mailto/component?link=7add590fe80325ebd2ca12dc34be5798b0485ba5",suspicious
"http://www.ninopizzaria.com.br/index.php?option=com_content&view=article&id=93&Itemid=111",suspicious
"http://shiloinc.com/index.php?option=com_content&view=article&id=191&Itemid=236",suspicious
"http://kccs.nichost.ru/index.php?option=com_content&view=article&id=14&Itemid=6",suspicious
"http://foroalcazares.com/index.php/noticias/124",suspicious
"http://kaempre.com/index.php?option=com_mailto&tmpl=component&link=aHR0cDovL2thZW1wcmUuY29tL2luZGV4LnBocD9vcHRpb249Y29tX2NvbnRlbnQmdmlldz1hcnRpY2xlJmlkPTYxOjA0MDMyMDEwLW1oaC1mb3JzY2hlci11bnRlcnN1Y2hlbi1mb2xnZW4tdm9uLWdld2FsdHNwaWVsZW4tYW0tY29tcHV0ZXItanVuZ2UtbWFlbm5lci0=",suspicious
"http://www.cuxhaven.cc/index.php?option=com_comprofiler&task=userProfile&user=66",suspicious
"http://www.reyderocha.com.co/x.txt",suspicious
"http://www.designinsideonline.com.au/resources/interior-design-whats-your-style/beach-coastal-interior-design",suspicious
"http://www.teapu.net/search.asp",suspicious
"http://www.proagroin.org/en.feed?type=rss",suspicious
"http://www.verall.com.pl/oferta.html?start=10",suspicious
"http://www.egejewelry.com/index.php?option=com_rsgallery2&page=inline&id=32",suspicious
"http://pgee-kardjali.com/index.php?option=com_content&view=article&id=110:2010-05-04-18-12-52&catid=44&Itemid=56&lang=bg",suspicious
"http://www.hotsource.ch/index.php?option=com_content&view=article&id=78&Itemid=67",suspicious
"http://www.verall.com.pl/component/mailto/index.html?tmpl=component&link=d7404aa9415dd6b15cb9990b290b57a1cd0fba56",suspicious
"http://s-tab.ru/latunnie-tablichki.html",suspicious
"http://www.seduction.ee/artiklid/63-viimaks-ometi-kevadised-hormoonid-moellavad-ja-pulbitsevad",suspicious
"http://www.lafavoritacb.com/index.php?option=com_content&view=article&catid=42:atencioncliente&id=91:cgc&Itemid=78",suspicious
"http://www.superlagoa.com.br/index.php?option=com_contactmap&view=contactmap&id=10&Itemid=230&lang=pt",suspicious
"http://www.artzone-chronicles.fr/index.php?option=com_content&view=article&id=128:night-school-de-cj-daugherty&catid=40:litterature&Itemid=12",suspicious
"http://www.applausemovie.com/ask-cast/109",suspicious
"http://onlineigri.net/all-games/fighting-games",suspicious
"http://hotlinegsm.com/products/mobile-and-tablet/motorola-atrix-2-detail",suspicious
"www.impm.upel.edu.ve/Imagenes/impm.bin",suspicious
"http://www.develi.org.tr/index.php/resmler/item/193/asInline.html",suspicious
"http://coratradecenter.ro/catalog-produse/category/10/hartie-si-articole-din-hartie",suspicious
"http://lovettz.com/large-decorative-wall-clocks-for-sale/large-decorative-wall-clocks-black/",suspicious
"http://www.applausemovie.com/news/179-on-the-air-in-palm-springs",suspicious
"http://www.duplexindustrial.com.au/conveyor-belt-cleaner-system.html",suspicious
"http://www.abertosp.com/index.php?option=com_content&view=article&id=219:premiacao&catid=61:2013&Itemid=105",suspicious
"http://www.musimagen.com/index.php?option=com_content&view=article&id=7:cursos-talleres-y-seminarios&Itemid=66",suspicious
"http://apoiojur.com.br/index.php?%2FSobre-Nos%2Fequipe.html",suspicious
"http://www.trafficcontrolmky.com.au/index.php?option=com_content&view=article&id=49&Itemid=56",suspicious
"http://www.reisszwigge.com/index.php?option=com_user&view=remind",suspicious
"http://www.symedin.com/plus/feedback.php?aid=38&ftype=bad",suspicious
"http://www.alldayrec.co.uk/index.php?option=com_content&view=article&id=9&Itemid=49",suspicious
"http://www.e-bizafrica.co.za/index.php?option=com_user&view=reset",suspicious
"http://www.be-werber.de/index.php?option=com_impressum&view=impressum&Itemid=73",suspicious
"http://www.sciclubmarzocco.it/index.html?option=com_content&view=article&id=79:il-marzocco-che-non-ti-aspetti&catid=1:latest&Itemid=105&fontstyle=f-smaller",suspicious
"http://www.sportscity.co.th/index.php/Pro-Shop/index.html",suspicious
"http://www.jardinerie-beloeil.be/plantes/m/report_pl_m.html",suspicious
"http://spplodz.nazwa.pl/archiwum/2008_01a.php",suspicious
"http://www.kingsmillshotel.com/dining/baby-shower",suspicious
"http://www.karafarin1964.com/index.html",suspicious
"http://bon-dom.com/retseptyi-soleniy/solenie-tomatov",suspicious
"http://9779.info/%E8%8A%B1%E6%9C%B5%E6%AF%9B%E7%BA%BF%E8%B4%B4%E7%94%BB/",suspicious
"http://www.keve-kiserdo.hu/portal/index.php?option=com_content&view=article&id=500:rendhagyo-enek-ora-2013-0114-kiserd&catid=39:hirek&Itemid=191",suspicious
"http://www.speyerseminar.de/cms/index.php?option=com_content&view=article&id=251&Itemid=386",suspicious
"http://9779.info/%E6%A0%91%E5%8F%B6%E8%B4%B4%E7%94%BB%E4%BD%9C%E5%93%81/",suspicious
"http://www.sri-lanka-reisen.eu/galerie/6-sri-lanka-hotels/detail/210-gaestehaus-hikkaduwa-samanala-2.html?tmpl=component",suspicious
"http://www.artedesignsas.it/component/tag/ditavonteese.html",suspicious
"http://www.albondon.org/index.php/documentos/36-documentos/88-datos-del-paro-septiembre-2009-en-albondon?tmpl=component&print=1&layout=default&page=",suspicious
"http://www.schoolvoorontwikkeling.nl/wat-doen-we/trainingen/86-enneagram-procesmodel",suspicious
"http://www.sikobv.eu/nl.feed?type=atom",suspicious
"http://www.seckmauern.de/index.php?option=com_content&view=article&id=46&Itemid=54",suspicious
"http://www.capella.nl/index.php?fontstyle=f-smaller",suspicious
"http://bon-dom.com/bochki-i-zhbanyi-dlya-vina-vodki-i-konyaka/zhban-10l-na-podstavke",suspicious
"http://www.ninopizzaria.com.br/index.php?option=com_content&view=article&id=92:guarnicoes&catid=43:cardapio&Itemid=109",suspicious
"http://www.sandroecicero.com.br/index.html",suspicious
"http://www.plasmatreatment.co.uk/index.php/plasma-technology-overview?tmpl=component&print=1&page=",suspicious
"http://homeandawayapts.com/links/34-linkspage/7-amousedesign.html",suspicious
"http://hsv-deswalm.nl/index.php?option=com_agora&task=search&Itemid=62&lang=nl",suspicious
"http://www.colegiovalledelmiro.es/es/fs",suspicious
"http://skelbiucia.lt/transportas/paslaugos/sniego-valymas-kaune-865641801-57",suspicious
"http://theplumbingdoctor.net/electric-water-heaters/dux-electric-water-heaters.html",suspicious
"http://myhealthbrand.com/index.php?option=com_k2&view=itemlist&layout=user&id=62&task=user&Itemid=99&lang=bg",suspicious
"http://mueblescomuneros.com/recepcion/7-recepcion/detail/38-informa005.html?tmpl=component",suspicious
"http://www.fitnessequipmentworldok.com/strength?page=shop.product_details&flypage=flypage.tpl&category_id=8&product_id=59",suspicious
"http://emigrationrusse.com/index.php?option=com_content&view=article&id=1246&Itemid=696&lang=fr&limitstart=10",suspicious
"http://aciai.com.br/index.php?option=com_content&view=article&id=29&Itemid=35&fontstyle=f-smaller",suspicious
"http://www.zoo-bendick.de/x.txt",suspicious
"http://evra-international-inc.com/index.php?option=com_content&view=article&id=8&Itemid=2",suspicious
"http://www.enola.gr/sejeal.jpg",suspicious
"http://bon-dom.com/poleznyie-suveniryi",suspicious
"http://www.reyderocha.com.co/index.php?option=com_content&view=article&id=159:rey-de-rocha-volumen-39&catid=17:volumenes&Itemid=41",suspicious
"http://notiamazonia.com/index.php?view=article&catid=1:latest-news&id=1732:coronel-patricio-fuentes-es-nuevo-comandante-de-policia&tmpl=component&print=1&layout=default&page=",suspicious
"http://www.laconstanciaagro.com.ar/index.html",suspicious
"http://wangqiao365.com/e/wap/show.php?classid=1&id=14&style=0&cpage=0&cid=1&bclassid=0",suspicious
"http://www.tandemimmobilier.fr/index.php?option=com_contact&view=contact&id=1&Itemid=3",suspicious
"http://www.brunnentalhof.com/index.php?option=com_phocagallery&view=detail&catid=3:der-garten&id=6:phocathumbl112&Itemid=91&lang=de",suspicious
"http://loukilrenard.com/actualites/7-droit-du-travail/100-harcelement-moral",suspicious
"http://9779.info/%E5%B9%BC%E5%84%BF%E5%9B%AD%E4%B8%8D%E7%BB%87%E5%B8%83%E7%B2%98%E8%B4%B4%E7%94%BB/",suspicious
"http://www.knittedknots.com/index.php?option=com_virtuemart&page=shop.browse&category_id=14&Itemid=4",suspicious
"http://drogheriapreti.com/solventi-e-diluenti.html?tmpl=component&print=1&page=",suspicious
"http://www.imagepluslasvegas.com/radiesse.php",suspicious
"http://www.ikenmijnkunst.nl/index.php/component/content/article/1-exposities/30-kunstenaarscollectief-breskens-2011",suspicious
"http://www.thetunes.nl/music",suspicious
"http://goldenheart.com.mx/compra-de-oro/index.php?option=com_content&view=article&id=93&Itemid=224",suspicious
"http://www.fzg-eu.de/index.php?option=com_impressum&view=impressum&Itemid=55",suspicious
"http://www.twoshot.it/wp-content/plugins/cached_data/k1.exe",suspicious
"http://zimmermannmedia.com/index.php?option=com_content&view=article&id=69:new-thalys&catid=35:corporate&Itemid=57",suspicious
"http://www.tpsofficefurniture.co.uk/cafe-furniture/cafe-tables",suspicious
"http://www.masrealestate.it/index.php?view=article&id=2:cosa-facciamo&tmpl=component&print=1&layout=default&page=&option=com_content&Itemid=3&lang=it",suspicious
"http://kreuzleger.net/de/produkte/buchbinderei/rs-10s--12s.html",suspicious
"http://www.sgeo.net/index.php?option=com_docman&task=cat_view&gid=7&limit=10&limitstart=0&order=date&dir=ASC&Itemid=12",suspicious
""http://www.nordseemiete.de/nordfriesland/18-nordfriesland/1395-moderne-a-gemuetliche-fewo-500-m-zum-deich-mit-h.html?lang=de_DE.UTF-8,+de_CH.U"",suspicious
"http://www.ciifen-int.org/index.html",suspicious
"http://9779.info/%E5%B0%8F%E7%8F%AD%E5%B9%BC%E5%84%BF%E5%89%AA%E7%BA%B8%E8%B4%B4%E7%94%BB/",suspicious
"http://www.enolr.com/millerco.html",suspicious
"http://escritoriodealuguel.com.br/pt/empresa/quem-somos",suspicious
"http://mudanzas-lopez.com/pedir-presupuesto-a-tu-medida.html",suspicious
"http://www.petdogwash.com.br/index.php?option=com_mailto&tmpl=component&link=aHR0cDovL3d3dy5wZXRkb2d3YXNoLmNvbS5ici9pbmRleC5waHA%2Fb3B0aW9uPWNvbV9jb250ZW50JnZpZXc9YXJ0aWNsZSZpZD05MTpwcm9kdXRvcyZjYXRpZD00MzpwZXQtZG9nJkl0ZW1pZD03MQ==",suspicious
"http://www.stiltex-grandchef.it/index.php?option=com_content&view=article&id=22&Itemid=81",suspicious
"http://somotores.com/index.php/motores/category/8-motores-parciais",suspicious
"http://www.saleonline.com.au/shop-by-manufacturer/bmw-parts.html",suspicious
"http://royalfarm-eg.com/index.php?option=com_k2&view=item&id=27:grapes&Itemid=215&tmpl=component&print=1",suspicious
"http://dhc-sport.com/index2.php?option=com_virtuemart&page=shop.browse&category_id=27&Itemid=53&pop=1&tmpl=component",suspicious
"http://mudanzas-lopez.com/index.php",suspicious
"http://lol.hanihao.com/if.php?url=http%3A%2F%2Fimg5.imgtn.bdimg.com%2Fit%2Fu%3D2970978032%2C678468009%26fm%3D21%26gp%3D0.jpg",suspicious
"http://www.counterdata.com/count.php?page=255406&style=0505024&nbdigits=5",suspicious
"http://www.northcoastpost.de/index.php?view=article&catid=36:jugend&id=58:der-deich-brennt-und-schwimmt&tmpl=component&print=1&layout=default&page=&option=com_content&Itemid=55",suspicious
"http://enriclloret.com/index.php?option=com_content&view=article&id=1&Itemid=12&lang=es",suspicious
"http://shiloinc.com/index.php?option=com_contact&view=category&catid=12&Itemid=83",suspicious
"http://www.afotiadis.gr/index.php/specials",suspicious
"http://www.prismpgh.org/index2.php?option=com_events&Itemid=4&task=view_month&month=01&year=2013&pop=1",suspicious
"http://www.swaledaleroadrunners.co.uk/news/504-club-championship-2013",suspicious
"http://www.zibae.ir/index.php?option=com_content&view=article&id=655:-10-&catid=12:1389-09-29-07-43-30",suspicious
"http://www.bckeepfit.nl/index.php/home/club-nieuws?start=18",suspicious
"http://www.sanmarinosposi.com/index.php?option=com_content&view=article&id=186:wilma-ceramiche-2011&catid=35:la-casa-degli-sposi&Itemid=70",suspicious
"http://cegtabla.com/digitalis-nyomtatas",suspicious
"http://www.bonato.it/index.php?view=article&catid=2:documenti-pubblici&id=6:un-pensiero-per-oggi&tmpl=component&print=1&layout=default&page=",suspicious
"http://www.maler-graszk.de/index.php?option=com_content&view=article&id=53&Itemid=41",suspicious
"http://www.amilliondreams.eu/index.php?option=com_content&view=article&id=114:kinderen-bounty&catid=40&ml=1&Itemid=18&lang=nl",suspicious
"http://imgst-dl.meiliworks.com/pic/r/9c/49/0d6ac35c367fbf2ef87680a509e1_400_400.jpeg",suspicious
"http://www.mkcred.com.br/mkcred/index.php?view=article&id=1:a-empresa&tmpl=component&print=1&layout=default&page=&option=com_content&Itemid=2",suspicious
"http://coratradecenter.ro/catalog-produse/category/76/hartie-si-articole-din-hartie/rola-hartie-copiator",suspicious
"http://www.xpj5988.com/pages/novice/register.htm;jsessionid=A77C20A90C6790855CB2882AD06183ED",suspicious
"http://crystalspringsag.org/index.php?view=article&catid=17:pastor-category&id=17:messages&format=pdf&option=com_content",suspicious
"http://benchmarkms.com/projects/corporate/album/2/6",suspicious
"http://moustoir-ac.fr/les-associations.html",suspicious
"http://www.civelo.no/index.php?option=com_content&view=article&id=16:enkelt-og-greit&catid=14&Itemid=25&lang=sv",suspicious
"http://dualphone.cz/dp3088-faq/1",suspicious
"http://style.org.hc360.com/css/detail/mysite/siteconfig/pro_control.css",suspicious
"http://www.erbab.com/index.php?lang=en&option=com_content&Itemid=6",suspicious
"http://javadoplant.nl/fr.html?start=32",suspicious
"http://troikacapital.ru/novovvedeniya_v_polozheniyah_ob_assotsiatsiyah_souzah",suspicious
"http://9779.info/%E5%BA%9F%E7%89%A9%E5%88%A9%E7%94%A8%E5%89%AA%E8%B4%B4%E7%94%BB/",suspicious
"http://www.cuartoestudio.com/fotografias.html",suspicious
"http://puracolombia.com/contactus",suspicious
"http://www.auctionyourart.com/caroline-ashleighs-blog/161-this-just-in.html",suspicious
"http://www.diarco.com.pe/portal/index.php?option=com_content&view=article&id=23&catid=3&Itemid=12",suspicious
"http://www.graz4u.at/faq/weiterefragen/221-fax-dateien-koennen-nicht-gedruckt-werden.html",suspicious
"http://www.oshinkan.com/fr/component/jevents/day.listevents/2013/01/02/-.html",suspicious
"http://www.saborlatinosp.it/it/fotogallery/6-salsaweek-arbatax-2003/detail/24-villaggio-erikasandramassimodanielebarbara.html?tmpl=component",suspicious
"http://www.schoolvoorontwikkeling.nl/index.php?start=7",suspicious
""http://www.nordseemiete.de/bremerhaven.html?lang=de_DE.UTF-8,+de_CH.U"",suspicious
"http://www.alexanderstiftung.de/index.php?view=article&catid=14:publikationen&id=7:serie-alexander&format=pdf&option=com_content&Itemid=5",suspicious
"http://www.fjpengfei.com/newshow.asp?id=216&mnid=5079&classname=\271\372\304\332\320\302\316\305&uppage=%2Fnews.asp&banner=4",suspicious
"http://www.zibae.ir/index.php",suspicious
"http://www.yunnanguolv.com/Spot/List/List_23.html",suspicious
"http://3cf.ru/2015/03/04/boeviki-igil-otrezali-golovy-amerikanskomy-jyrnalisty/",suspicious
"http://psl.krotoszyn.com.pl/index.php?option=com_phocagallery&view=category&id=59:otwarcie-domu-ludowego-w-lutogniewie-22-czerwiec-2012r-&Itemid=54",suspicious
"http://scratchartstudio.com/index.php?option=com_content&view=article&id=47&Itemid=2",suspicious
"http://ecoledecoiffurecarolinelaprise.com/le-personnel/caroline-laprise.html",suspicious
"http://www.autoretro.it/touring.htm",suspicious
"http://sfhhz.com/contents/112/1402.html",suspicious
"http://www.sezioneanatreviso.it/index.php?option=com_mailto&tmpl=component&link=7a6ee774db0027ee79aad578557ca808db822b14",suspicious
"http://www.kretingosmuziejus.lt/apie-mus/muziejaus-istorija/59-supaprastintu-viesuju-pirkimu-taisykles",suspicious
"http://pscatm.com/index.php?option=com_contact&view=contact&id=36:conselho-local-de-accao-social-de-valpacos-clas&catid=60:parceirossociais&Itemid=76",suspicious
"http://svadebny.com/index.php?option=com_sobi2&catid=111&Itemid=700",suspicious
"http://grasslandhotel.com.vn/index.php/tours/culaochamtours/items/fbtrack.js",suspicious
"http://urbanplay.com.au/Normal/happy-customers.html",suspicious
"http://rus-master.com/\321%80ะตะผะพะฝ\321%82ะฝ\321%8Bะต-\321%80ะฐะฑะพ\321%82\321%8B/97-\321%80ะต\321%81\321%82ะฐะฒ\321%80ะฐ\321%86ะธ\321%8F-ะฒะฐะฝะฝ-ะฟะต\321%82ะต\321%80ะฑ\321%83\321%80ะณ.html",suspicious
"http://945wg.com/news/index.html?list_37_3.html",suspicious
"http://www.ikedojo.com.br/localizacao.html",suspicious
"http://www.natureevent.dk/firmaet.html?tmpl=component&print=1&page=",suspicious
"http://sailfisheurope.com/index.php?option=com_content&view=article&id=108&Itemid=99",suspicious
"http://9779.info/%E7%93%9C%E5%AD%90%E5%81%9A%E7%9A%84%E6%8B%BC%E8%B4%B4%E7%94%BB/",suspicious
"http://www.alorenademalaga.com/index.php/empresas-asociadas/catalogo-de-productos",suspicious
"http://www.psunion.co.th/2009-03-03-08-22-27",suspicious
"http://www.gammamac.it/component/virtuemart/index.html?page=shop.browse&keyword=26ghz",suspicious
"http://www.piessemoda.it/index.php?option=com_content&view=article&id=82&Itemid=89&lang=es",suspicious
"http://www.ok-styl.eu/index.php?option=com_content&view=article&id=174:okna-dachowe-skylight-premium&catid=41:rotator-news&lang=de",suspicious
"http://www.marketingendesign.nl/sprekers/158-dennis-flinterman",suspicious
"http://besibajasby.com/product/index.html",suspicious
"http://www.kinnaree.co.uk/index.php?option=com_content&view=article&id=78:fathers-day-dining-offer&catid=7:news&Itemid=23",suspicious
"http://schertzauto.com/wp-content/themes/NAPA%20AC%202014%20S/style.css",suspicious
"http://www.niobestudio.com/index.php/servicios-que-ofrecemos?tmpl=component&print=1&page=",suspicious
"http://www.briard-stark.de/termine/calendar.html?print=1&tmpl=component",suspicious
"http://www.easy-process.de/de/nachfolge-unterstuetzung.html",suspicious
"http://cumbriacounselling.com/counselling/couples",suspicious
"http://www.superlagoa.com.br/index.php?option=com_mailto&tmpl=component&link=6ad43b170fbd310d1ab52852f31f1c29389e41a3&lang=pt",suspicious
"http://www.dgcm.it/index.php/dgcm-carpenteria-metallica/yoomenu/Stampa.html",suspicious
"http://www.elektro-vozila.si/user/remind",suspicious
"http://www.ninopizzaria.com.br/index.php?option=com_mailto&tmpl=component&link=aHR0cDovL3d3dy5uaW5vcGl6emFyaWEuY29tLmJyL2luZGV4LnBocD9vcHRpb249Y29tX2NvbnRlbnQmdmlldz1hcnRpY2xlJmlkPTExMjp2aW5ob3MtYnJhbmNvcyZjYXRpZD00Nzp2aW5ob3MmSXRlbWlkPTYx",suspicious
"http://svadebny.com/index.php?option=com_content&view=article&id=1251&Itemid=602",suspicious
"http://stockmarketinvestingforbeginners.com/component/comments/2?task=rating.add&category_id=0&3bddcc897857dc3da1ca7eaf925f665e=1&redirect=Lz9mb250c3R5bGU9Zi1sYXJnZXI=&score=1.0",suspicious
"http://www.agathaprojetosocial.com.br/portal/index.php?option=com_content&view=article&id=2&Itemid=3",suspicious
"http://liegen-sitzen.de/schlafen/nackenstuetzkissen/211-traumfalter-das-geniale-nackenstuetzkissen?tmpl=component&print=1&layout=default&page=",suspicious
"http://buysellrentindubai.com/index.php?option=com_ezrealty&task=showprofile&id=63&Itemid=129",suspicious
"http://algiba.com/index.php?view=article&catid=50:pentes&id=96:calhas&tmpl=component&print=1&layout=default&page=&option=com_content&Itemid=165",suspicious
"http://www.welcoms.co.uk/sejeal.jpg",suspicious
"http://www.masrealestate.it/index.php?option=com_content&view=article&id=22&Itemid=11&lang=it",suspicious
"http://www.judycole.com.au/privacy",suspicious
"http://www.ayseteyze.com.tr/galer/video-galeri.html?start=8",suspicious
"http://grasslandhotel.com.vn/index.php/tours/culaochamtours/items/fbtrack.js",suspicious
"http://www.applausemovie.com/promotions/52",suspicious
"http://www.fritec.nl/index.php/contact",suspicious
"http://www.creuzadema.net/presentazione-baccini-canta-tenco",suspicious
"http://www.cms01.global-partners.co.jp/index.php?option=com_virtuemart&page=shop.tos",suspicious
"http://notebookreparatur24.com/index.php/notebook-service/notebook-werkstaetten/erlangen.html",suspicious
"http://my.b2b.hc360.com/my/turbine/action/favorites.FavoritesAction/eventsubmit_doAddinfonew/doAddinfonew",suspicious
"http://www.thetunes.nl/component/content/article/35-laatste-nieuws/170-humanity-insanity-in-sissy-boy-campagne",suspicious
"http://siaco.it/competenze/igienealimentare/45-contributi-certificazioni.html",suspicious
"http://stockmarketinvestingforbeginners.com/component/comments/2?task=rating.add&category_id=0&3bddcc897857dc3da1ca7eaf925f665e=1&redirect=Lw==&score=1.0",suspicious
"http://www.janke-baufinanzierungen.de/index.php?option=com_content&view=article&id=75&Itemid=26",suspicious
"http://www.mtb-bad-harzburg.de/index.php/video?tmpl=component&print=1&page=",suspicious
""http://www.gartmarine.ru/index.php?page=shop.ask&product_id=18&subject=\320%9Fะพะทะฒะพะฝะธ\321%82ะต,+\321%87\321%82ะพะฑ\321%8B+\321%83\321%82ะพ\321%87ะฝะธ\321%82\321%8C+\321%86ะตะฝ\321%83:+220+MTX-CC&option=com_virtuemart&Itemid=11"",suspicious
"http://www.arcolec.com/index.php?view=article&catid=36:jaslideshow2&id=54:building&tmpl=component&print=1&layout=default&page=&option=com_content&Itemid=56",suspicious
"http://www.sri-lanka-reisen.eu/10-gruende-fuer-sri-lanka/5-abenteuer-und-sport.html",suspicious
"http://www.nubiafarias.com/v1/index.html?option=com_lkyoutube&view=lkyoutube&Itemid=17&url=KYi2e9pJ8-Y",suspicious
"http://www.albondon.org/index.php/component/banners/click/12",suspicious
"http://www.brocantezussen.nl/index2.php?option=com_virtuemart&page=shop.tos&pop=1",suspicious
"http://www.pyrsostrom.gr/index.php?option=com_content&view=article&id=11&Itemid=19",suspicious
"http://www.lovas.cz/kontakt/kontaktni-formular.html",suspicious
"http://www.spbshkaf.ru/catalog/item/debora",suspicious
"http://cookingx2.com/component/content/section/2.html",suspicious
"http://www.hostrat.com/index.php?option=com_mailto&tmpl=component&link=aHR0cDovL3d3dy5ob3N0cmF0LmNvbS9pbmRleC5waHA%2Fb3B0aW9uPWNvbV9jb250ZW50JnZpZXc9YXJ0aWNsZSZpZD00MiUzQXBsZXNrJmNhdGlkPTMlM0FuZXdzZmxhc2gmSXRlbWlkPTM0",suspicious
"http://noscasamos2010.com/index.php?option=com_content&view=article&id=8:nosotros&catid=4",suspicious
"http://www.andriacambia.it/index.php?option=com_content&view=article&id=92:andriacambiait-on-line&catid=3:newsflash&Itemid=176",suspicious
"http://www.theater-of-changes.com/x.txt",suspicious
"http://coratradecenter.ro/catalog-produse/details/313/12/organizare-si-arhivare/mape-documente/mapa-plastic-erich-krause-a4-cu-capsa-opac-asortate",suspicious
"http://www.fzg-eu.de/x.txt",suspicious
"http://transtech-eco.pl/index.php?option=com_content&view=article&id=49&Itemid=1&limitstart=7",suspicious
"http://www.webconference.su/index.php?option=com_webconference&task=show_conference&id=41&Itemid=55",suspicious
"http://www.sportscity.co.th/index.php/Other/index.html",suspicious
"http://www.sportschule-neumann.de/index.php?option=com_mailto&tmpl=component&link=180d705a8600368f02d98bce6880f649800fac19",suspicious
"http://www.bjorklidensgolfklubb.se/git/utgangna.php",suspicious
"http://puracolombia.com/links",suspicious
"http://www.sgeo.net/index.php?option=com_k2&view=item&id=23:software-di-geologia-e-laboratorio&Itemid=1",suspicious
"http://www.koi-waterlife-centre.com/kwlcshop/component/joomgallery/1000-new-koi-coming-soon",suspicious
"http://deboerschilders.nl/index.php/projecten/2-vereniging-van-eigenaren/detail/17-zuidersingel-vve-10?tmpl=component",suspicious
"http://svadebny.com/index.php?option=com_content&view=article&catid=117&id=1266&Itemid=703",suspicious
"http://rabbikramerslegacy.com/tributes/stories-encounters?start=6",suspicious
"http://pantherma.eu/index.html?option=com_content&view=article&id=87:co-to-jest-gwarancja&catid=42&Itemid=91&lang=pl&fontstyle=f-smaller",suspicious
"http://www.geld-mit-devisenhandel.de/index.php/gewinn-machen.html",suspicious
"http://www.masseny.de/index.php?option=com_phocagallery&view=category&id=5:ehrenberg-2009&Itemid=39",suspicious
"http://www.strohmannzunft.de/index.php?option=com_weblinks&view=category&id=4:sigmaringendorfer-vereine&Itemid=10",suspicious
"http://www.bruecke-erding.de/index.php?option=com_content&view=article&id=75&Itemid=86",suspicious
"http://www.medicalpost.gr/index.php?option=com_content&view=article&id=168:2009-10-15-10-50-28&catid=23:2008-12-21-16-59-30&Itemid=101",suspicious
"http://www.papaceluma.ch/index.php/band",suspicious
"http://ardeex.com/index.php?option=com_mailto&tmpl=component&link=aHR0cDovL2FyZGVleC5jb20vaW5kZXgucGhwP29wdGlvbj1jb21fY29udGVudCZ2aWV3PWFydGljbGUmaWQ9NTUlM0FhbHBhY2EmY2F0aWQ9MzQlM0FhbGxnZW1laW4mSXRlbWlkPTImbGFuZz1kZQ==&lang=de",suspicious
"http://www.liceoparroquialsangregoriomagno.edu.co/index.php?option=com_content&view=article&id=57&Itemid=69",suspicious
"http://www.eca.edu.au/future-students/student-services/index.html",suspicious
"http://www.beriva.lt/index.html?di=aksesuarai",suspicious
"http://www.szabadmunkaero.hu/component/artbannersxtd/index.html?task=clk&id=15",suspicious
"http://www.magicmarcproductions.com/links.html",suspicious
"http://2duwo.com/index.php/de-audio?fontstyle=f-smaller",suspicious
"http://lasqc.com/index.php?option=com_jevents&task=day.listevents&year=2013&month=01&day=22&Itemid=128",suspicious
"http://farsgp.com/index.php?option=com_content&view=article&id=79&Itemid=95",suspicious
"http://bisaneema.org/wp-content/plugins/easy-media-gallery/includes/js/mootools/easymedia.js?ver=3.9.6",suspicious
"http://www.aibek.kz/index.php/the-news/3-newsflash/195-------google-search",suspicious
"http://butrading.com/index.php?page=shop.ask&product_id=217&subject=Call+for+Pricing:+sjaal+(login+voor+prijs)&option=com_virtuemart&Itemid=56&lang=en",suspicious
"http://www.real-house.nl/dj-charts/963-yass-may-2012.html",suspicious
"http://www.bcm-shop.de/home.html?page=shop.browse&category_id=209",suspicious
"http://51xiaowai.cn/member/index_do.php?fmdo=user&dopost=regnew",suspicious
"http://www.bonato.it/index.php?option=com_joomgallery&func=detail&id=6&Itemid=3",suspicious
"http://www.lacasadesirio.com/index.php?option=com_mailto&tmpl=component&link=aHR0cDovL3d3dy5sYWNhc2FkZXNpcmlvLmNvbS9pbmRleC5waHA%2Fdmlldz1kZXRhaWxzJmlkPTE2NyUzQUVxdWlsaWJyaW8mb3B0aW9uPWNvbV9ldmVudGxpc3Q=",suspicious
"http://www.umeataxi.se/index.php?option=com_mailto&tmpl=component&link=aHR0cDovL3d3dy51bWVhdGF4aS5zZS9pbmRleC5waHA%2Fb3B0aW9uPWNvbV9jb250ZW50JnZpZXc9YXJ0aWNsZSZpZD0xNDpwcmlzZXImSXRlbWlkPTY4",suspicious
"http://www.colegiovalledelmiro.es/en/oferta-educativa/escuela-infantil",suspicious
"http://www.portaflores.com/index.php?page=shop.product_details&flypage=flypage.tpl&product_id=77&category_id=1&option=com_virtuemart",suspicious
"http://www.smalbro.dk/free-postcards-21-30/751-free-postcard-with-heart-motive-022",suspicious
"http://www.construtoraelevacao.com.br/catalogo.1",suspicious
"http://www.xpj5988.com/skin/css/cn.css;jsessionid=A77C20A90C6790855CB2882AD06183ED",suspicious
"http://valedojauru.com.br/sema-aumenta-rigor-na-fiscalizacao/index.html",suspicious
"http://westvalleyfamilyclinic.com/index.php?option=com_mailto&tmpl=component&link=aHR0cDovL3dlc3R2YWxsZXlmYW1pbHljbGluaWMuY29tL2luZGV4LnBocD9vcHRpb249Y29tX2NvbnRlbnQmdmlldz1hcnRpY2xlJmlkPTE6YWJvdXQtd2VzdC12YWxsZXktZmFtaWx5LWNsaW5pYyZjYXRpZD03OmFib3V0Jkl0ZW1pZD0xMQ==",suspicious
"http://www.mycitystore.in/wp-includes/70187978dca46b3c15d58b15d045a3f0",suspicious
"http://extrememortgagesolutions.com.au/residential-loans/3-ems-residential-home-loan-full-doc.html",suspicious
"http://www.strohmannzunft.de/index.php?view=article&catid=6:saison-2011-2012&id=24:vilsingen-2012&tmpl=component&print=1&layout=default&page=&option=com_content&Itemid=25",suspicious
"http://sibrc.org/news/news_12.html",suspicious
"http://www.shekinahphotography.co.za/index.php?option=com_rsgallery2&page=inline&id=306&catid=2&Itemid=5",suspicious
"http://dypreprint.com/flDetails_64.html",suspicious
"http://www.sri-lanka-reisen.eu/galerie/category/9-sri-lanka-pinawela.html",suspicious
"http://www.nancysdancefashion.nl/index.php?view=article&catid=1:algemeen&id=14:stand-a-beurzen&tmpl=component&print=1&layout=default&page=&option=com_content&Itemid=12",suspicious
"http://martinprothero.com/index.php/gallery/1/54?tmpl=component",suspicious
"http://comarcabrasil.com.br/index.php/mesa-redonda/150-novos-lancamentos-da-editora-gen-editora-metodo",suspicious
"http://www.botoxina.com/index.html",suspicious
"http://www.vakantiehuislereve.nl/index.php?option=com_content&view=article&id=66:bezinningsweek&catid=35&Itemid=78&vsig66_0=0",suspicious
"http://www.pedalecesenateciclineri.org/index.php?option=com_contact&view=category&catid=0&Itemid=45",suspicious
"http://www.ilovespeedbumps.com/why-is-simply-extracting-automobile/",suspicious
"http://9779.info/%E6%BC%82%E4%BA%AE%E5%A2%99%E7%BA%B8%E8%B4%B4%E7%94%BB/",suspicious
"http://mp3-pesnja.com/song/%D1%81%D0%BD%D1%83%D0%BF+%D0%B4%D0%BE%D0%B3+%D0%B2%D0%B8%D0%B3%D1%83+%D0%B2%D0%B8%D0%B3%D1%83+%D0%B2%D0%B8%D0%B3%D1%83",suspicious
"http://www.ikedojo.com.br/japao-2012.html",suspicious
"http://s-tab.ru/portfolio/4-2010-07-05-04-46-02/detail/1074-h52.html?tmpl=component&detail=0&buttons=1",suspicious
"http://thai-liveaboard.com/index.php?option=com_thailiveaboard&view=divesites&seaid=1&sid=6&primloc=Myanmar+Area&lang=en",suspicious
"http://www.confar.it/index.html",suspicious
"http://www.swaledaleroadrunners.co.uk/news/race-reports/496-eskdale-eureka-2012",suspicious
"http://dyetr.com/index.php?option=com_mailto&tmpl=component&link=aHR0cDovL2R5ZXRyLmNvbS9pbmRleC5waHA%2Fb3B0aW9uPWNvbV9jb250ZW50JnZpZXc9YXJ0aWNsZSZpZD04ODpkdW55YS1jb2N1a2xhci1ndWVudWUmY2F0aWQ9NDI6aGFiZXJsZXI=",suspicious
"http://www.tipulsini.co.il/index.php?option=com_content&view=article&id=76:-venlafaxine-&catid=36:arc&Itemid=57",suspicious
"http://www.bonanni.com.au/sejeal.jpg",suspicious
"http://polskizwiazekpokera.org/index.php?option=com_poker&view=player&player_id=305",suspicious
"http://www.szabadmunkaero.hu/hirek/munkaerpiaci-hirek/267-atlag-alatti-berek-az-egeszseguegyben.html",suspicious
"http://www.windwolke.de/x.txt",suspicious
"http://www.cpimoto.ru/artaragonclub",suspicious
"http://emigrationrusse.com/index.php?limitstart=4&lang=ru",suspicious
"http://neues-atelierhaus-panzerhalle.de/archiv/2011.html",suspicious
"http://www.keve-kiserdo.hu/portal/index.php?option=com_content&view=category&layout=blog&id=39&Itemid=191&limitstart=40",suspicious
"http://iremshrine.org/component/jevents/icalrepeat.detail/2012/03/27/171/97/board-of-directors-meeting",suspicious
"http://www.negentis.com/prodotti?tmpl=component&print=1&page=",suspicious
"http://schattle.de/news-mainmenu-46/51-website-berthold-hemmen-veroeffentlicht.html",suspicious
"http://www.ambiani.nl/diensten/vergaderruimte-brabant/71-kraamfeest-organiseren.html",suspicious
"http://www.forumdetregastel.fr/nous-trouver/45-news-bon-cadeau.html",suspicious
"http://www.prefina.it/component/mailto/index.html?tmpl=component&link=a5bc879487d24ab8f7fd86dfe523044f13730e18",suspicious
"http://onlineigri.net/all-games/kiz-totemaku",suspicious
"http://virgiliogomes.com/livros/69-caffe-amore-",suspicious
"http://www.transportheker.com/index2.php?option=com_facileforms&Itemid=12&ff_form=24&ff_applic=mod_facileforms&ff_module_id=48&format=html&ff_frame=1",suspicious
"http://crystalspringsag.org/index.php?view=article&catid=16:crystal-springs-info&id=54:our-beliefs&tmpl=component&print=1&layout=default&page=&option=com_content&Itemid=122",suspicious
"http://www.bkr-laserscanning.de/index.php?option=com_mailto&tmpl=component&link=aHR0cDovL3d3dy5ia3ItbGFzZXJzY2FubmluZy5kZS9pbmRleC5waHA%2Fb3B0aW9uPWNvbV9jb250ZW50JnZpZXc9YXJ0aWNsZSZpZD01NzpoYXVzdGVjaG5payZjYXRpZD00MTppbmhhbHRlJkl0ZW1pZD02MA==",suspicious
"http://www.klinghammer.com/de/bilder-a-videos/maschinen/fuer-runde-dosen/sia-180-bildergalerie",suspicious
"http://9779.info/%E5%BA%9F%E6%97%A7%E6%8A%A5%E7%BA%B8%20%E6%8B%BC%E8%B4%B4%E7%94%BB/",suspicious
"http://chinesevie.com/index.php?option=com_weblinks&view=category&id=63&Itemid=60&lang=en",suspicious
"http://www.viaggiareinirlanda.net/faq/quali-compagnie-di-auto-noleggio-mi-consigliate-per-visitare-lirlanda.html",suspicious
"http://www.sportschule-neumann.de/index.php?view=article&catid=2:seminare&id=4:kompaktes-selbstverteidigungsseminar-und-kampftechniken-fuer-unternehmer-manager-und-fuehrungskraefte&tmpl=component&print=1&layout=default&page=&option=com_content&Itemid=8",suspicious
"http://www.qmcweb.com.br/index.php?option=com_jevents&task=day.listevents&year=2013&month=01&day=05&catids=38|34&Itemid=1&lang=pt",suspicious
"http://roval.com/special_prod.htm",suspicious
"http://www.auter.co.rs/index.php?option=com_content&view=article&id=49:elektromotorni-pogoni&catid=35:home-category",suspicious
"http://www.liceoparroquialsangregoriomagno.edu.co/index.php?option=com_phocagallery&view=detail&catid=1:proceso-a-y-c&id=2:quejasyreclamos&tmpl=component&phocadownload=1&Itemid=80",suspicious
"http://www.jack-russell-terrier.it/index.html",suspicious
"http://iosges.com/index.php/nss-web-productos/nss-web-art-gesco?change_font=decrease",suspicious
"http://www.uspenie.info/home/orthodox-culture/2011-12-04-07-37-52.html",suspicious
"http://www.bckeepfit.nl/index.php/agenda/competitie-teams/keep-fit-3",suspicious
"http://www.host.hostenx.com/index.php/component/mailto/index.html?tmpl=component&link=53d6def1a02b3dbb1c7c402bd49a8bd0c789921f",suspicious
"http://fischereiverein.org/bildergalerie/category/39-anfischen-teil-ii-160410",suspicious
"http://www.feuer-wehr.de/index.php?view=article&catid=27:einsatzabteilung&id=313:an-365-tagen-sind-wir-ehrenamtlich-fuer-sie-da&tmpl=component&print=1&layout=default&page=&option=com_content&Itemid=66",suspicious
"http://www.werderfan-fahrten.de/index.php?option=com_phocagallery&view=detail&catid=5:saison-1011-rueckrunde&id=138:mainz-werder-2010-11-f1&tmpl=component&Itemid=63",suspicious
"http://www.popconcepts.com/portfolio/brooks-sports.html",suspicious
"http://www.connexion3.gr/en/news/35-neo-e-shop-andelegr-sto-xwro-twn-farmakeiwn",suspicious
"http://leaderinfife.org/index.php?option=com_contact&view=contact&id=15:youth-1st&catid=44:lag-members&Itemid=74",suspicious
"http://9779.info/%E5%B0%8F%E7%8F%AD%E5%B9%BC%E5%84%BF%E5%89%AA%E7%BA%B8%E8%B4%B4%E7%94%BB/",suspicious
"http://www.sek.com.gr/index.php?option=com_content&view=article&id=41&Itemid=38",suspicious
"http://www.academiedumeuble.ca/index.php?option=com_contact&view=contact&id=1&Itemid=53",suspicious
"http://www.sweethome.com.gr/index.php?option=com_estateagent&act=object&task=showEO&id=740",suspicious
"http://www.mueblesjoval.cl/index.php?option=com_morfeoshow&task=view&gallery=37&Itemid=41",suspicious
"http://www.academiedumeuble.ca/index.php?option=com_seminar&task=3&cid=588&Itemid=69&sem_midx=1&sem_jidx=0",suspicious
"http://www.natureandart.ch/shop/bilder",suspicious
"http://asociacionkaribu.org/index.php/karibu/quienes-somos/315-karibu-finalista-de-los-premios-puerta-de-hierro",suspicious
"http://www.pensiiilfov.ro/index.php?view=article&catid=44:bilete-de-tratament&id=71:bilete-tratament&tmpl=component&print=1&layout=default&page=&option=com_content&Itemid=211",suspicious
"http://www.ruralyouthwa.org.au/index.php?option=com_content&view=category&layout=blog&id=10&Itemid=1",suspicious
"http://apechemy.fr/index.php/ecole/gouters-maternelles?layout=default",suspicious
"http://www.musimagen.com/index.php?option=com_content&view=article&id=7&Itemid=66",suspicious
"http://www.osmcanada.org/index.php?view=article&id=5:degrees&tmpl=component&print=1&layout=default&page=&option=com_content&Itemid=6",suspicious
"http://siepp.com/index.php?option=com_sobi2&catid=108",suspicious
"http://www.novaravanni.com/index.php?option=com_content&view=category&id=5&Itemid=12",suspicious
"http://sagivlaw.com/index.php?option=com_content&view=article&id=24:2010-07-14-23-25-33&catid=10&Itemid=4",suspicious
"http://www.elektro-vozila.si/motocikli/novice/energica-prvi-italijanski-elektricni-sportni-motor",suspicious
"http://fischereiverein.org/bildergalerie/category/78-tag-der-vereine-2011",suspicious
"http://goi.net.br/index.php?Itemid=53&option=com_properties&view=properties&sid=4:&lid=19:&lcid=45",suspicious
"http://www.yuehui001.com/meibaizhishi/232.html",suspicious
"http://www.botoxina.com/index.php/contact-us.html",suspicious
"http://dypacking.com/en/sb.html",suspicious
"http://citilinkmoneyexchange.com.au/index.html?page_id=39",suspicious
"http://www.musimagen.com/lista_socios.php?pagina=11&letra=",suspicious
"http://www.suiteorchestra.it/index.php?option=com_content&view=article&id=87:child-item&catid=48:eventi-passati&Itemid=125&lang=en",suspicious
"http://www.bdyey.com/uploadfile/jpg/2014-12/20141224142553689.jpg",suspicious
"http://www.twocircles.co.uk/index.php?option=com_fwgallery&view=image&id=457:dsc-0690-1152x768&Itemid=18",suspicious
"http://florsiris.com/index.php?option=com_jevents&task=day.listevents&Itemid=59&year=2013&month=01&day=02",suspicious
"http://vision-dental.com/index.php?phpMyAdmin=a1ddbf3514b3bc04f9917f091ee7ad66&option=com_content&Itemid=1",suspicious
"http://www.ttc-fuchsstadt.de/index.php?view=category&catid=4&option=com_joomgallery&Itemid=67",suspicious
"http://www.plumtreegolf.com/golf/course-tour/25-hole-15",suspicious
"http://www.twocircles.co.uk/index.php?option=com_fwgallery&view=image&id=134:img-9900&Itemid=18",suspicious
"http://www.forelderij.nl/index.php/ct-menu-item-27/ct-menu-item-31",suspicious
"http://www.yunnanguolv.com/Abroad/List/List_94.html",suspicious
"http://westvalleyfamilyclinic.com/index.php?option=com_content&view=article&id=7:welcome-to-west-valley-family-clinic&catid=5:homepage&Itemid=17",suspicious
"girlhistory.ru",suspicious
"http://www.aquamarinadivingtenerife.com/en/guest-book/372-19-november-bruce.html",suspicious
"http://www.amexcompany.com.br/index.php?option=com_content&view=article&id=71&Itemid=60",suspicious
"http://australasiansocceracademy.com.au/soccer/index.php?option=com_content&view=category&layout=blog&id=1&Itemid=66&lang=en&limitstart=35",suspicious
"http://shantasells.com/around-town/76-wake-forest",suspicious
"http://www.korexshop.sk/index.php?option=com_user&task=register",suspicious
"http://frank-sauer.com/index.php?option=com_content&view=article&id=48&Itemid=37",suspicious
"http://www.sikobv.nl/en/component/content/article/118-ml.html",suspicious
"http://guidartes.com/index.php?page=shop.product_details&category_id=144&flypage=flypage_images.tpl&product_id=806&option=com_virtuemart&Itemid=10083",suspicious
"http://www.trenker-bestattungen.de/index.php?option=com_content&view=category&id=10&Itemid=24",suspicious
"http://www.afotiadis.gr/index.php/electric",suspicious
"http://www.lacasadesirio.com/index.php?option=com_mailto&tmpl=component&link=aHR0cDovL3d3dy5sYWNhc2FkZXNpcmlvLmNvbS9pbmRleC5waHA%2Fdmlldz1kZXRhaWxzJmlkPTE2MyUzQUFudG9mYWdhc3RhJm9wdGlvbj1jb21fZXZlbnRsaXN0",suspicious
"http://www.ccent.com.au/index.php?view=article&catid=44:whole-lotta-love&id=189:since-ive-been-loving-you-2010-video&tmpl=component&print=1&layout=default&page=",suspicious
"http://www.ttc-fuchsstadt.de/index.php?view=category&catid=6&page=4&catpage=1&option=com_joomgallery&Itemid=67",suspicious
"http://www.711100.com/app/member/main.php?uid=guest&langx=en&page_site=ball",suspicious
"http://itport.com.ua/technologii/ukraina-v-liderach-po-kompiuternomu-piratstvu",suspicious
"http://www.skshu.com.cn/health_life/games2.aspx",suspicious
"http://www.szabadmunkaero.hu/component/user/reset.html",suspicious
"http://westwindwebdesign.com/online-marketing/35-is-content-marketing-for-you.html",suspicious
"http://www.saigontrangsuc.com.vn/Cham-Soc-Da/Nang-Kem-chong-nang-Nhung-dieu-quan-trong-can-biet.html",suspicious
"http://pic.chnkid.com/attachment/forum/201106/18/085917ijf3ii3q7oofj5lj.jpg",suspicious
"http://9779.info/%E7%A2%8E%E5%B8%83%E5%A4%B4%E5%88%B6%E4%BD%9C%E8%B4%B4%E7%94%BB%E6%95%99%E7%A8%8B/",suspicious
"http://www.fjpengfei.com/newshow.asp?id=220&mnid=5079&classname=\271\372\304\332\320\302\316\305&uppage=%2Fnews.asp&banner=4",suspicious
"http://9779.info/%E5%85%B3%E4%BA%8E%E5%A4%A9%E6%B0%94%E7%9A%84%E5%89%AA%E8%B4%B4%E7%94%BB/",suspicious
"http://www.alviksby.se/index.php?option=com_content&view=section&id=10&Itemid=24&format=feed&type=rss",suspicious
"http://www.niobestudio.com/index.php/component/mailto/index.html?tmpl=component&link=aHR0cDovL3d3dy5uaW9iZXN0dWRpby5jb20vaW5kZXgucGhwL29mZXJ0YXMteS1wcm9tb2Npb25lcw==",suspicious
"http://mascoterossolidarios.org/index.php?option=com_kunena&view=entrypage&defaultmenu=458",suspicious
"http://haktari.com/index.php?option=com_content&view=article&id=87&Itemid=160",suspicious
""http://pembrokeshire-farm-cottages.co.uk/component/option,com_rentalotplus/Itemid,11/call_type,1/controller,enquiry/currency,GBP/datefrom,2012-05-05/dateto,2012-05-12/task,display/unit_id,1/index.html"",suspicious
"http://bjpgqsc.com/jypt/class/?0.html&page=4&showtj=&showhot=&key=",suspicious
"http://consumers-insuranceagency.com/index.php?option=com_content&view=article&id=3:welcome-to-consumers-insurance-agency",suspicious
"http://9779.info/%E6%89%8B%E5%B7%A5%E5%8D%A1%E7%BA%B8%E5%88%BA%E7%8C%AC%E5%89%AA%E8%B4%B4%E7%94%BB/",suspicious
"http://www.hubbards.com.au/search.htm?searchphrase=exact&searchword=senior",suspicious
"http://www.windmillag.com.au/toys-and-merchandise/164-scale-replicas.1",suspicious
"http://www.skirennlauf.de/index.php?option=com_virtuemart&Itemid=130",suspicious
"http://www.natursteinteppich-prangenberg.at/index.php?option=com_content&view=article&id=9&Itemid=32",suspicious
"http://www.abovestandard.nl/marbella-beschikbaarheid",suspicious
"http://www.insel-schuetzen.de/index.php?option=com_weblinks&view=categories&Itemid=48",suspicious
"http://missionpartner.dk/index.php?option=com_mailto&tmpl=component&link=aHR0cDovL21pc3Npb25wYXJ0bmVyLmRrL2luZGV4LnBocD9vcHRpb249Y29tX2NvbnRlbnQmdmlldz1hcnRpY2xlJmlkPTEwMDp0aGUtYm95cy1kb3JtaXRvcnktZmxvb2RlZC1iZWNhdXNlLW9mLXJhaW4mY2F0aWQ9MTpsYXRlc3QtbmV3cyZJdGVtaWQ9MTg=",suspicious
"http://silca02.it/confezioni-scatole/porta-paste/vaschette",suspicious
"http://www.ifk-motion.dk/index.php?view=article&catid=35:kommende-lob&id=51:20-august-2009-ifk-brutal-cross&tmpl=component&print=1&layout=default&page=&option=com_content&Itemid=54",suspicious
"http://supergorod.ru/index.php?view=article&catid=4:izdan&id=6:2010-08-04-17-15-57&tmpl=component&print=1&layout=default&page=",suspicious
"http://www.kdw-nettetal.de/index.php/programm-2013/106-schlosshof-konzert-2013.html",suspicious
"http://niedoba-assoc.com/index.php?option=com_content&view=article&id=109&Itemid=168",suspicious
"http://www.kadernictvi-uherskybrod.cz/produkty/pece-o-vlasy.html",suspicious
"http://www.pc50.de/index.php?option=com_content&view=article&id=18:software",suspicious
"http://www.osn-solutions.nl/index.php/nl/contact",suspicious
"http://www.zaehringer.org/index.php?option=com_content&view=article&id=51&Itemid=81",suspicious
"http://www.cresco.com.hk/index.html",suspicious
"http://www.mirakelkursen.org/artiklar-om-ekim/60-resan-till-facim",suspicious
"http://australasiansocceracademy.com.au/soccer/index.php?option=com_content&view=article&id=63:coches&catid=34:static&Itemid=84&lang=en",suspicious
"http://www.acosmotta.com.br/index.php/pt.1",suspicious
"http://www.unfallhilfe-bayern.de/index.php/component/banners/click/5",suspicious
"http://www.liceoparroquialsangregoriomagno.edu.co/index.php?option=com_phocadownload&view=sections&Itemid=74",suspicious
"http://www.youtube.com/embed/9wCygJtW_SQ?rel=0&showinfo=0&autoplay=1",suspicious
"http://shantasells.com/blog/daily-realtor-news",suspicious
"http://crystalspringsag.org/index.php?option=com_content&view=article&id=18&catid=16&Itemid=116",suspicious
"http://www.bbs1wob.de/neuigkeiten/12-aktuelles/31-ballsporttag-der-berufsfachschulen.html",suspicious
"http://sls.org.cn/Pages/Catalog.aspx?lm=0104",suspicious
"http://9779.info/%E8%8E%B7%E5%A5%96%E6%A0%91%E5%8F%B6%E8%B4%B4%E7%94%BB%E4%BD%9C%E5%93%81/",suspicious
"http://www.holidayclub-mtb.com/holiday/index.html",suspicious
"http://www.e-komotini.gr/index.php?option=com_mtree&task=viewlink&link_id=340&Itemid=1",suspicious
"http://www.domusviatoris.com/index.php?option=com_mailto&tmpl=component&link=aHR0cDovL3d3dy5kb211c3ZpYXRvcmlzLmNvbS9pbmRleC5waHA%2Fb3B0aW9uPWNvbV9rMiZ2aWV3PWl0ZW0maWQ9Nzc6aGFiMS0yJkl0ZW1pZD03",suspicious
"http://www.briard-stark.de/links.html",suspicious
"http://www.belmontbaptistchurch.com/index.php?option=com_wpmu&blog_id=1&p=15&Itemid=259",suspicious
"http://www.job.ph/index.php?option=com_content&view=article&id=5&Itemid=10",suspicious
"http://www.evasteinberger.at/de/erfolge/46-turniere2010.html",suspicious
"http://www.prismpgh.org/component/events/index.html?task=view_day&year=2012&month=01&day=02",suspicious
"http://s10.cdn.deahu.com/jingyan/image_cluster/2015-04-09/21/6638885_D63F77E2507432CA8BB6827E50B38F23.jpg",suspicious
"http://www.brigitte-koischwitz.de/index.php?option=com_tag&task=tag&tag=bad+endbach",suspicious
"http://chinesevie.com/index.php?option=com_content&view=article&id=154%3Asi-ma-guang-za-gang&catid=55%3Areading&Itemid=275&lang=en",suspicious
"http://www.ccimb.com.br/noticias/ccimb-na-midia/89-camara-de-comercio-e-industria-mulcumana-e-inaugurada-em-sp.html",suspicious
"http://www.korexshop.sk/index.php?option=com_content&view=article&id=1&Itemid=73",suspicious
"http://www.farmaciaspengler.com.br/index.php?option=com_content&view=section&layout=blog&id=2&Itemid=3",suspicious
"http://www.smalbro.dk/free-postcards-31-40/1017-free-postcard-with-heart-motive-039",suspicious
"liceulogoga.ro",suspicious
"http://theplumbingdoctor.net/gas-storage.html",suspicious
"http://www.pols.gr/index.php?option=com_virtuemart&page=shop.browse&category_id=109&Itemid=3&lang=el",suspicious
"http://jville.ind.br/equipamentos",suspicious
"http://thai-liveaboard.com/index.php?option=com_thailiveaboard&view=courses&Itemid=7&lang=ru",suspicious
"http://szgs.ru/index.html",suspicious
"http://www.norzwebmarketing.com/glossario/keyword",suspicious
"http://www.dolcevino.it/index.php?view=weblink&catid=2:enoteca-link&id=2:wikipedia&option=com_weblinks&Itemid=125",suspicious
"http://www.hillview.com.cy/component/tpresto/item/26-crispy-roast-duck.html",suspicious
"http://www.lontechshop.co.uk/cpus.html",suspicious
"http://iranrad.ir/index.php?option=com_user&view=remind",suspicious
"http://www.frieslandpokal.de/index.php?option=com_phocadownload&view=category&id=7:frieslandpokal_2010&Itemid=3",suspicious
"http://www.intocht-simpelveld.nl/images/banners/vianny_s_jam_relish_chutney_en_meer.jpg",suspicious
"http://mzracing.sk/index.php?page=shop.product_details&category_id=173&flypage=flypage.tpl&product_id=781&option=com_virtuemart&Itemid=19",suspicious
"http://www.minhasgerais.com/index.php?option=com_content&view=article&id=32:serro&catid=4:o-que-fazer&Itemid=6",suspicious
"http://danielfabri.com.ar/obras-rosario-paseo/index.html",suspicious
"http://www.masseny.de/index.php?option=com_phocagallery&view=detail&catid=14:ehrenberg-2010&id=600:p7231794-800x600&tmpl=component&Itemid=39",suspicious
"http://www.enventureonline.com/services/electronic-design/pcb-design-services.html",suspicious
"http://www.hubbards.com.au/search.htm?searchphrase=exact&searchword=bridging",suspicious
"http://www.ninopizzaria.com.br/index.html",suspicious
"http://www.diarco.com.pe/portal/index.php?option=com_content&view=article&id=11&catid=4&Itemid=9",suspicious
"http://www.aborrn.org.br/index.php?option=com_content&view=article&id=71:23092011-dr-weber-ursi-limite-das-compensacoes-ortodonticas&catid=47:cursos&Itemid=110&lang=pt",suspicious
"http://www.richpictures.co.uk/home/userblog/62",suspicious
"http://www.dtxzx.net/view.asp?id=562",suspicious
"http://www.multisolexpress.com.br/index.php?option=com_content&view=section&id=9&Itemid=2",suspicious
"http://www.prosuzdal.ru/index.php/posmotret-v-suzdale/37-dostoprimechatelnosti-suzdal/56-pokrovsky-monastyr-suzdal.html",suspicious
"http://www.alberi.com.br/seres-vivos/14",suspicious
"http://siepp.com/index.php?option=com_sobi2&catid=48&Itemid=56",suspicious
"http://ihostingthailand.com/index.php/template-joomla-os-commerce?start=5",suspicious
"http://www.plasmatreatment.co.uk/index.php/contact-us",suspicious
"http://www.k-9.com/forms/form-contact.php",suspicious
"http://www.petdogwash.com.br/index.php?option=com_virtuemart&Itemid=44",suspicious
"http://www.synshaltk.dk/index.php?option=com_content&view=article&id=77:minister-sylter-sikkerheden&catid=38:nyheder&Itemid=98",suspicious
"http://www.tochnogopvakantie.nl/reizen/t-Autovakantie+Belgisch+Limburg+Mooi+Zutendaal.html",suspicious
"http://viajesyexcursionesengil.com/index.php?option=com_content&view=article&id=73&Itemid=6",suspicious
"http://9779.info/%E5%A2%99%E5%A3%81%E8%B4%B4%E7%94%BB%E6%95%88%E6%9E%9C%E5%A4%A7%E5%9B%BE/",suspicious
"http://hsv-deswalm.nl/index.php?option=com_jcalpro&Itemid=87&extmode=cal&date=2013-02-01&lang=nl",suspicious
"http://www.bruynzeelmultipanel.be/index.php?option=com_content&view=article&id=18&Itemid=103",suspicious
"http://www.evasteinberger.at/de/berichte-2012/97-uniga-ladies-open.html",suspicious
"http://www.haciendadelastorres.com.mx/index.php?ind=4",suspicious
"http://mzracing.sk/index.php?page=shop.product_details&category_id=390&flypage=flypage.tpl&product_id=2167&option=com_virtuemart&Itemid=19",suspicious
"http://www.horizonte-hospizverein.de/index.php?option=com_jevents&view=month&layout=calendar&Itemid=126",suspicious
"http://www.enseignementlibremarche.be/menuinterne.htm",suspicious
"http://asv-rilchingenhanweiler.de/index.php?option=com_content&view=article&id=50&Itemid=27",suspicious
"http://babaci.fr/index.php?view=properties&id=3:appartement&option=com_jea&Itemid=37",suspicious
"http://www.bckeepfit.nl/index.php/home/club-nieuws?start=24",suspicious
"http://www.ok-styl.eu/index.php?option=com_content&view=article&id=181:parapety-pcv&catid=42:parapety-wewetrzne&Itemid=218&lang=pl",suspicious
"http://www.acranes.com/index.php?option=com_sobi2&sobi2Task=sobi2Details&sobi2Id=292&Itemid=71",suspicious
"http://www.twalogisticsltd.co.uk/company.html",suspicious
"http://www.bfgmek.no/index.php?option=com_content&view=article&id=21&Itemid=25",suspicious
"http://www.brocantezussen.nl/index.php?option=com_content&view=category&layout=blog&id=14&Itemid=8&limitstart=40",suspicious
"http://clinicavisualiza.com/es/publicaciones/articulos-periodisticos/22-prensa.html",suspicious
"http://www.imoconcept.de/index.php?view=article&id=50:finanzierung-mit-der-huettig-a-rompf-ag&tmpl=component&print=1&layout=default&page=&option=com_content&Itemid=76",suspicious
"http://www.vetquality.com.br/parcerias",suspicious
"http://www.capella.nl/nl/bestellen/algemene-voorwaarden.html",suspicious
"http://9779.info/%E8%8F%A0%E8%90%9D%E7%B2%98%E8%B4%B4%E7%94%BB/",suspicious
"http://www.oratoriosanfelipeneri.com.mx/oratorio/oratorio-san-felipe-neri.html?font-size=larger",suspicious
"http://www.abertosp.com/index.php?view=article&catid=35:demo-category&id=256:cerretani-e-shamasdin-conquistam-titulo-de-duplas&tmpl=component&print=1&layout=default&page=&option=com_content&Itemid=88",suspicious
"http://www.allaroundrental.com/index.php?option=com_virtuemart&page=shop.browse&category_id=11&Itemid=51",suspicious
"http://trubeats.com/free-beats.html?fontstyle=f-larger",suspicious
"http://www.covetraining.com.au/worksafe-victoria-courses/forklift",suspicious
"http://www.latablepaysanne.fr/index.php?option=com_content&view=article&id=10&Itemid=8",suspicious
"http://patrikcase.com/index.php?option=com_virtuemart&Itemid=33",suspicious
"http://www.atenix.com/component/proforms/contactar/contactar-2.html",suspicious
"http://www.malin-kh.cz/index.php?view=article&catid=38:zpravy&id=149:zapis-z-jednani-osadniho-vyboru-dne-211-2012&tmpl=component&print=1&layout=default&page=",suspicious
"http://www.khd.at/index.php?option=com_rsgallery2&page=inline&id=148&Itemid=7",suspicious
"http://www.klinghammer.com/en/machines/canmaking-machines",suspicious
"http://www.umeataxi.se/index.php?option=com_mailto&tmpl=component&link=aHR0cDovL3d3dy51bWVhdGF4aS5zZS9pbmRleC5waHA%2Fb3B0aW9uPWNvbV9jb250ZW50JnZpZXc9YXJ0aWNsZSZpZD0yMTprb250YWt0Jkl0ZW1pZD0xNg==",suspicious
"http://notebookreparatur24.com/index.php/notebook-service/notebook-werkstaetten/augsburg.html",suspicious
"http://www.ekwdesign.de/referenzen/corporate-design/245.html",suspicious
"http://www.allaroundrental.com/index.php?option=com_virtuemart&page=shop.browse&category_id=37&Itemid=36",suspicious
"http://www.superlagoa.com.br/index.php?option=com_content&view=article&id=299&Itemid=251&lang=pt",suspicious
"http://9779.info/%E4%B8%B0%E6%94%B6%E5%89%AA%E8%B4%B4%E7%94%BB%E5%9B%BE%E7%89%87/",suspicious
"http://9779.info/%E6%A0%91%E5%8F%B6%E8%B4%B4%E7%94%BB%E4%BD%9C%E5%93%81/",suspicious
"rdnetworkdesign.co.uk",suspicious
"http://columbiafresh.es/index.php?option=com_phocagallery&view=detail&catid=3:carta-de-aromas&id=21:exoticos&tmpl=component&Itemid=18",suspicious
"http://www.impactosmt.com.br/index.php?option=com_content&view=article&id=97:concepcoes-fundamentais-sobre-contexto-de-alfabetizacao&catid=38:artigos&Itemid=59",suspicious
"http://financial-forensics.co.uk/index.php/what-we-do",suspicious
"http://www.ybbstal-braeu.at/index.php?option=com_phocagallery&view=detail&catid=11:gaerkeller-besprechung&id=9:k-50erbier1011048&tmpl=component&Itemid=1",suspicious
"http://9779.info/%E8%8F%A0%E8%90%9D%E7%B2%98%E8%B4%B4%E7%94%BB/",suspicious
"http://www.pc50.de/index.php?view=article&id=12:kurse&tmpl=component&print=1&layout=default&page=&option=com_content",suspicious
"http://www.briard-profi.de/unsere-briard-welpen/14-h-wurf.html?tmpl=component&print=1&layout=default&page=",suspicious
"http://9779.info/%E6%A0%91%E5%8F%B6%E7%AE%80%E5%8D%95%E7%B2%98%E8%B4%B4%E7%94%BB/",suspicious
"http://blueanchor.nl/dintelmarkt/page/show_category/catid/5.html",suspicious
"http://mmc-leipzig.com/konzept.html",suspicious
"http://www.bertilohlsson.com/de.1",suspicious
"http://practicaleyes.net/training-and-events/92-events.feed?type=atom",suspicious
"http://comies.nl/index.php/samenwerking?el_mcal_month=3&el_mcal_year=2013",suspicious
"http://cookingx2.com/kitchen-news/28-latest-newsletters/72-tropical-trumps-comfort-food.html",suspicious
"http://realty-catalog.com/2010-02-26-10-26-49/--3----.html",suspicious
"http://www.genesisbusinessservices.co.uk/customer-feedback",suspicious
"http://www.liceoparroquialsangregoriomagno.edu.co/index.php?option=com_phocadownload&view=category&id=10:ciencias-naturales&Itemid=100",suspicious
"http://www.maryahprincess.it/camere/sharon-stone",suspicious
"http://www.petdogwash.com.br/index.php?option=com_contact&view=contact&id=1&Itemid=65",suspicious
"http://classics4life.com/index.php/chatroom",suspicious
"http://www.caseaffittipuglia.com/case-a-ciardo.html?func=detail&id=67",suspicious
"http://www.otracosa.eu/collectie/249-next-overzicht-12-17.html",suspicious
"http://www.platingroup.az/az/testler/quizzes",suspicious
"http://www.insel-schuetzen.de/index.php?option=com_joomgallery&func=detail&id=2179&Itemid=75",suspicious
"http://www.agathaprojetosocial.com.br/portal/index.php?option=com_search&view=search&Itemid=26",suspicious
"http://www.hotelcotesurprise.com/index.php?option=com_content&view=article&id=13&Itemid=2&lang=fr",suspicious
"http://www.newstudy.net/community/Web_nList.aspx?acaidx=0&sflag=1&mflag=NOT",suspicious
"http://fcdomont.fr/index.php?option=com_content&view=article&id=60&Itemid=65",suspicious
"http://www.lampao-vc.ac.th/index.php?name=personnel&file=gdetail&id=1&op=gdetail&gr=\275\350\322ยบ\303\324\313\322\303",suspicious
"http://www.qrscelltech.com/de/component/content/article/44",suspicious
"http://wangqiao365.com/e/wap/show.php?classid=1&id=14&style=0&cpage=0&cid=1&bclassid=0",suspicious
"http://www.ttc-fuchsstadt.de/index.php?option=com_content&view=article&id=70&Itemid=66",suspicious
"http://www.nfa.com.tr/index.php?option=com_content&view=article&id=54&Itemid=104",suspicious
"http://www.interrail.it/interrail_news/index.php?limitstart=16",suspicious
"http://www.medicalpost.gr/index.php?option=com_content&view=article&id=158:asfixia&catid=20:2008-12-21-16-58-37&Itemid=98",suspicious
"http://www.js182.com/app/member/BrowseSport/browse.php?gtype=FT&ptype=S&uid=guest&langx=gb",suspicious
"http://www.preisler.co.uk/links/59-plumber.html",suspicious
"http://www.heide-marys-windelgesindel.de/kontakt.html",suspicious
"http://www.makeaidshistory.com/index.php?option=com_content&view=article&id=22&Itemid=18",suspicious
"http://www.piessemoda.it/index.php?option=com_user&task=register&lang=en",suspicious
"http://www.secomi-travel.ro/index.php?option=com_content&view=article&id=2611:pestera-ursilor-3-zile-autocar-1008-plecare-in-1008&catid=162:excursii-de-mai-multe-zile",suspicious
"http://szgs.ru/object.php?object=ะก-\320%9Fะฑ-\320%9Fะฐ\321%80ะณะพะปะพะฒ\321%81ะบะธะน-ะฟะต\321%80-8-ะปะธ\321%82-\320%90.html&sid=8",suspicious
"http://jbquimica.com/contato",suspicious
"http://www.tarainstitute.org.au/spiritual-program/buddhist-practices/177-collect-merit-so-easily-at-the-center",suspicious
"http://ecoledecoiffurecarolinelaprise.com/formations/rallonges-de-cheveux/113.html",suspicious
"http://www.ppbenalmadena.es/index.php?option=com_content&view=frontpage&Itemid=1&limitstart=30",suspicious
"http://www.zibae.ir/index.php?option=com_content&view=article&id=644:1391-11-04-13-40-33",suspicious
"http://www.geothermalanywhere.com/segments.html?lang=en",suspicious
"http://pgee-kardjali.com/index.php?option=com_content&view=article&id=87:2010-03-23-16-59-44&catid=44&Itemid=72&lang=bg",suspicious
"http://9779.info/%E8%B1%86%E5%AD%90%E5%84%BF%E7%AB%A5%E7%B2%98%E8%B4%B4%E7%94%BB/",suspicious
"http://www.pols.gr/x.txt",suspicious
"http://www.northcoastpost.de/x.txt",suspicious
"http://www.feuerwehr-moellbergen.de/index.php?option=com_content&view=article&id=47:erfolgreicher-test-einer-betonpumpe-als-loeschfahrzeug&catid=43:dienste&Itemid=2",suspicious
"http://mueblescomuneros.com/operativas/14-operativas/detail/106-cronos.html?tmpl=component",suspicious
"http://www.824555.com/cl/js/jquery-ui-1.8.21.custom.min.js?v=ver17.32",suspicious
"http://www.kospel.pl/zh/o-firmie.html",suspicious
"http://bodrumdil.com/turkish-for-foreigners/207-grup-ngilizce-fiyatlar.html",suspicious
"http://ihostingthailand.com/index.php/template-joomla-os-commerce?start=4",suspicious
"http://www.psdb-ce.org.br/index.php?option=com_content&view=article&id=2&Itemid=4",suspicious
"http://www.dancestudio.co.za/classes/toddler-classes",suspicious
"http://winkerdecoracion.com/index.php?page=shop.browse&category_id=20&option=com_virtuemart&Itemid=29",suspicious
"http://www.thermansi.com/index2.php?page=shop.product_details&product_id=45&category_id=7&flypage=flypage_images.tpl&option=com_virtuemart&Itemid=1",suspicious
"http://www.controlesuasvendas.com/component/tag/ecf.html",suspicious
"http://pantherma.eu/index.php?option=com_user&task=register&lang=pl",suspicious
"http://peluqueriadeautor.com/index.php?option=com_virtuemart&page=shop.browse&category_id=6&Itemid=70",suspicious
"http://www.insel-schuetzen.de/index.php?option=com_joomgallery&func=detail&id=756&Itemid=75",suspicious
"http://www.paulbattams.com.au/index.php?view=detail&id=101&option=com_joomgallery&Itemid=14",suspicious
"http://www.rockabilly.it/la-puntata-di-oggi.html",suspicious
"http://www.bsc-md.de/index.php?option=com_content&view=article&id=172:er-kam-spielte-und-&catid=13:neuigkeiten&Itemid=80",suspicious
"http://www.otracosa.eu/dealer.html",suspicious
"http://bjgdhm.com/product.asp?id_code=0002",suspicious
"http://theexpertautorepair.com/auto-repair-specials/month.calendar/2012/12/13/-.html",suspicious
"http://www.schybirockt.ch/flyer.html",suspicious
"http://www.bandabiografia.com.br/index.php/variedades/noticias/80-baile-do-hawai-sta-helena",suspicious
"http://www.tvprefeito.com/2012/index.php/regiao-metropolitana/2210-prefeito-alexandre-cardoso-bloqueia-salarios-de-marajas-em-duque-de-caxias.html",suspicious
"http://www.enola.gr/events/49-madonna-kylie-minogue.html",suspicious
"http://razemkg.pl/index.php?option=com_content&view=article&id=83:konferencja-prasowa&catid=46:aktualnoci&Itemid=136",suspicious
"http://www.attow.com.br/index.php/es/localizacion?tmpl=component&print=1&page=",suspicious
"http://kerryshacklett.com/index.php?option=com_jevents&task=day.listevents&year=2013&month=01&day=02&Itemid=56",suspicious
"http://odon-hotel.ru/index.php?option=com_phocagallery&view=detail&catid=3:2012-04-01-04-38-14&id=8:2mest&phocaslideshow=1&tmpl=component&Itemid=38",suspicious
"http://www.newbody.pl/index.php?option=com_content&view=category&layout=blog&id=34&Itemid=61&lang=pl",suspicious
"http://djkatrina.ru/persony/interv-u/interv-u-ola-bell.html",suspicious
"http://yvp.com.br/index.html",suspicious
"http://www.whitminsterinn.co.uk/specialevents/event/14-GerryTrewasRodStewart",suspicious
"http://martinprothero.com/index.php/gallery/2/33-010?tmpl=component&phocadownload=1",suspicious
"http://v-montazar.com/index.html?cat=13",suspicious
"http://www.janes-lock.com.cn/newsshow.asp?newsid=37",suspicious
"http://www.job.ph/index.php?option=com_jobs&task=detail_category&id=289:engineering&Itemid=2",suspicious
"http://storiesdining.com/sejeal.jpg",suspicious
"http://larcadelcarnevale.com/catalogo/manichini",suspicious
"http://www.gemu-sedu.es/index.php/index.php/gemu-sedu-intranet",suspicious
"http://www.khd.at/index.php?option=com_easybook&view=easybook&Itemid=9&limitstart=15",suspicious
"http://www.plumtreegolf.com/golf/course-tour/24-hole-14",suspicious
"http://www.fromberg.de/anwaelte.html",suspicious
"http://www.scandia-rasvereniging.nl/evenementen/schapendrijven.html",suspicious
"http://www.alte-druckerei.de/index.php/tube-amp-service/roehren/51-farben?tmpl=component&print=1&layout=default&page=",suspicious
"http://www.holtemidtpunkt.dk/index.php?option=com_content&view=article&id=77&Itemid=149",suspicious
"http://www.pomorskie-lzs.pl/index.php?option=com_content&view=article&id=3&Itemid=2",suspicious
"http://norwestcooling.com/products.html?tmpl=component&print=1&page=",suspicious
"http://trubeats.com/links.html?fontstyle=f-larger",suspicious
"http://www.pubyun.com/wiki/lib/exe/css.php?t=dokuwiki&tseed=f1f16e8c6142fab8553f2b9cfe045961",suspicious
"http://www.eca.edu.au/contact-us-2/index.html?page_id=199",suspicious
"http://www.unitre.org/index.php?option=com_wrapper&view=wrapper&Itemid=180&el_mcal_month=1&el_mcal_year=2013",suspicious
"http://www.swaledaleroadrunners.co.uk/news/newsletters",suspicious
"http://www.feuerwehr-werl.de/index.php?option=com_reports2&view=show&Itemid=27&id=593&Monat=0&department=0&data=0&all=",suspicious
"http://notebookreparatur24.com/index.php/notebook-service/notebook-werkstaetten/mannheim.html",suspicious
"http://www.istituto-montessori.it/index.php?option=com_content&view=article&id=46&Itemid=46",suspicious
"ss100shop.com",suspicious
"http://www.salsven.com/index.php?option=com_content&view=article&id=68&Itemid=57",suspicious
"http://www.controlesuasvendas.com/x.txt",suspicious
"http://www.zruby.sk/index.php/component/mailto/index.html?tmpl=component&link=aHR0cDovL3d3dy56cnVieS5zay9pbmRleC5waHAvYWtjaWEtenJ1YnktbmEtcHJlZGFqLW1haW5tZW51LTEwMC8xMDc1LXpydWItMjY=",suspicious
"http://www.ccent.com.au/index.php?view=article&catid=39:classic-rock-concert-series&id=183:palais-theatre-melbourne&tmpl=component&print=1&layout=default&page=",suspicious
"http://www.expatsalon.ru/index.php/2009-03-04-07-22-09/7/detail/6-dsc01620.html?tmpl=component",suspicious
"http://www.poly-murau.at/index.php?option=com_oziogallery2&view=01tilt3d&Itemid=6",suspicious
"http://chinacxyy.com/newscodejs.asp?lm2=199&list=5&icon=0&tj=0&font=10.5&hot=0&new=0&line=24&lmname=0&open=1&n=34&more=0&t=0&week=0&zzly=0&hit=0&pls=0&dot=0&tcolor=CCCCCC",suspicious
"http://www.pubyun.com/blog/announce/centos-7-%e4%b8%8b%ef%bc%8c%e5%a6%82%e4%bd%95%e8%ae%be%e7%bd%aedns%e6%9c%8d%e5%8a%a1%e5%99%a8/",suspicious
"http://www.liceoparroquialsangregoriomagno.edu.co/index.php?option=com_content&view=article&id=93:inicio-de-actividades-2013&catid=1:latest-news",suspicious
"http://www.natureandart.ch/banners/click3/index.php",suspicious
"http://pantherma.eu/index.html?option=com_content&view=article&id=86&Itemid=91&lang=en&fontstyle=f-larger",suspicious
"http://www.hotelcotesurprise.com/index.php?option=com_content&view=article&id=16&Itemid=7&lang=fr",suspicious
"http://www.telenova.at/index.php?option=com_content&view=article&id=79:trainerin&catid=6:trainer&Itemid=17",suspicious
"http://www.acosmotta.com.br/index.php/pt/component/mailto/index.html?tmpl=component&link=f5bfbd06ba4de2df285af4bb7f71a2efd3138600",suspicious
"http://www.verrijzenisgemeenschap.nl/templates/ja_purity/images/printButton.png",suspicious
"http://www.nubiafarias.com/v1/index.php?view=article&catid=1:nubia-farias&id=2:missao-visao-valores&tmpl=component&print=1&layout=default&page=&option=com_content&Itemid=10",suspicious
"http://www.planet-fitness.it/index.php?option=com_content&view=article&id=222:promozione-speciale&catid=38:planet-notizie",suspicious
"http://football-euro.net/ukraina/340-na-skolkix-stulyax-smozhet-odnovremenno-usidet-znamenityj-trener.html",suspicious
"http://www.mariamagdalena-bogatynia.pl/index.php?option=com_content&view=article&id=47&Itemid=55",suspicious
"http://www.bertilohlsson.com/en/machines",suspicious
"http://www.animalairways.com/contact-us/contact.html",suspicious
"http://www.bsc-md.de/index.php?option=com_content&view=archive&Itemid=3",suspicious
"http://www.eendrachthummelo.nl/index.php?view=article&catid=48:nieuws&id=218:15-02-12-artikel-in-gelderlander-&tmpl=component&print=1&layout=default&page=&option=com_content&Itemid=62",suspicious
"http://www.lovas.cz/en.feed?type=rss",suspicious
"http://www.unitre.org/index.php?option=com_wrapper&view=wrapper&Itemid=187",suspicious
"http://www.dtcbv.nl/producten-dtc",suspicious
"http://www.cuartoestudio.com/mustela.html",suspicious
"http://www.janes-lock.com.cn/cn/about_6.asp?sortid=66",suspicious
"http://riedland.ch/index.php?option=com_phocagallery&view=detail&catid=1:riedlandtaschen&id=53:riedlandtasche&tmpl=component&Itemid=55",suspicious
"http://stock.perm.ru/index.php?option=com_virtuemart&page=shop.browse&category_id=42&Itemid=96",suspicious
"http://teamgorillas.com/index.php?view=dayview&id=22&day=5&month=1&year=2013&option=com_fastball&Itemid=85",suspicious
"http://www.cefme.bn.it/index.php?option=com_content&view=category&layout=blog&id=2&Itemid=12",suspicious
"http://www.lagunasdelcatedral.com/lagunas/index.php?option=com_phocagallery&view=detail&catid=1:lagunas-del-catedral&id=170:img69051&phocaslideshow=1&tmpl=component&Itemid=3",suspicious
"http://www.hmaca.com/winnipeg-accounting-blog/tag/us-estate-law/index.html",suspicious
"http://www.javadoplant.com/de.html?start=32",suspicious
"http://www.newtec.ac.uk/faq.html",suspicious
"http://www.ricardoitalo.com.br/portal/index.php?option=com_seyret&Itemid=149&task=videodirectlink&id=10",suspicious
"http://www.escolareiarthur.com.br/index.php?option=com_jevents&task=day.listevents&year=2013&month=01&day=24&catids=84|92&Itemid=29",suspicious
"http://www.pubyun.com/wiki/lib/exe/css.php?t=dokuwiki&tseed=f1f16e8c6142fab8553f2b9cfe045961",suspicious
"http://9779.info/%E8%B1%86%E5%AD%90%E7%B2%98%E8%B4%B4%E7%94%BB%E5%9B%BE%E8%9D%B4%E8%9D%B6/",suspicious
"http://www.semanasanta-benifaio.com/index.php?option=com_morfeoshow&task=view&gallery=5&Itemid=143",suspicious
"http://www.easyphonia.com/index.php?option=com_mailto&tmpl=component&link=aHR0cDovL3d3dy5lYXN5cGhvbmlhLmNvbS9yYXRlcy9yYXRlcw==",suspicious
"http://www.lafavoritacb.com/index.php?option=com_content&view=article&id=95:fabrpanama&catid=43:articulos",suspicious
"http://raysbicycle.com.au/index.php?option=com_redshop&view=product&pid=425&Itemid=4",suspicious
"http://www.tortasprimor.cl/index.php?option=com_djcatalog2&view=item&id=1348:635&cid=8:cumpleanos&Itemid=22",suspicious
"http://www.disline.es/area-privada/reset.html",suspicious
"http://fischereiverein.org/bildergalerie/category/97-jugenflossing300912",suspicious
"http://huamuxtitlan.com/index.php?option=com_contact&view=contact&id=1&Itemid=110",suspicious
"http://www.ibericoscalama.es/index.php?option=com_mailto&tmpl=component&link=256c261a15f04e4a901a681a8588fe742c4de4e9",suspicious
"http://myhealthbrand.com/x.txt",suspicious
"http://www.gemu-sedu.es/index.php?option=com_mailto&tmpl=component&link=aHR0cDovL3d3dy5nZW11LXNlZHUuZXMvaW5kZXgucGhwP29wdGlvbj1jb21fY29udGVudCZ2aWV3PWFydGljbGUmaWQ9Njc6Y29tdW5pY2FjaW9uZXMmSXRlbWlkPTg5",suspicious
"http://practicaleyes.net/training-and-events/81-company-training.feed?type=atom",suspicious
"http://www.sanremoballroom.com.au/index.php?option=com_phocagallery&view=category&id=2&Itemid=51",suspicious
"http://www.kertemindecityforening.dk/besog-butikkerne/96-haarstudiet.html",suspicious
"http://www.sikobv.eu/nl/werkbanken.html",suspicious
"http://player.polyv.net/videos/3ee850a192d81e2c58f65f9ff5eb0f32_3.swf",suspicious
"http://iremshrine.org/history-of-irem-shrine-mainmenu-31?tmpl=component&print=1&page=",suspicious
"http://kccs.nichost.ru/index.php?option=com_user&view=reset",suspicious
"http://pgee-kardjali.com/index.php?option=com_content&view=article&id=86:2010-03-23-16-54-20&catid=44&Itemid=72&lang=bg",suspicious
"http://www.reing-infor.com.mx/index.php?view=article&catid=35:facetelectconceptos&id=64:beneficios-fiscales&tmpl=component&print=1&layout=default&page=&option=com_content&Itemid=64",suspicious
"http://www.auctionyourart.com/past-auction-highlights/1-general-auction-highlights/11-george-i-burl-walnut-chest-on-chest.html",suspicious
"http://www.zuzatravel.pl/gory.html",suspicious
"http://contek.com.br/links.html",suspicious
"http://dyetr.com/index.php?option=com_content&view=article&id=76:samsun&catid=39:yerel-hizmetici&Itemid=61",suspicious
"http://www.bullshappiness.com/nl/afbeelding/1-afbeeldingen/detail/17-snowboy.html?tmpl=component",suspicious
"http://www.qrscelltech.com/index.html",suspicious
"http://www.protect-effect.nl/diensten/90-webradio-brengt-de-wereld-in-je-auto",suspicious
"http://9779.info/%E8%93%9D%E8%89%B2%E6%B5%B7%E6%B4%8B%E5%89%AA%E8%B4%B4%E7%94%BB/",suspicious
"http://www.jackhatfield.co.uk/index.php?option=com_jevents&task=day.listevents&year=2013&month=01&day=10&Itemid=32",suspicious
"http://www.bellasposa.ro/index.php/rochii-de-mireasa-eden-bridals/eb-bridals/37-eden-bridals-bridals/565-2396?tmpl=component&print=1&layout=default&page=",suspicious
"http://www.centercamping.com.br/index.php?option=com_content&view=frontpage&Itemid=1",suspicious
"http://www.koi-waterlife-centre.com/kwlcshop/component/virtuemart/index.html?page=shop.browse&category_id=14",suspicious
"http://www.rsccaritas.ie/where-we-work/zambia/146-spirituality",suspicious
"http://9779.info/%E5%B9%BC%E5%84%BF%E7%AE%80%E5%8D%95%E7%B2%98%E8%B4%B4%E7%94%BB%E6%B3%95/",suspicious
"http://www.zibae.ir/index.php?option=com_content&view=article&id=600:1391-10-17-06-06-35&catid=10:1389-09-13-23-32-07&Itemid=8",suspicious
"http://www.populartvmelilla.com/x.txt",suspicious
"http://www.feuerbestattung.lu/index.php/de/pompes-funebres-brandenburger-contact",suspicious
"http://www.nfa.com.tr/index.php?option=com_content&view=article&id=69&Itemid=87",suspicious
"http://www.bjorklidensgolfklubb.se/index.php/galleri/category/17-golfstar-masters-final-2011",suspicious
"http://img15.artxun.com/sdc/oldimg/9aa2/9aa2b57757f32c9682701e565e34d67e.jpg",suspicious
"http://www.gerridavis.com/galleries/200-gallery-040",suspicious
"http://www.sv-rotamint.de/index.php/termine/day.listevents/2013/01/23/-",suspicious
"http://besibajasby.com/category/wiremesh/index.html",suspicious
"http://www.bcm-shop.de/home.html?category_id=86&page=shop.browse&limit=20&limitstart=80",suspicious
"http://www.blackridgemining.com/undefined/index.html",suspicious
"http://spi-service.com/agb.html",suspicious
"http://www.nabu-gaildorf.de/index.php?option=com_content&view=article&id=95:stunde-der-gartenvoegel&catid=25:latest-news&Itemid=19",suspicious
"http://www.nfa.com.tr/index.php?option=com_content&view=article&id=86&Itemid=84",suspicious
"phongchitt.com",suspicious
"http://www.letni-tabor.eu/index.php?option=com_weblinks&view=category&id=40:facebook&Itemid=23",suspicious
"http://www.rowdensoftware.co.uk/services/13-future-development.html",suspicious
"http://soothingpainrelief.com/index.php?option=com_fsf&view=faq&catid=1&Itemid=32&tmpl=component&faqid=8",suspicious
"http://maslen.sk/index.php?option=com_content&view=article&id=10&Itemid=6",suspicious
"http://www.renja.nl/catalogus/items/3-accessoires?pid=&order=i.name&dir=asc",suspicious
"http://4power.biz/telecommunication-and-network-services.html",suspicious
"http://www.divanomoveis.com.br/Produtos/default.asp?opc=5&ops=12",suspicious
"http://global-construcoes.com/index.php?option=com_content&view=article&id=89:chale-paredes-duplas-no3&catid=44:chale-duplo",suspicious
"http://9779.info/%E5%85%AD%E4%B8%80%E5%BA%9F%E7%89%A9%E5%88%A9%E7%94%A8%E7%B2%98%E8%B4%B4%E7%94%BB/",suspicious
"http://www.afotiadis.gr/index.php/el/flatware",suspicious
"http://www.webcreators.gr/service-laptop/episkeui-mitrikis/74-episkeui-kartas-grafikon.html",suspicious
"http://www.unitre.org/index.php?option=com_eventlist&view=details&id=411:escursione-andora-cervo&Itemid=221",suspicious
"http://www.yzsyedu.com/info_Show.aspx?typeid=33&id=471&newtype=2",suspicious
"http://flowerstobulgaria.org/index.php/en/component/user/reset",suspicious
"http://9779.info/%E5%84%BF%E7%AB%A5%E5%A2%99%E4%B8%8A%E8%A3%85%E9%A5%B0%E8%B4%B4%E7%94%BB/",suspicious
"http://jcmt.nl/nl.1",suspicious
"http://softua.net/index.php/functions/29-softua-back-office",suspicious
"http://www.centroarmengol.com/index.php/formacion/formacion-estetica",suspicious
"http://www.sweethome.com.gr/index.php?option=com_content&view=article&id=50:2010-08-30-11-32-34&catid=39:2010-08-30-11-31-19",suspicious
"http://hrsbruvi.de/index.php?option=com_joomgallery&view=gallery&Itemid=85",suspicious
"http://pdlvl.ro/index.html",suspicious
"http://www.bnrwatersport.nl/occasions/trailers.html",suspicious
"http://www.rendeck.nl/index.php/nl/services/advies/implementatie-management",suspicious
"http://www.ok-styl.eu/index.php?option=com_content&task=blogcategory&id=33&Itemid=51&lang=de",suspicious
"http://www.vetquality.com.br/nossos-servicos/veterinario24h?tmpl=component&print=1&page=",suspicious
"http://www.fdp-muenchen-west.de/index.php?option=com_content&view=article&id=65&Itemid=18",suspicious
"http://www.parladori.it/showroom.html?tmpl=component&print=1&page=",suspicious
"http://hempel-hosting.de/hifreiche-videos",suspicious
"http://www.atelierduvieuxpin.com/en/seminars/stage-1-ancient-finishing.html",suspicious
"http://www.ifk-motion.dk/index.php?option=com_banners&task=click&bid=9",suspicious
"http://www.pidloga.com/alloc/19/exitpage=shopbrowse/itemid-91.php",suspicious
"http://jetrack.net/Index.php/checkout/index.html",suspicious
"http://www.andriacambia.it/index.php?option=com_content&view=category&layout=blog&id=59&Itemid=177",suspicious
"http://www.wsnc.org.au/neighbourhood-centre/playlinks",suspicious
"http://www.mirakelkursen.org/artiklar-om-ekim/17-mitt-liv-med-en-kurs-i-mirakler",suspicious
"http://coratradecenter.ro/catalog-produse/category/23/instrumente-de-scris-si-corectura/creta",suspicious
"http://spmenglishschool.com/faculty.html",suspicious
"http://manosunidasciudadreal.org/index.php?option=com_user&view=remind",suspicious
"http://www.nfa.com.tr/index.php?option=com_content&view=article&id=49&Itemid=166",suspicious
"http://www.leblancathletisme.fr/index.php?option=com_mailto&tmpl=component&link=aHR0cDovL3d3dy5sZWJsYW5jYXRobGV0aXNtZS5mci9pbmRleC5waHA%2Fb3B0aW9uPWNvbV9jb250ZW50JnZpZXc9YXJ0aWNsZSZpZD01MjphY2N1ZWlsJmNhdGlkPTM0Om5ld3M=",suspicious
"http://dl.pocolegion.com/n/5476e9af-8c08-49e6-ad43-1aab0a000013/Mediaget.exe?secure=1437405122_b6b1adb3e561d51c11b6f58c834703ff",suspicious
"http://adventure-nicaragua.net/index.php?option=com_content&view=article&id=104&Itemid=166",suspicious
"http://www.bruynzeelmultipanel.be/index.php?option=com_content&view=article&id=16&Itemid=17",suspicious
"http://richard-lebelt.de/index.php?option=com_user&view=reset&Itemid=56",suspicious
"http://3cf.ru/2015/07/21/ykrainskie-komplektyushie-dlia-voennoi-aviacii-na-knaaze-do-konca-goda-zameniat-rossiiskimi/",suspicious
"http://sagivlaw.com/index.php?option=com_content&view=article&id=8:2010-02-18-17-24-28&catid=3&Itemid=25",suspicious
"http://www.industrial-automation.ch/index.php?option=com_phocadownload&view=sections",suspicious
"http://www.vilagnomad.com/wp-includes/js/jquery/jquery.js?ver=1.11.0",suspicious
"http://www.finixclub.ru/services/creativeworkshop",suspicious
"http://www.ybbstal-braeu.at/index.php?option=com_phocagallery&view=detail&catid=10:diverse-bilder-bei-wirtshaus-usw-einfuegen&id=7:k-50erbier1011092&phocaslideshow=1&tmpl=component&Itemid=1",suspicious
"http://www.radiovillage.eu/index.php/rvcommunity/68-elcondor46/profile.html",suspicious
"http://manola-souvanlasy.com/index.php?option=com_phocagallery&view=category&id=3:paix&Itemid=71",suspicious
"http://www.bissfest-marburg.de/was-ist-bf.pdf",suspicious
"http://www.farmersmarket.net.au/sejeal.jpg",suspicious
"http://www.stefan-kusterer.de/index.php?option=com_mailto&tmpl=component&link=aHR0cDovL3d3dy5zdGVmYW4ta3VzdGVyZXIuZGUvaW5kZXgucGhwP29wdGlvbj1jb21fY29udGVudCZ2aWV3PWFydGljbGUmaWQ9NDk6am9icyZJdGVtaWQ9MzQ=",suspicious
"http://www.bjorklidensgolfklubb.se/index.php/aktiviteter/blogg/item/17-nordea-masters",suspicious
"http://grasslandhotel.com.vn/index.php/component/djcatalog2/items/fbtrack.js",suspicious
"http://www.treelineconcepts.com.au/index.php?option=com_content&view=article&id=48&Itemid=59",suspicious
"http://www.holtemidtpunkt.dk/index.php?option=com_contact&view=contact&id=17:kvickly&catid=12:contacts&Itemid=300",suspicious
"http://vision-dental.com/index.php?phpMyAdmin=a1ddbf3514b3bc04f9917f091ee7ad66&option=com_content&Itemid=187",suspicious
"http://iosges.com/index.php/nss-web-productos.1",suspicious
"http://okumaaliskanligi.com/component/mailto/index.html?tmpl=component&link=aHR0cDovL29rdW1hYWxpc2thbmxpZ2kuY29tL2NvbXBvbmVudC9jb250ZW50L2FydGljbGUvMy1va3VtdXlvcnV6LzYtYml6LWdvbnVsbHV5dXouaHRtbA==",suspicious
"http://besibajasby.com/tag/besi-kanal-c/index.html",suspicious
"http://virgiliogomes.com/chronicles/374-bread-and-butter",suspicious
"http://www.primascan.fr/index.php?format=feed&type=rss&title=PrimaScan-CaisseNationaledesCaissesd'Epargne-PrimaScan",suspicious
"http://www.knaresboroughkitchens.co.uk/index.php/showrooms",suspicious
"http://wandern-in-griechenland.de/fotogalerie/tinos-andros-wanderungen/andros-489",suspicious
"http://www.totesmeersalzgrotte.info/index.php?view=article&id=121:asthma-und-co&format=pdf&option=com_content&Itemid=223",suspicious
"http://www.newtec.ac.uk/courses/statement-of-service.html",suspicious
"http://www.honarcinema.com/index.php?option=com_content&view=frontpage&Itemid=1&limitstart=35",suspicious
"http://www.smalbro.dk/free-postcards-21-30/749-free-postcard-with-heart-motive-021",suspicious
"http://adinamed.com/news/index.php?page=5&catid=0&myord=uptime&myshownums=&showtj=&showdate=&author=&key=",suspicious
"http://www.foehn.es/que-tomar/1-menus-espectaculo",suspicious
"http://www.shekinahphotography.co.za/index.php?option=com_rsgallery2&page=inline&id=679&Itemid=5",suspicious
"http://3cf.ru/2015/07/21/kprf-otkazalas-sdavat-podpisi-za-referendym-o-pamiatnike-dzerjinskomy/",suspicious
"http://martinprothero.com/index.php/gallery/1/48-1?tmpl=component&phocadownload=1",suspicious
"http://www.empresariosonline.com.mx/index.php?option=com_content&view=article&id=87:trafico3&catid=57:consejostrafico&Itemid=69",suspicious
"http://larcadelcarnevale.com/catalogo/maschere-in-pvc/1838-maschera-brighella-nero-60",suspicious
"http://vip.520wawa.com/res/school791/600/20110606205727547844.jpg",suspicious
"http://djsipke.nl/index.html",suspicious
"http://www.advinno.com/services/board-design",suspicious
"http://www.arcolec.com/index.php?view=article&catid=35:services&id=53:marine-shipping-and-supply&tmpl=component&print=1&layout=default&page=&option=com_content&Itemid=55",suspicious
"http://butrading.com/index.php?option=com_virtuemart&page=shop.browse&category_id=15&Itemid=56&lang=nl",suspicious
"http://www.kenltd.com/index.php?option=com_rsform&Itemid=24&lang=en",suspicious
"http://www.feuerwehr-moellbergen.de/index.php?option=com_content&view=category&id=90:einsaetze-2011&layout=blog&Itemid=53",suspicious
"http://asociacionkaribu.org/index.php/karibu/ideario/371-salvemos-la-hospitalidad",suspicious
"http://www.711100.com/app/member/SportOption.php?uid=guest&langx=gb",suspicious
"http://www.scoliosiscare.org/index.php?option=com_content&view=article&id=62",suspicious
"http://clinicavisualiza.com/es/component/content/article/1/55-avastin.html",suspicious
"http://www.bkr-laserscanning.de/index.php?view=article&catid=34:news&id=139:imager5010&tmpl=component&print=1&layout=default&page=&option=com_content&Itemid=53",suspicious
"http://flowerstobulgaria.org/sejeal.jpg",suspicious
"http://www.enolr.com/event-calendar/day/date/2013-01-30/13.html",suspicious
"http://www.nissad.com/partners.html",suspicious
"http://asociacionkaribu.org/index.php/component/content/article/395-reflexion-sobre-los-qnuevosq-cece",suspicious
"http://www.ets-audio.de/download/view.download/4/24.html",suspicious
"http://programsolutionsgroup.com/components/com_portfolio/includes/phpthumb/phpThumb.php?w=80&h=50&src=..%2F..%2F..%2F..%2Fimages%2Fstories%2Fportfolio%2Fitem_original%2F4_1260503093.jpg",suspicious
"http://www.tastytours.it/index.php?option=com_content&view=article&id=113:tour-e-itinerari&catid=35:tour-e-itinerari&Itemid=56&lang=en",suspicious
"http://www.szovetseg.eu/feladatok.php?name=Forums&file=profile&mode=viewprofile&u=357",suspicious
"http://svadebny.com/index.php?option=com_flippingbook&view=book&id=3&Itemid=704",suspicious
"http://sfhhz.com/contents/307/1746.html",suspicious
"http://www.keokukyachtclub.com/index.php?option=com_jcalpro&Itemid=54&extmode=day&date=2013-01-14",suspicious
"http://www.maryahprincess.it/photogallery/category/4-ingresso-bab-bed-and-breakfast-mola-di-bari",suspicious
"http://www.olab.se/index.php/oestersunds-lastbilsservice/medarbetare/20-persson-invest",suspicious
"http://www.resurrectionbellevue.org/index.php/ministries/parish-support",suspicious
"http://9779.info/%E5%85%B3%E4%BA%8E%E5%A4%A9%E6%B0%94%E7%9A%84%E5%89%AA%E8%B4%B4%E7%94%BB/",suspicious
"http://viva-sport.com/index.php?page=shop.browse&category_id=2&option=com_virtuemart&Itemid=54",suspicious
"http://www.wijstaanvoordewijk.nl/home/98-stem-nu-op-jouw-favoriete-rap-.html",suspicious
"http://affmj.org/index.php?option=com_content&view=article&id=76:technique-de-vente-devenir-plus-performant&catid=12:formations-commerciales&Itemid=17",suspicious
"http://www.intocht-simpelveld.nl/index.php?option=com_contact&view=contact&id=13:montagebedrijf-mobi&catid=4:onze-super-pieten&Itemid=9",suspicious
"http://www.fagnaniebertagnoli.it/ACCESSORI/prealpina.html",suspicious
"http://vivre-productions.com/index.php/portfolio/67-pr-evenement",suspicious
"http://www.spirit-house.de/index.php?option=com_content&view=article&id=62:neue-wege-&catid=10:wirtschaftliches&Itemid=5",suspicious
"http://www.richpictures.co.uk/home/userblog/62?start=100",suspicious
"http://www.berufungswege.de/veranstaltungen/categoryevents/1-berufungswege/archive.html",suspicious
"http://www.kobiasado.co.il/index.php?option=com_content&view=article&id=25:2011-01-27-22-25-05&catid=3:2010-12-26-06-55-30&Itemid=5",suspicious
"http://img05.hc360.cn/05/flashadstyle4scene2/179/886/b/05-1798865.jpg",suspicious
"http://www.javadoplant.com/de/component/content/article/2-beurzen/367-uitnodiging-voor-de-javado-huisbeurs.html",suspicious
"http://www.negentis.com/azienda/news/223-risultati-simob-alla-ieee-itst2011-conference",suspicious
"http://codep34.fr/index.php?option=com_wrapper&view=wrapper&Itemid=101",suspicious
"http://www.graz4u.at/de/faq/weiterefragen/225-zimbra-kalender-freigeben.html",suspicious
"http://www.domusviatoris.com/index.php?option=com_content&view=category&layout=blog&id=28&Itemid=24",suspicious
"http://www.nissad.com/load-break-switches.html?start=1",suspicious
"http://football-euro.net/germaniya/75-chto-ozhidat-ot-sbornoj-germanii-i-chto-zhdet-sbornuyu-germanii-v-yuar.html",suspicious
"http://www.northcoastpost.de/index.php?option=com_content&view=article&id=73:anne-frank-eine-geschichte-fuer-heute&catid=34:projekte&Itemid=41",suspicious
"http://www.solihulltelecom.co.uk/index.html",suspicious
"http://www.keokukyachtclub.com/index.php?view=article&catid=39:general&id=1:welcome-to-site&tmpl=component&print=1&layout=default&page=",suspicious
"http://www.fineswisschocolate.ca/Create-customer-account",suspicious
"http://hetiaz.com/index.php?%2Fprelevements-sociaux.html",suspicious
"http://www.trees-partner.ch/index.php?option=com_user&view=remind",suspicious
"http://www.fjordager-if.dk/aktivitetskalender/day/date/2013-02-19/3",suspicious
"http://www.boxingnovascotia.com/administrator",suspicious
"http://www.sportraad-maasmechelen.be/index.php?view=article&catid=3:activiteiten&id=22:schaal-maasmechelen&tmpl=component&print=1&layout=default&page=",suspicious
"http://www.javadoplant.com/es/woonplant-van-de-maand-2013/363-woonplant-van-de-maand-januari.html",suspicious
"http://bodrumdil.com/prog/207-grup-ngilizce-fiyatlar.html",suspicious
"http://loukilrenard.com/sejeal.jpg",suspicious
"http://www.liceoparroquialsangregoriomagno.edu.co/index.php?option=com_phocadownload&view=category&id=4&Itemid=77",suspicious
"http://www.dalisport.si/index.php?option=com_content&view=article&id=69&Itemid=93",suspicious
"http://www.yzsyedu.com/Detail.aspx?typeid=2",suspicious
"http://www.mistyskor.is/index.php?option=com_content&view=article&id=60&Itemid=70",suspicious
"http://www.smalbro.dk/free-postcards-41-50/1255-free-postcard-with-heart-motive-052",suspicious
"http://www.knorrtec.de/index.html",suspicious
"http://www.civelo.no/index.php?option=com_content&view=article&id=21:civelo-10&catid=14&Itemid=40&lang=sv",suspicious
"http://burkinasaracanarias.org/es/que-hacemos/hospital-de-manga.html",suspicious
"http://www.knittedknots.com/index.php?option=com_virtuemart&page=shop.browse&category_id=48&Itemid=4",suspicious
"http://www.limburgeraltstadt.de/index.php?option=com_content&view=article&id=70&Itemid=92",suspicious
"http://ihostingthailand.com/index.php/design-website",suspicious
"didarmarket.com",suspicious
"http://www.tonyveiculos.com.br/lojas",suspicious
"http://anvari.co/index.php?option=com_content&view=article&id=1235&Itemid=681",suspicious
"http://www.eidondigitalgallery.it/index.php?option=com_content&view=article&id=58&Itemid=63&limitstart=2",suspicious
"http://www.englandfencing.co.uk/index.php?option=com_content&view=category&layout=blog&id=95&Itemid=126",suspicious
"http://www.lagunasdelcatedral.com/lagunas/index.php?option=com_jforms&view=form&id=1&Itemid=15",suspicious
"http://jmdongnan.com/daxibeimuban/template/jianfei/images/css.css",suspicious
"http://www.papamusilisafaris.eu/nationalparks-kenia/amboseli-nationalpark.html",suspicious
"http://www.artzone-chronicles.fr/x.txt",suspicious
"http://www.bg-ricevimenti.it/index.php/location/versiliana.html?fontstyle=f-larger",suspicious
"http://www.okkenannen.nl/index.php?option=com_wrapper&view=wrapper&Itemid=68",suspicious
"http://www.beriva.lt/index.html?di=akcijos&Z=1&iid=415822",suspicious
"http://djsipke.nl/foto-album/5-druiprock-2010/detail/296-p8148757.html?tmpl=component",suspicious
"http://www.fdp-muenchen-west.de/index.php?limitstart=8",suspicious
"http://www.myenrg.com/northeast/15-new-jersey",suspicious
"http://www.ic-delta.ru/services/freight/callaspecialist",suspicious
"http://www.paulbattams.com.au/index.php?view=detail&id=97&option=com_joomgallery&Itemid=20",suspicious
"http://www.ligermedia.co.th/product.html?page=shop.browse&category_id=7",suspicious
"http://homesofbr.com/index.php?option=com_properties&view=properties&task=map&id=24&Itemid=98",suspicious
"http://www.harley-davidson-dijon.com/actualites/9-rassemblement-fakeer-see",suspicious
"http://www.zoo-bendick.de/index.php?option=com_content&view=article&id=39:rundgang&catid=9:wir-ueber-uns&Itemid=27",suspicious
"http://www.capella.nl/nl/bestellen/winkel.html?page=shop.browse&category_id=16",suspicious
"http://mueblescomuneros.com/operativo/6-operativo/detail/29-serie-h-2.html?tmpl=component",suspicious
"http://chinesevie.com/index.php?option=com_content&view=article&id=105&Itemid=130&lang=en",suspicious
"http://kidscentrale.nl/index.php?option=com_jevents&task=day.listevents&year=2013&month=02&day=10&Itemid=20",suspicious
"http://www.yyjanet.com/culture/48.aspx",suspicious
"http://www.saludyestetica.cl/g/index.php?option=com_content&view=article&id=70&Itemid=86",suspicious
"http://www.tomaspaulik.cz/glosy/politika/31-karel-vs-milos",suspicious
"http://www.ndautopartes.com.ar/index.php?option=com_content&view=article&id=7&Itemid=5",suspicious
"http://buysellrentindubai.com/index.php?option=com_ezrealty&task=viewlightbox&Itemid=129",suspicious
"http://www.lagunasdelcatedral.com/lagunas/index.php?option=com_phocagallery&view=detail&catid=1:lagunas-del-catedral&id=190:img69711&tmpl=component&Itemid=3",suspicious
"http://www.wsnc.org.au/component/jcalpro/view/992",suspicious
"http://aksniwka.com/redakcja/podstrona-systemowa/76-piata-liga/1352-trzecie-miejsce-w-eliminacjach-do-memorialu-mazura",suspicious
"http://caruscomm.de/x.txt",suspicious
"http://www.kulgupuit.ee/index.php?option=com_phocagallery&view=detail&catid=2:foto&id=40:foto-6&phocaslideshow=1&tmpl=component&Itemid=5&lang=ru",suspicious
"http://betweenyouandmeseva.com/services-we-offer/Print",suspicious
"http://www.bishopstrings.com/makers/marcello-villa.html",suspicious
"http://www.sweetwaterplantation.com/index.php?option=com_content&view=article&id=82&Itemid=220",suspicious
"http://hayalmutfak.com/projelerimiz/projelermz/gazi-ecz.html",suspicious
"http://www.liceorutigliano.com/index.php?view=article&catid=3:newsflash&id=446:progettolettura2013&tmpl=component&print=1&layout=default&page=&option=com_content",suspicious
"http://www.ebeco.de/index.php?option=com_mailto&tmpl=component&link=aHR0cDovL3d3dy5lYmVjby5kZS9pbmRleC5waHA%2Fb3B0aW9uPWNvbV9jb250ZW50JnZpZXc9YXJ0aWNsZSZpZD0yNyUzQWFnYiZJdGVtaWQ9NDAmbGFuZz1kZQ==&lang=de",suspicious
"http://www.burtgel.e-darkhan.com/index.php?option=com_contact&view=contact&id=24:2012-03-04-15-55-19&catid=4:2012-02-13-01-48-23&Itemid=105",suspicious
"http://www.tsilomitros.gr/index.php?option=com_autostand&Itemid=0",suspicious
"http://contek.com.br/empresa.html",suspicious
"http://www.shekinahphotography.co.za/index.php?option=com_rsgallery2&gid=2&Itemid=5",suspicious
"http://oficinadeculinaria.com.br/index.php?option=com_content&view=article&id=26:extensions&catid=29:the-cms&Itemid=40&limitstart=1",suspicious
"http://www.neesonmurcutt.com/houses/pindimarhouse-2005.html",suspicious
"http://www.cuxhaven.cc/index.php?option=com_kunena&func=showcat&catid=9&Itemid=31",suspicious
"http://chinesevie.com/index.php?option=com_content&view=article&id=92&Itemid=322&lang=en",suspicious
"safety.microsoft.com.rebdswuyo.21d4owpwnfxtz2grc8c.stream",suspicious
"http://www.krings.ro/index.php?option=com_mailto&tmpl=component&link=aHR0cDovL3d3dy5rcmluZ3Mucm8vaW5kZXgucGhwP29wdGlvbj1jb21fY29udGVudCZ2aWV3PWFydGljbGUmaWQ9MTA6b2J0dXJhdG9hcmUtZ29uZmxhYmlsZSZjYXRpZD01OnByb2R1c2UmSXRlbWlkPTEy",suspicious
"http://www.beriva.lt/index.html?di=akcijos&Z=1&iid=50333",suspicious
"http://www.industrialrail.ca/index.php?option=com_content&view=article&id=1&Itemid=2",suspicious
"http://www.intocht-simpelveld.nl/index.html",suspicious
"http://www.hotelcotesurprise.com/index.php?option=com_content&view=article&id=3&Itemid=8&lang=en",suspicious
"http://www.mariamagdalena-bogatynia.pl/index.php?option=com_rsgallery2&gid=14&Itemid=67&limitstart=9",suspicious
"http://www.envest.com.br/perguntas-e-respostas",suspicious
"http://www.randall.com.br/index.php?option=com_content&view=article&id=72&Itemid=212&lang=pt",suspicious
"http://pjhku.com/plugin.php?id=levsign&m=2&fh=6848d1f0&hook=1&mobile=no",suspicious
"http://www.westwoodchurch.co.uk/component/user/remind",suspicious
"lakesideresortcampground.com",suspicious
"http://macedonia-extreme.com/index.php/snowboarding-section",suspicious
"http://www.transportheker.com/index2.php?option=com_facileforms&Itemid=13&ff_form=24&ff_applic=mod_facileforms&ff_module_id=48&format=html&ff_frame=1",suspicious
"http://www.interrail.it/bissel_new",suspicious
"http://www.114633.com/app/member/SportOption.php?uid=guest&langx=gb",suspicious
"http://www.szovetseg.eu/feladatok.php?name=Private_Messages&file=index&mode=post&u=399",suspicious
"http://pressboxsportslounge.com/wine/55-image2-wine?tmpl=component&print=1&page=",suspicious
"http://www.bruecke-erding.de/index.php?option=com_content&view=article&id=124&Itemid=86",suspicious
"http://www.afotiadis.gr/index.php/en/reception",suspicious
""http://moustoir-ac.fr/component/option,com_eventlist/Itemid,10/id,9/view,categoryevents/index.html"",suspicious
"http://www.kindergarten-mainbernheim.de/index.php?view=categoryevents&id=2:wochenplan&task=archive&option=com_eventlist&Itemid=102",suspicious
"http://www.artzone-chronicles.fr/index.php?option=com_content&view=article&id=119:monsters&catid=39:cinema&Itemid=11",suspicious
"http://www.schoolvoorontwikkeling.nl/kennisplein/blogs.1",suspicious
"http://cltmusic.com/featured/hectagons-live-from-the-world-famous-milestone-2/",suspicious
"http://comarcabrasil.com.br/index.html",suspicious
"http://siepp.com/index.php?option=com_sobi2&catid=11",suspicious
"http://www.seckmauern.de/index.php?option=com_content&view=article&id=52&Itemid=30",suspicious
"http://botasdevinojb.com.mx/index.html",suspicious
"http://www.deepseapearls.com/index.php?option=com_content&view=category&layout=blog&id=98&Itemid=96&lang=fr&FontSize=font-large",suspicious
"http://www.holtemidtpunkt.dk/index.php?option=com_contact&view=contact&id=12:holtehelsekost&catid=12:contacts&Itemid=274",suspicious
"http://martinprothero.com/index.php/gallery/1/'+this.theimages[picindex][1]+'",suspicious
"http://www.ccent.com.au/index.php?option=com_content&view=section&layout=blog&id=12&Itemid=189",suspicious
"http://www.safaricontractcleaners.com/index.php/ic",suspicious
"http://www.host.hostenx.com/index.php.1",suspicious
"http://isikpandizot.com/galeri/index.php/tag/2/pandizot+%C3%A7e%C5%9Fitleri",suspicious
"http://www.job.ph/index.php?option=com_jobs&task=detail_category&id=429:insurance--financial-services&Itemid=2",suspicious
"http://appelboerderij.nl/kampeerboerderij-/1-kampeerboerderij/detail/54-appelboerderij0008?phocaslideshow=1&tmpl=component",suspicious
"http://www.kertemindecityforening.dk/besog-butikkerne/86-revninge-autovaerksted.html",suspicious
"http://www.fredhopper.nl/news-room/place-proximity-and-space-in-e-commerce",suspicious
"http://gd2.alicdn.com/bao/uploaded/i2/TB1r_0YHVXXXXaoXVXXXXXXXXXX_!!0-item_pic.jpg",suspicious
"http://www.intercredit.lt/lt/raykite-mums",suspicious
"http://www.alexanderstiftung.de/index.php?view=article&catid=7:alexanderpreis-2010&id=19:zweiter-preis-klaus-herrmann&tmpl=component&print=1&layout=default&page=&option=com_content&Itemid=9",suspicious
"http://www.feilonline.com/sejeal.jpg",suspicious
"http://www.methoni.gov.gr/Default.aspx?tabid=111",suspicious
"http://home.ph/sejeal.jpg",suspicious
"puchovsky.sk",suspicious
"http://www.pedalecesenateciclineri.org/index.php?option=com_kunena&view=listcat&catid=0&Itemid=51",suspicious
"http://9779.info/%E5%89%AA%E8%B4%B4%E7%94%BB%E7%BA%BF%E6%8F%8F%E4%BD%9C%E5%93%81%E6%AC%A3%E8%B5%8F/",suspicious
"http://www.dshnr.cn/forum.php?mod=viewthread&tid=4",suspicious
"http://www.niobestudio.com/index.php/servicios-que-ofrecemos/newsletter",suspicious
"http://www.newbody.pl/index.php",suspicious
"http://psl.krotoszyn.com.pl/index.php?option=com_content&view=section&layout=blog&id=33&Itemid=71",suspicious
"http://www.lebenslauf-fischerbach.de/index.php?option=com_content&view=article&id=7&Itemid=9",suspicious
"http://creche-hermonville.com/index.php?option=com_mailto&tmpl=component&link=aHR0cDovL2NyZWNoZS1oZXJtb252aWxsZS5jb20vaW5kZXgucGhwP29wdGlvbj1jb21fY29udGVudCZ2aWV3PWFydGljbGUmaWQ9MjUlM0FiaWVudmVudWUmY2F0aWQ9OSUzQXBhZ2UtZGFjY3VlaWwmSXRlbWlkPTE=",suspicious
"http://classics4life.com/index.php/news-of-a-lifetime/23-1984",suspicious
"http://www.tvsk.com.au/stockists",suspicious
"http://www.vnic.co/mua-ban/mua-ban-nha-o-nha-xuong.html",suspicious
"http://hoaphatelectric.com/san-pham/he-thong-tich-hop-cis?page=shop.product_details&category_id=18&flypage=flypage.tpl&product_id=3",suspicious
"http://img2.shougongke.com/Public/data/hand/201412/24/main/1419385474199984_593.jpg",suspicious
"http://viticoltura.net/index.php/esperienze-nel-vigneto/meccanizzazione-e-forme-di-potatura.html?tmpl=component&print=1&page=",suspicious
"http://dl.get1993desk.com/n/84728686/PJCaptureScriptsEdition.exe",suspicious
"http://www.adventustechnology.com/management-team/74-sylvie-franz.html",suspicious
"http://www.photoremote.de/de/lexikon",suspicious
"http://www.zaehringer.org/index.php?option=com_content&view=article&id=62&Itemid=91",suspicious
"http://theplumbingdoctor.net/water-heaters/water-heaters.html",suspicious
"http://dypreprint.com/pro_info.aspx?id=81",suspicious
"http://sagedecision.com/english/index.php?format=feed&type=atom",suspicious
"http://www.werderfan-fahrten.de/index.php?option=com_content&view=article&id=49&Itemid=74",suspicious
"http://www.radioniepokalanow.pl/program/audycje/w-dialogu-o-bogu.html",suspicious
"http://www.centercamping.com.br/index.php?option=com_content&view=article&id=53:telefones-uteis&Itemid=77",suspicious
"http://www.majestic.com.tr/component/mailto/index.html?tmpl=component&link=aHR0cDovL3d3dy5tYWplc3RpYy5jb20udHIvdml6ZS1pc2xlbWxlcmkvMzgtcGFzYXBvcnQvNTUtcGFzYXBvcnQtdml6ZS1pc2xlbWxlcmkuaHRtbA==",suspicious
"http://www.lacos.de/cms_neu/index.php?option=com_mailto&tmpl=component&link=aHR0cDovL3d3dy5sYWNvcy5kZS9jbXNfbmV1L2luZGV4LnBocD9vcHRpb249Y29tX2NvbnRlbnQmdmlldz1hcnRpY2xlJmlkPTQ2JTNBc29uc3RpZ2VzJmNhdGlkPTEyJmxhbmc9ZGU=&lang=de",suspicious
"http://www.sanluricalcio.it/index.php?option=com_content&view=article&id=375:premiazioni-3&catid=41:memorial-cellino&Itemid=57",suspicious
"http://9779.info/%E6%9F%93%E7%BA%B8%E4%BD%9C%E5%93%81%E5%89%AA%E8%B4%B4%E7%94%BB/",suspicious
"http://www.mandyvollmer.de/sejeal.jpg",suspicious
"http://www.expatsalon.ru/index.php/2009-03-04-07-22-09/7/detail/21-dsc01726.html?tmpl=component",suspicious
"http://www.saludyestetica.cl/x.txt",suspicious
"http://www.trees-partner.ch/index.php?view=article&id=10:login&tmpl=component&print=1&layout=default&page=&option=com_content",suspicious
"http://kreuzleger.net/de/produkte/verblocker/rs-120.html",suspicious
"http://9779.info/%E5%BF%AB%E4%B9%90%E6%9A%91%E5%81%87%E7%9A%84%E5%89%AA%E8%B4%B4%E7%94%BB/",suspicious
"http://www.controlesuasvendas.com/controle-financeiro/21-ganancia-financas-pessoais.html",suspicious
"ufuzy3xalkx1fddhxiaink7w.review",suspicious
"http://www.otracosa.eu/collectie/244-acc-155.html",suspicious
"http://www.techlimits.com/downloads/478-sketchup-pro-demo?platform=mac",suspicious
"http://www.ijsbaanapeldoorn.nl/fotos-videos.html?vsig4_0=6&vsig4_1=18",suspicious
"http://guianaturologia.com.br/comunidade/videos/76-bruno-de-mattos/video/11-Naturologia:+alunos+da+Unisul+aprendem+na+prรกtica.html",suspicious
"http://www.albondon.org/index.php/component/banners/click/18",suspicious
"http://www.ex-forex.info/ourfriends/index.html?part=3",suspicious
"http://www.schoolvoorontwikkeling.nl/wat-doen-we/trainingen/86-enneagram-procesmodel?tmpl=component&print=1&layout=default&page=",suspicious
"http://centrofierachiuduno.com/index.php?option=com_content&view=article&id=30:pagamento-e-garanzia&catid=8:regolamento&Itemid=12",suspicious
"http://www.pidloga.com/index.php?option=com_virtuemart&Itemid=70",suspicious
"http://www.spicebrush.nl/index.html",suspicious
"http://www.nfa.com.tr/index.php?option=com_content&view=article&id=52&Itemid=102",suspicious
"http://www.sgeo.net/index.php?option=com_k2&view=item&layout=item&id=24&Itemid=11",suspicious
"http://www.fredhopper.com/news-room/place-proximity-and-space-in-e-commerce",suspicious
"http://www.niobestudio.com/index.php/ofertas-y-promociones",suspicious
"http://www.easy-process.de/audit-modul.html",suspicious
"http://www.smos.cn/News_2.asp?page=3",suspicious
"http://www.bbs1wob.de/organisation/schulleitung.html",suspicious
"http://www.brocantezussen.nl/index.php?page=shop.product_details&category_id=9&flypage=flypage.tpl&product_id=2889&option=com_virtuemart&Itemid=4",suspicious
"http://cmmtoronto.com/pt/medite/item/43-faithful-in-everything-by-pastor-arlindo-barreto",suspicious
"http://www.rv-bann.de/cms/index.php?option=com_content&view=category&id=25&Itemid=19",suspicious
"http://www.bessels.com/projecten/retail/10044huiskes-01.html",suspicious
"http://butrading.com/index.php?option=com_virtuemart&page=shop.browse&category_id=28&Itemid=56&lang=nl",suspicious
"http://maycanton.vn/index.php?option=com_contact&view=contact&id=1&Itemid=6",suspicious
"http://www.smalbro.dk/free-postcards-11-20",suspicious
"http://www.holtemidtpunkt.dk/index.php?option=com_contact&view=contact&id=16:irma&catid=12:contacts&Itemid=300",suspicious
"http://88logistics.com/index.php?option=com_content&view=category&layout=blog&id=3&Itemid=11",suspicious
"http://mcimst.at/impressum.html",suspicious
"http://www.briard-stark.de/component/rsgallery2/category/7.html",suspicious
"http://www.donganshi.com/jqqonline/qq.asp",suspicious
"http://www.prosuzdal.ru/index.php/posmotret-v-suzdale/37-dostoprimechatelnosti-suzdal/80-vosk-suzdal.html",suspicious
"http://www.yunnanguolv.com/book/List/List_195.html",suspicious
"http://www.sezioneanatreviso.it/index.php?option=com_content&view=article&id=196&Itemid=2&limitstart=5",suspicious
"http://www.dragoesdeaco.com.br/index.php?option=com_content&view=article&id=491:poiu",suspicious
"http://www.impactosmt.com.br/index.php?option=com_content&view=article&id=87:vida-ou-subvida&catid=38:artigos&Itemid=59",suspicious
"http://www.e-komotini.gr/index.php?option=com_mtree&task=listcats&cat_id=39&Itemid=1",suspicious
"http://www.bkr-laserscanning.de/index.php?option=com_mailto&tmpl=component&link=aHR0cDovL3d3dy5ia3ItbGFzZXJzY2FubmluZy5kZS9pbmRleC5waHA%2Fb3B0aW9uPWNvbV9jb250ZW50JnZpZXc9YXJ0aWNsZSZpZD01MjpwYXJ0bmVyJmNhdGlkPTM3OnBhcnRuZXImSXRlbWlkPTU3",suspicious
"http://www.speyerseminar.de/cms/index.php?option=com_docman&task=cat_view&gid=52&Itemid=100",suspicious
"http://www.bedfordi-kan.co.uk/business-advice/national-business-support-organisations/79-federation-of-small-businesses",suspicious
"http://www.thc-hanau.de/index.php/component/jevents/day.listevents/2013/01/22/-",suspicious
"http://www.52kafu.com/uploads/allimg/110321/1_110321222437_4.jpg",suspicious
"http://haishundl.com/a/qinpengqipaiguanfangxiazai/20131017/247.html",suspicious
"http://www.fzg-eu.de/index.php?option=com_content&view=frontpage&Itemid=53",suspicious
"http://www.ant-u.com/index.php?option=com_contact&view=contact&id=3:2010-06-18-11-49-50&catid=12:contacts&Itemid=18",suspicious
"http://www.casescout.org/index.php?option=com_content&view=article&id=6&Itemid=6",suspicious
"http://www.allaroundrental.com/index.php?option=com_virtuemart&Itemid=36",suspicious
"http://www.besztercekk.hu/index.php?option=com_lr&view=stadium&id=37&Itemid=158",suspicious
"http://www.bsc-md.de/index.php?option=com_content&view=article&id=175:protokoll-der-vorstandssitzung&catid=13:neuigkeiten&Itemid=80",suspicious
"http://pcavto.ru/forum/index.php?app=forums&module=forums&section=markasread&marktype=all&k=880ea6a14ea49e853634fbdc5015a024",suspicious
"http://chelurao.ru/index.php?option=com_content&view=article&id=4&Itemid=5&lang=ru",suspicious
"http://halalreturns.com/index.php?option=com_content&view=section&layout=blog&id=5&Itemid=54&format=feed&type=rss",suspicious
"http://webcamsocial.com/index.php?option=com_community&view=search&task=field&FIELD_STATE=chto?&Itemid=44",suspicious
"http://portal.dddgaming.com/docs/rules/15027/cn/game_cn.html?amluMjAxNQ%3D%3D",suspicious
"http://www.tlcllc.com/home/7-ron-potter-blog/66-logical-decisions.html",suspicious
"http://sls.org.cn/Pages/Article.aspx?lm=010903&pg=0",suspicious
"http://www.bellasposa.ro/sejeal.jpg",suspicious
"http://www.goecklingerhausbraeu.de/bilder/category/7/asSlideshow.html",suspicious
"http://www.autoursdurock.info/index.php?option=com_jevents&task=day.listevents&year=2013&month=01&day=02&Itemid=0",suspicious
"http://corps-et-ame-anglet.com/index.php?option=com_content&view=article&id=51&Itemid=56&vsig51_0=0",suspicious
"http://www.easy-process.de/de/eigenes-wissensmanagement.html",suspicious
"http://www.prefina.it/component/mailto/index.html?tmpl=component&link=08f193c13bf07d7de037caa20445945b1726e8cd",suspicious
"http://www.eternalimages.com.au/index.php?option=com_phocagallery&view=category&id=115:daniel-a-maxine&Itemid=54",suspicious
"http://www.ondrejov.cz/krizove-oddeleni",suspicious
"http://winkerdecoracion.com/sejeal.jpg",suspicious
"http://myimmobilier.com/index.php?%2Ffiscalite-de-limmobilier-par-un-resident-marocain.html",suspicious
"http://sls.org.cn/Pages/Detail.aspx?id=4085",suspicious
"http://www.xpj5988.com/pages/novice/register.htm;jsessionid=A77C20A90C6790855CB2882AD06183ED",suspicious
"http://9779.info/%E5%85%AD%E4%B8%80%E5%BF%AB%E4%B9%90%E7%B2%98%E8%B4%B4%E7%94%BB/",suspicious
"http://rendeck.com/index.php/nl/component/fabrik/view/form/10/2418",suspicious
"http://australasiansocceracademy.com.au/soccer/index.php?option=com_user&view=register&lang=en",suspicious
"http://www.unfallhilfe-bayern.de/index.php/polizei-rufen",suspicious
"http://www.merlvic.com.au/index.php?option=com_locator&view=location&layout=default&id=5796&Itemid=9",suspicious
"http://www.wijstaanvoordewijk.nl/home/87-scoren-voor-gezondheid-van-start-in-het-goffertstadion.html",suspicious
"http://radio-erbar.de/cms/index.html",suspicious
"http://neues-atelierhaus-panzerhalle.de/component/mailto/index.html?tmpl=component&link=aHR0cDovL25ldWVzLWF0ZWxpZXJoYXVzLXBhbnplcmhhbGxlLmRlL2xpbmtzLmh0bWw=",suspicious
"http://www.tiendagnulinux.com.ar/calcomanias-en-vinilo?page=shop.browse&category_id=57",suspicious
"http://radiouyuyuy.com/nuestros-locutores",suspicious
"http://hoaphatelectric.com/san-pham/thiet-bi-dien-dan-dung",suspicious
"http://guianaturologia.com.br/blog/item/32-incontinรชncia-urinรกria-em-homens.html",suspicious
"http://www.enderliag.ch/component/mailto/index.html?tmpl=component&link=aHR0cDovL3d3dy5lbmRlcmxpYWcuY2gva29udGFrdC5odG1s",suspicious
"http://9779.info/%E8%B1%86%E5%AD%90%E7%B2%98%E8%B4%B4%E7%94%BB/2.html",suspicious
"http://www.beckundbrauchle.de/index.php?option=com_content&view=article&id=51:swrverw&catid=3&Itemid=11",suspicious
"http://www.albondon.org/index.php/the-news/noticias-de-albondon/51-pena-de-seis-meses-de-carcel-por-incendiar-monte-bajo-con-una-quema-de-rastrojos",suspicious
"http://www.axelschweizer.de/links/2-links-zu-befreundeten-websites/32-eva-sandschneider.html",suspicious
"http://jcmt.nl/nl/diensten/10-reisbegeleiding",suspicious
"http://www.elenadatri.com/2008-2009.html",suspicious
"http://www.chleb.info.pl/component/search/index.html?searchword=ziemniakami&ordering=&searchphrase=all",suspicious
"buja.org.il/wp-content/themes/chagim/library/images/plates/bot.exe",suspicious
"http://www.kingsmillshotel.com/brave",suspicious
"http://www.wijstaanvoordewijk.nl/uitloggen.html",suspicious
"http://nailcenter.fr/index.php?option=com_content&view=article&id=20&Itemid=40",suspicious
"http://maycanton.vn/index.php?option=com_products&view=categories&id=4&Itemid=17",suspicious
"http://pscatm.com/index.php?option=com_contact&view=category&catid=60&Itemid=76",suspicious
"http://www.ilovespeedbumps.com/realistic-programs-in-toronto-colocation-data-centers-across-the-uk/",suspicious
"http://9779.info/%E6%8A%98%E7%BA%B8%E5%B8%86%E8%88%B9%E7%B2%98%E8%B4%B4%E7%94%BB/",suspicious
"http://www.reqntpvw.com/Public/softs/everything/2.0.6.7/all/SSFK_V2.0.6.7.exe",suspicious
"http://www.centroarmengol.com/index.php/imagen/consejos-de-belleza/107-ya-llega-la-navidad",suspicious
"http://www.feilonline.com/index.php/ordination?tmpl=component&print=1&page=",suspicious
"http://9779.info/%E7%AE%80%E5%8D%95%E7%9A%84%E7%B2%BD%E5%AD%90%E7%94%BB%E6%B3%95/",suspicious
"http://www.perthshire-caravans.co.uk/stock-list/caravans/new/541-bailey-orion-440-4",suspicious
"http://www.sibolgakota.go.id/index.php/pemerintahan/eksekutif/dinas.html",suspicious
"http://www.faceaffair.com.au/index.php?option=com_content&view=article&id=13&Itemid=26",suspicious
"http://socostura.com.br/produtos/item/2-movel-4-gavetas-/3-movel-4-gavetas-mogno.html",suspicious
"http://style.org.hc360.com/css/detail/mysite/siteconfig/pro_control.css",suspicious
"http://kerryshacklett.com/index.php?option=com_jevents&task=day.listevents&year=2012&month=12&day=19&Itemid=56",suspicious
"http://www.connexion3.gr/el/news/29-neo-site-3aim",suspicious
"http://khangvietdn.com/index.php?option=com_content&view=article&id=3&Itemid=18&lang=vi",suspicious
"http://www.cramarvets.co.uk/index.php?option=com_content&view=article&id=59&Itemid=54",suspicious
"http://www.rentmedia.com.ua/arenda-oborudovanija/multimedijnye-proektory-i-jekrany/katalog/73-jekran-612x462.html",suspicious
"http://www.e-solare.ro/index.html?vsig58_0=14",suspicious
"http://moustoir-ac.fr/origine-du-nom-de-la-commune.html",suspicious
"http://www.sikobv.nl/nl/route.html",suspicious
"http://9779.info/%E8%B1%86%E5%AD%90%E7%B2%98%E8%B4%B4%E7%94%BB%E5%9B%BE%E8%9D%B4%E8%9D%B6/",suspicious
"g-dent.ru",suspicious
"http://www.rsccaritas.ie/our-focus-areas",suspicious
"http://thecheekofher.com/news/302-megaphonic-ep-review",suspicious
"http://codep34.fr/index.php?option=com_content&view=article&id=46&Itemid=67",suspicious
"http://www.masrealestate.it/index.php?option=com_mailto&tmpl=component&link=aHR0cDovL3d3dy5tYXNyZWFsZXN0YXRlLml0L2luZGV4LnBocD9vcHRpb249Y29tX2NvbnRlbnQmdmlldz1hcnRpY2xlJmlkPTUlM0Fwcm9nZXR0YXppb25lJkl0ZW1pZD02Jmxhbmc9ZW4=&lang=en",suspicious
"http://www.thc-hanau.de/index.php/component/jevents/day.listevents/2013/01/21/-",suspicious
"http://liegen-sitzen.de/angebote/schlafen",suspicious
"http://www.bcm-shop.de/home.html?page=shop.browse&category_id=108",suspicious
"http://www.uklady.walery.com.pl/index.php/component/user/reset",suspicious
"http://ttlr.com/testimonials.html",suspicious
"http://www.teknocommerce.com/index.php?option=com_virtuemart&page=shop.browse&category_id=372&Itemid=53",suspicious
"http://dualphone.cz/dualphone-3088-fotogalerie/4-dualphone-3088-fotogalerie/detail/55-10010?tmpl=component",suspicious
"http://www.0068555.com/cl/tpl/commonFile/css/jquery-ui/sunny/jquery-ui-1.8.21.custom.css?v=ver31.32",suspicious
"http://www.tsilomitros.gr/component/mailto/index.html?tmpl=component&link=aHR0cDovL3d3dy50c2lsb21pdHJvcy5nci9jb21wb25lbnQvYXV0b3N0YW5kLz9mdW5jPWRldGFpbCZpZD0xNTI=",suspicious
"http://www.scandia-rasvereniging.nl/nl/scandia/9-betalingsinformatie.html",suspicious
"http://www.naturkost-odense.dk/nonfood",suspicious
"http://eurotravel.com.br/index.html",suspicious
"http://www.ets-audio.de/download/view.download/3/17.html",suspicious
"http://www.e-solare.ro/index.php?page=shop.product_details&category_id=152&flypage=flypage.tpl&product_id=963&option=com_virtuemart&Itemid=45",suspicious
"http://www.prosenior.ch/index.php?option=com_content&view=article&id=183&Itemid=60",suspicious
"http://www.dedrijfstang.nl/index.php/showdagen",suspicious
"http://www.autoretro.it/abarth/AB25.htm",suspicious
"http://9779.info/%E6%9C%89%E5%85%B3%E6%8A%A4%E7%90%86%E7%9A%84%E5%89%AA%E8%B4%B4%E7%94%BB/",suspicious
"http://www.belmontbaptistchurch.com/welcome-members/print",suspicious
"http://www.textilexpres.com/TE/index.php?option=com_content&view=category&id=911&Itemid=66&limitstart=10",suspicious
"http://www.atvmir.ru/company/news/4-news/37-atvall",suspicious
"http://www.mgth.fi/component/mailto/index.html?tmpl=component&link=aHR0cDovL3d3dy5tZ3RoLmZpL2V0dXNpdnUtcnlobWFlbi1hcnRpa2tlbGl0LzM2LXV1dGlzZXQtYWphbmtvaHRhaXN0YS8xMjUtbWd0aC1qYS1tYXJ0aW4tbm9sYW4teWh0ZWlzZWxsYWUta2Vpa2FsbGE=",suspicious
"http://www.fonatsch.at/index.php/stahlmaste/gerade-maste/zylindisch-abgesetzt-flutlicht-stahl.html?tmpl=component&print=1&page=",suspicious
"http://www.aquamarinadivingtenerife.com/en/news/100-news.html",suspicious
"http://www.rendeck.nl/index.php/nl/wie-zijn-wij/ons-bedrijf",suspicious
"http://norwestcooling.com/applications.html?tmpl=component&print=1&page=",suspicious
"http://www.magicmarcproductions.com/photos/blood-on-the-tracks-live-2011.html",suspicious
"http://financialaidtips.com/index.html",suspicious
"http://www.ifsqc.com/index.php?option=com_content&view=article&id=106&Itemid=107",suspicious
"http://acp-atlanta.org/en/acp-news.html",suspicious
"http://www.zuzatravel.pl/component/k2/itemlist/tag/mazury.html",suspicious
"http://www.beriva.lt/index.html?di=akcijos&Z=1&iid=677688",suspicious
"http://www.motechsolutions.co.uk/workstations-pcs-and-laptops.html",suspicious
"http://www.ocalicbysluzyc.pl/index.php?option=com_content&view=article&id=50&Itemid=40",suspicious
"http://mcimst.at/component/mailto/index.html?tmpl=component&link=aHR0cDovL21jaW1zdC5hdC9uZXdzLzYtYWxsZ2VtZWluLzEwOS13b3Jrc2hvcC16dS1zZWdlbGZsdWctdW5kLWVsZWt0cm9zZWdlbGZsdWcuaHRtbA==",suspicious
""http://torontochieftains.com/component/option,com_jevents/Itemid,29/catids,34/day,16/evid,36/month,03/task,icalrepeat.detail/title,indoor-training/uid,4ea224ad79844c90de9e72bbf34bfc05/year,2013/index.html"",suspicious
"http://www.nicolatessari.it/index.php/it/home?tmpl=component&print=1&page=",suspicious
"http://www.zruby.sk/index.php/component/mailto/index.html?tmpl=component&link=aHR0cDovL3d3dy56cnVieS5zay9pbmRleC5waHAva2F0YWxvZy16cnVib3YtbWFpbm1lbnUtNzIvNTg4LXpydWItYy0xMg==",suspicious
"http://die-hauensteins.com/Skifahren2003/Zauchensee/album/index.html",suspicious
"http://www.acranes.com/index.php?option=com_user&view=reset",suspicious
"http://www.duplexindustrial.com.au/bacchus-static.html",suspicious
"http://www.rigsolutions.nl/index.html",suspicious
"http://www.knaul-beyer.de/index.php?option=com_content&view=article&id=47&Itemid=2",suspicious
"http://resitalmuzik.net/index.html",suspicious
"http://euromonolit.com/jobs-sales",suspicious
"http://www.yzsyedu.com/detail.aspx?typeid=25",suspicious
"http://style.org.hc360.com/css/detail/mysite/siteconfig/pro_control.css",suspicious
"http://haishundl.com/a/qinpengqipaiguanfangxiazai/20131014/226.html",suspicious
"http://www.estetango.com/eventi-ferrara/details/48-serata-di-beneficenza.html",suspicious
"http://9779.info/%E4%BA%B2%E5%AD%90%E6%AF%9B%E7%BA%BF%E8%B4%B4%E7%94%BB/",suspicious
"http://945wg.com/news/index.html?564.html",suspicious
"http://djamarildocastro.com.br/index.php?option=com_prayercenter&task=newreq&Itemid=73",suspicious
"http://www.symedin.com/a.htm",suspicious
"http://siaco.it/competenze/ambiente/45-contributi-certificazioni.html",suspicious
"http://9779.info/%E5%B9%BC%E5%84%BF%E5%9B%AD%E5%89%AA%E8%B4%B4%E7%94%BB/",suspicious
"http://comies.nl/index.php/15-mei-gratis-proefles-nlp?el_mcal_month=4&el_mcal_year=2013",suspicious
"http://www.ggs-muehleip-betreuung.de/index.php?option=com_content&view=article&id=50&Itemid=57",suspicious
"http://kerryshacklett.com/index.php?option=com_jevents&task=day.listevents&year=2012&month=12&day=12&Itemid=56",suspicious
"http://www.eurofrutticolasud.it/en/the-farm.html?tmpl=component&print=1&page=",suspicious
"http://www.bukitesveiki.lt/component/mailto/index.html?tmpl=component&link=aHR0cDovL3d3dy5idWtpdGVzdmVpa2kubHQvbGFpZHVhcmNoeXZhcy8yOTItc2F1bC1hcHNhdWdhLW51by11bHRyYXZpb2xldGluaS1zcGluZHVsaQ==",suspicious
"http://www.paulbattams.com.au/index.php?view=detail&id=69&option=com_joomgallery&Itemid=17",suspicious
"http://aciai.com.br/index.php?option=com_content&view=article&id=47&Itemid=37&fontstyle=f-smaller",suspicious
"http://www.vmsdoorsolutions.nl/latest-news/53-mets-2009.html",suspicious
"http://www.videostudio.hu/altalanos/partijatekok-tesztje.html",suspicious
"http://img169.ph.126.net/KZGbkXjfn9lecsNb_cGGoA==/2171297970347871520.jpg",suspicious
"http://amarooblondes.com/why-blondes/50-peter-and-joy-beacham-baby-beef-producer-pinjarrah-wa",suspicious
"http://www.masseyfergusonsocialclub.co.uk/index.php?option=com_events&task=view_day&year=2013&month=02&day=26&Itemid=75",suspicious
"http://www.thegreenscene.info/compare-us?tmpl=component&print=1&page=",suspicious
"http://www.ganyuan.net/newsshow.asp?id=9",suspicious
"http://www.szovetseg.eu/feladatok.php?name=Palyazatok",suspicious
"http://www.casasyapartamentosvacacionalesenmargarita.com/index.php",suspicious
"http://www.ggs-muehleip-betreuung.de/index.php?option=com_content&view=article&id=57&Itemid=59",suspicious
"http://www.interrail.it/interrail_news/index.php?option=com_mailto&tmpl=component&link=aHR0cDovL3d3dy5pbnRlcnJhaWwuaXQvaW50ZXJyYWlsX25ld3MvaW5kZXgucGhwP29wdGlvbj1jb21fY29udGVudCZ2aWV3PWFydGljbGUmaWQ9NjA6YXRsYW50ZS10cmFudmllJmNhdGlkPTE6dWx0aW1lLW5vdGl6aWU=",suspicious
"http://copremon.com.br/component/mailto/index.html?tmpl=component&link=aHR0cDovL2NvcHJlbW9uLmNvbS5ici9maXF1ZS1wb3ItZGVudHJvLzQ5Mi1jb29wZXJhdGl2YXMtZGUtY3JlZGl0by1kZXZlbS10cmlwbGljYXItYS1wYXJ0aWNpcGFjYW8tbm8tbWVyY2Fkby1lbS1jaW5jby1hbm9zLmh0bWw=",suspicious
"http://samukylmala.com/netti/index.php?option=com_content&view=article&id=101:25032012-rotax-challenge-genk-belgia&catid=1:latest-news&Itemid=50",suspicious
"http://www.decaturanimaler.com/component/contact/13-management/5-will-draper-dvm.html",suspicious
"http://cintasmetricas.com/index.html",suspicious
"http://www.ant-u.com/index.php?option=com_mailto&tmpl=component&link=aHR0cDovL3d3dy5hbnQtdS5jb20vaW5kZXgucGhwP29wdGlvbj1jb21fY29udGVudCZ2aWV3PWFydGljbGUmaWQ9NTAlM0EyMDEwLTA1LTMxLTE0LTM3LTEyJmNhdGlkPTI1JTNBdGhlLXByb2plY3QmSXRlbWlkPTM3",suspicious
"http://9779.info/%E5%A2%99%E5%A3%81%E8%B4%B4%E7%94%BB%E6%95%88%E6%9E%9C%E5%A4%A7%E5%9B%BE/",suspicious
"http://www.userp.org.br/index.php?option=com_content&view=article&id=102&Itemid=186",suspicious
"http://supergorod.ru/index.php/2010-09-12-15-04-02/2010-12-02-13-32-43/10-2010-11-17-21-09-09/3-2010-12-02-13-45-05",suspicious
"http://grasslandhotel.com.vn/index.php/tours/mysontours/items/fbtrack.js",suspicious
"http://myimmobilier.com/index.php?%2Ftransaction-achat-vente-paris.html",suspicious
"http://virginiabeachautobody.com/index.php?option=com_mailto&tmpl=component&link=aHR0cDovL3ZpcmdpbmlhYmVhY2hhdXRvYm9keS5jb20vaW5kZXgucGhwP29wdGlvbj1jb21fY29udGVudCZ2aWV3PWFydGljbGUmaWQ9NjA6bG9nby1lZGl0aW5nJmNhdGlkPTM2OmRlbW8tYXJ0aWNsZXM=",suspicious
"http://www.kinnaree.co.uk/index.php?option=com_content&view=article&id=77:kinnaree-awarded-seal-of-approval-by-thai-embassy&catid=7:news&Itemid=23",suspicious
"http://www.bsc-md.de/x.txt",suspicious
"http://center-translate.ru/index.php/marshak-perevodchik",suspicious
"http://www.uspenie.info/center.html",suspicious
"http://www.feilonline.com/index.php/news-medizin/21-news-medizin/42-sagb-a-dm2?tmpl=component&print=1&layout=default&page=",suspicious
"http://martinprothero.com/index.php/gallery/1/46-?tmpl=component&phocadownload=1",suspicious
"http://www.longfengxie.com/img/aHR0cDovL3Jlcy5kYWRpa2lkLm5ldC9FZGl0b3IvMjAxMC8xMS8yMDEwMTExNjE1MzAyOTYzNy5qcGc=.jpg",suspicious
"http://www.demunjones.com/index.php?option=com_mailto&tmpl=component&link=aHR0cDovL3d3dy5kZW11bmpvbmVzLmNvbS9pbmRleC5waHA%2Fb3B0aW9uPWNvbV9jb250ZW50JnZpZXc9YXJ0aWNsZSZpZD04MjpyZWhhYi1vbi1zdGFnZS13aXRoLXN1bm55LWxlZGZ1cmQtaW4tbmFzaHZpbGxlJmNhdGlkPTE6bmV3cyZJdGVtaWQ9MQ==",suspicious
"http://littlebigjosh.com/video-gallery?task=seyrethelp",suspicious
"http://die-hauensteins.com/Skifahren2003/Zauchensee/album/index.html",suspicious
"http://www.prattein.com.br/index.php?option=com_content&view=article&id=435:mortalidade-infantil-e-maior-entre-criancas-de-ate-seis-dias&catid=23:informacoes-analises-e-pesquisas&Itemid=129",suspicious
"http://www.saborlatinosp.it/it/fotogallery/7-maremma-que-salsa-grosseto-2004/detail/38-daniele-barbaraimenez.html?tmpl=component",suspicious
"http://www.kospel.pl/pl/produkty.html?start=9",suspicious
"http://programsolutionsgroup.com/components/com_portfolio/includes/phpthumb/phpThumb.php?w=700&h=450&src=..%2F..%2F..%2F..%2Fimages%2Fstories%2Fportfolio%2Fitem_original%2F3_1261613646.jpg",suspicious
"http://www.aba-diagnostic.com/amiante.html",suspicious
"http://www.ekwdesign.de/referenzen/webdesign/246-webdesign-klapper-gehoert-zum-handwerk.html",suspicious
"http://amusementlamp.com/en/Company_Certificate.html",suspicious
"http://raulthomas.com/index.php?option=com_content&view=article&id=22&Itemid=11",suspicious
"http://www.pashminaonline.com/sustainable-development",suspicious
"http://www.thc-hanau.de/index.php?start=35",suspicious
"http://shicaifanxin.cn/index.php?s=video/search/wd/%E5%9F%83%E9%87%8C%E5%85%8B",suspicious
"http://www.js182.com/app/member/SportOption.php?uid=guest&langx=gb",suspicious
"http://troikacapital.ru/spory_prekrativshego_deyatelnost_ip_popadaut_pod_deystvie_arbitrazhnogo_suda",suspicious
"http://www.tirionklasse.nl/foto/item/309/asInline.html",suspicious
"http://www.webconference.su/index.php?view=article&catid=34:2010-07-04-14-54-09&id=46:about-us&tmpl=component&print=1&layout=default&page=",suspicious
"http://carpetcleaningleaflets.com/index.php?option=com_xmap&sitemap=1&Itemid=56",suspicious
"http://myhealthbrand.com/index.php?option=com_content&view=article&id=71:2012-01-29-11-37-14&catid=35:articles&Itemid=182&lang=bg",suspicious
"http://tuvanbatdongsan.vn/Tin-tuc-bat-dong-san/index.html",suspicious
"http://khangvietdn.com/index.php?option=com_content&view=article&id=20:t-vn-x-ly-moi-trng&catid=3:dch-v&Itemid=22&lang=vi",suspicious
"http://www.mnemonicmultimedia.com/website-hosting/network-infrastructure",suspicious
"http://www.twocircles.co.uk/index.php?option=com_fwgallery&view=image&id=495:gradings-november-2011&Itemid=18",suspicious
"http://crisantocirugiaplastica.com/index.php?option=com_content&view=category&layout=blog&id=13&Itemid=67",suspicious
"http://www.ccimb.com.br/eventos.html",suspicious
"http://www.prismpgh.org/activities-registration.html",suspicious
"imprimamais.com/joomla/cache/media/config.jpg",suspicious
"sjjzhbefnztidlxipp37q.trade",suspicious
"http://www.5djd.cn/images/201304/goods_img/2759_G_1365344235452.jpg",suspicious
"http://www.0068555.com/app/member/SportOption.php?uid=guest&langx=gb",suspicious
"http://www.originalvolunteers.co.uk/destinations/africa.html",suspicious
"http://www.makeascene.com.au/index.php/faqs-and-downloads/36-commedia-faqs/61-what-is-the-maximum-number-of-students-you-can-have-in-one-session-",suspicious
"http://www.mariettachurchofgod.com/index.php?65867e1x3",suspicious
"http://spplodz.nazwa.pl/archiwum/2006_10a.php",suspicious
"http://grasslandhotel.com.vn/index.php/tours/culaochamtours/items/2-roomscategory",suspicious
"http://www.botoxina.com/index.php?view=article&catid=43:2009&id=71:february2009&format=pdf&option=com_content&Itemid=94&lang=en",suspicious
"http://www.musimagen.com/index.php?option=com_content&view=article&id=153:la-coctelera-sonica-musica-para-todos&catid=1:noticias&Itemid=24",suspicious
"http://zimmermannmedia.com/index.php?option=com_content&view=category&layout=blog&id=34&Itemid=56",suspicious
"http://helptheorphans.net/index.php?option=com_content&view=article&id=139&Itemid=136",suspicious
"http://www.fdp-muenchen-west.de/index.php?view=article&id=170:dr-daniel-volk-kandidiert-wieder-fuer-die-fdp-im-muenchner-westen&format=pdf&option=com_content&Itemid=28",suspicious
"http://www.newstudy.net/community/Web_nList.aspx?acaidx=0&sflag=1&mflag=NOT",suspicious
"http://manosunidasciudadreal.org/index.php?limitstart=15",suspicious
"http://9779.info/%E8%A1%8D%E7%BA%B8%E8%B4%B4%E7%94%BB%E5%9B%BE%E7%89%87%E6%AC%A3%E8%B5%8F/",suspicious
"http://www.hotsource.ch/index.php?option=com_content&view=article&id=80&Itemid=87",suspicious
"http://www.windmillag.com.au/toys-and-merchandise/john-deere-playtime/11/42/toys-and-merchandise/john-deere-play-time/P-my-first-john-deere-collectable",suspicious
"http://naadbank.com/index.php?option=com_content&view=article&id=31:is-it-useful-to-install-the-sample-data&catid=27:new-to-joomla&Itemid=44",suspicious
"http://www.sanmarinosposi.com/index.php?option=com_content&view=article&id=152:pais-tropical&catid=49:servizi-per-la-cerimonia&Itemid=71",suspicious
"http://raysbicycle.com.au/index.php?option=com_redshop&view=search&layout=productonsale&Itemid=5&limit=5&limitstart=20",suspicious
"http://tradesmedia.com.au/lost-user-name.html",suspicious
"http://projeto.org.br/index.php?option=com_content&view=article&id=60&Itemid=60",suspicious
"http://mcimst.at/kalender.html",suspicious
"http://www.biodiatrofi.gr/index.php?option=com_user&view=reset&lang=en",suspicious
"http://www.coleyglesias.com/index.php?option=com_content&view=category&layout=blog&id=28&Itemid=57",suspicious
"http://www.tomaspaulik.cz/glosy/politika/17-zpusobi-kalousek-katastrofu-statnich-financi",suspicious
"http://www.winnerhydraulicsusa.com/webstore/store/listcategoriesandproducts.asp?idcategory=156",suspicious
"http://grasslandhotel.com.vn/index.php/tours/hoiantours/items/fbtrack.js",suspicious
"http://www.prxonline.net/index.php?view=article&id=79:superpktoument&tmpl=component&print=1&layout=default&page=&option=com_content&Itemid=90",suspicious
"http://www.generalcustom.com.br/index.php?option=com_content&view=article&id=108:onde-comprar&catid=42:assuntosgerais&Itemid=74",suspicious
"http://www.fagnaniebertagnoli.it/IMPIANTI-GAS-METANO/ag.html",suspicious
"http://www.klavierhaus-alber.de/index.php?option=com_content&view=article&id=60&Itemid=96",suspicious
"http://www.custi-animale.ro/magazin-on-line/custi-iepuri/suport-sustinere",suspicious
"http://9779.info/%E4%BA%BA%E7%89%A9%E6%8A%BD%E8%B1%A1%E9%BB%91%E7%99%BD%E8%A3%85%E9%A5%B0%E7%94%BB/",suspicious
"http://chelurao.ru/index.php?option=com_jforms&view=form&id=1&Itemid=81&lang=ru",suspicious
"http://koronazrt.hu/index.php/hu/akciok/324-teli-vasar.html",suspicious
"http://agrisemm.com/customers",suspicious
"http://www.slab.ro/nutritie/85-teoria-caloriilor",suspicious
"http://www.leondabytheyarra.com.au/wedding-ceremonies.html",suspicious
"http://www.fahrschule-niepel-hannover.de/service/faq/tags/9-sonderfahrten",suspicious
"http://www.vetquality.com.br/especialidades/dermatologia",suspicious
"http://www.carretasereboques.com.br/index.php?option=com_content&view=article&id=12&Itemid=17",suspicious
"http://halalreturns.com/index.php?option=com_mailto&tmpl=component&link=ec3e6028328f626dad42016179e9bab41e817e36",suspicious
"http://maycanton.vn/index.php?option=com_products&view=categories&id=2&Itemid=15",suspicious
"http://www.ifk-motion.dk/index.php?option=com_user&view=reset&Itemid=66",suspicious
"http://www.vakantiehuislereve.nl/index.php?view=category&catid=3&option=com_joomgallery&Itemid=82",suspicious
"http://www.beriva.lt/index.html?di=akcijos&Z=1&iid=389598",suspicious
"http://cignetfund.com/index.php/charity/2011-charity-golf?tmpl=component&print=1&page=",suspicious
"http://www.newtec.ac.uk/newtec-nurseries/newtec-east-ham-nursery/rooms-and-facilities.html",suspicious
""http://www.nordseemiete.de/dithmarschen/kaiser-wilhelm-koog.html?lang=de_DE.UTF-8,+de_CH.U"",suspicious
"http://www.spasanctuarysite.com/makeup.html",suspicious
"http://www.berufungswege.de/aktuelles/20-oasentage-in-fockenfeld.html",suspicious
"http://wollatonhouse.com/pre-school-education.html",suspicious
"http://www.plasmacamcnc.com/index.php?option=com_content&view=article&id=66:artistic-application&catid=1&str=frontpage",suspicious
"http://www.barbiericatering.com/v3/index.php?option=com_content&view=article&id=86&Itemid=112",suspicious
"http://www.elektro-vozila.si/flexbanner-2",suspicious
"http://www.keokukyachtclub.com/index.php?option=com_content&view=article&id=114:july-2012-monthly-board-meeting-minutes&catid=35:board-meeting-minutes&Itemid=58",suspicious
"http://anvari.co/index.php?option=com_user&view=register&Itemid=686&FontSize=font-large",suspicious
"http://www.mbdalmezun.com/mudurlerimiz.htm",suspicious
"http://affmj.org/index.php?option=com_content&view=article&id=11:optimiser-la-gestion-de-son-secteur-commercial&catid=12:formations-commerciales&Itemid=17",suspicious
""http://www.tellimus.ee/et/pood/details/2958/189/lures/metal-lures/seatrout,-17g,-7cm,-colour-19.html"",suspicious
"http://www.cms01.global-partners.co.jp/index2.php?page=shop.recommend&product_id=2&pop=1&tmpl=component&option=com_virtuemart&Itemid=1",suspicious
"http://hotlinegsm.com/products/samsung-i9300-galaxy-s-iii-detail",suspicious
"http://www.dijoser.pt/index.php/empresa/clientes/1-referencias/detail/6-azal.html?tmpl=component",suspicious
"http://svadebny.com/index.php?option=com_content&view=article&catid=117&id=1240&Itemid=703",suspicious
"http://hsv-deswalm.nl/index.php?option=com_content&view=category&layout=blog&id=43&Itemid=69&lang=nl",suspicious
"http://eu-chinadebtsolutions.com/index.php/en/regulation-on-complaints?tmpl=component&print=1&page=",suspicious
"http://fonts.googleapis.com/css?family=Noto+Sans%3A400italic%2C700italic%2C400%2C700%7CNoto+Serif%3A400italic%2C700italic%2C400%2C700%7CInconsolata%3A400%2C700&subset=latin%2Clatin-ext",suspicious
"http://www.gillben.com/exterior/landscaping",suspicious
"http://www.prosuzdal.ru/index.html",suspicious
"http://isikpandizot.com/wp-content/themes/ta-pluton/css/bootstrap.min.css?ver=3.3.4",suspicious
"http://gleitschirmfluege.com/component/content/article/5-paragliding-news/10-gleitschirmfliegen-in-indien-himalaya",suspicious
"http://www.billios.gr/el/2009-08-24-11-44-33/1-gallery/detail/87-123-388?tmpl=component",suspicious
"http://www.briard-profi.de/component/rsgallery2/category/4/asSlideshow.html",suspicious
"http://www.kimebat.be/index.php?option=com_content&view=category&id=4&Itemid=20",suspicious
"http://www.salsven.com/index.php?option=com_content&view=article&id=69&Itemid=59",suspicious
"http://www.safaribar.cz/fotky/category/78-midnight-sun-2010-v-safari-28.-5.-2010-by-patrik-sniehotta.html",suspicious
"http://coppeliaescoladeballet.com.br/index.php?option=com_portfolio&id=4&view=item",suspicious
"http://www.radioniepokalanow.pl/o-nas/ludzie.html",suspicious
"http://www.sanluricalcio.it/index.php?option=com_joomleague&func=showranking&p=3&Itemid=67&type=&order=loss&dir=DESC",suspicious
"http://www.knaul-beyer.de/index.php?view=article&catid=30:die-community&id=27:die-joomla-gemeinschaft&tmpl=component&print=1&layout=default&page=&option=com_content&Itemid=30",suspicious
"http://www.animalairways.com/company/approach/simple-a-safe.html",suspicious
"http://www.mgth.fi/index.php?view=article&catid=36:uutiset-ajankohtaista&id=126:mgth-duon-alkusyksyn-keikat&tmpl=component&print=1&layout=default&page=",suspicious
"http://sventedorsthorst.nl/index.php/nieuws?start=5",suspicious
"http://rivabella-corsica.com/index.php/Contact/meteo.html",suspicious
"http://www.kidsfestshellharbour.com.au/index.php?option=com_content&view=article&id=105:kidsfest-playspots-a&catid=49&Itemid=91",suspicious
"http://www.bandabiografia.com.br/index.php/variedades/parceiros",suspicious
"http://www.saegewerk-strubelt.de/index.php?view=article&id=15:lyonesspartner&tmpl=component&print=1&layout=default&page=&option=com_content&Itemid=14",suspicious
"http://www.rozsiam.com/index.php?option=com_content&view=category&layout=blog&id=36&Itemid=97",suspicious
"http://kaempre.com/index.php?option=com_content&view=article&id=62:10032010-ueberraschung-fuer-schlaganfall-forscher",suspicious
"http://www.fdp-muenchen-west.de/index.php?view=article&id=65:die-fdp-im-vergleich&format=pdf&option=com_content&Itemid=59",suspicious
"http://www.nordseemiete.de/index.html",suspicious
"http://www.bjorklidensgolfklubb.se/index.php/klubben/medlemskap/83-informationinenglish",suspicious
"http://www.controlesuasvendas.com/controle-de-estoque/14-controle-de-estoque-excel-xp2003.html",suspicious
"http://www.multimediaweb.eu/it/multimedia/virtual-reality/parallax.html",suspicious
"http://www.liceorutigliano.com/index.php?option=com_content&view=article&id=233&Itemid=184",suspicious
"http://peraki.com/index.php?view=weblink&catid=40:business&id=7:hyphen-engineering-education&option=com_weblinks&Itemid=65",suspicious
"http://www.enolr.com/event-calendar/cal/date/2013-02-01/13.html",suspicious
"http://saraty.com.br/index.php?view=article&catid=1:latest-news&id=1:bem-vindo-ao-saraty&format=pdf&option=com_content&Itemid=61",suspicious
"http://www.kdw-nettetal.de/index.php/archiv/94-zu-gast-in-portugal.html",suspicious
"http://cegtabla.com/foliavagas",suspicious
"http://www.aibek.kz/index.php/2011-08-09-16-39-22?start=8",suspicious
"http://www.rentmedia.com.ua/arenda-oborudovanija/multimedijnye-proektory-i-jekrany/katalog/72-christie-lx1500.html",suspicious
"http://www.nhomkinhdep.com/phong-tam-nhom-kinh.html",suspicious
"http://www.briard-stark.de/component/rsgallery2/item/8/asInline.html",suspicious
"http://www.0068555.com/cl/?module=System&method=LiveTop&args=livehall",suspicious
"http://www.tvsk.com.au/index.php?option=com_redshop&view=ask_question&pid=54&tmpl=component&Itemid=26",suspicious
"seyidogullaripeyzaj.com",suspicious
"http://silca02.it/confezioni-scatole/serie-di-coordinati/scatole-coordinate-giovanni-pina",suspicious
"http://pznsk.ru/index.php?option=com_estateagent&view=showproperty&id=79&ml=1",suspicious
"http://www.beckundbrauchle.de/index.php?option=com_content&view=article&id=17&Itemid=24",suspicious
"http://dhc-sport.com/index.php?option=com_virtuemart&page=shop.browse&category_id=34&Itemid=53",suspicious
"http://www.pomorskie-lzs.pl/index.php?option=com_content&view=frontpage&Itemid=1",suspicious
"http://www.lebenslauf-fischerbach.de/index.php?option=com_joomgallery&func=viewcategory&catid=4&Itemid=4",suspicious
"http://www.filimited.co.uk/case-studies/admirals-park.html",suspicious
"http://peraki.com/index.php?option=com_content&view=category&id=1&Itemid=64",suspicious
"http://www.moravianchurchehc.org/calendar/event/ZHU3YTY4cmxrNm1tcDFnZTM4MGRqdTJuYnNfMjAxMzAyMDNUMTQxNTAwWiBxZG9tdDVva3E3Ym1sOGhtanUzbWh2dWtiY0Bn/1.html?start=1359904500&end=1359908100",suspicious
"http://www.imd.net.my/training/trainingprogramlist.html",suspicious
"http://kccs.nichost.ru/index.php?option=com_content&view=article&id=113:2012-09-18-19-58-30&catid=17:news&Itemid=35",suspicious
"http://www.rowdensoftware.co.uk/cms-benefits/12-partnership-with-versatec.html",suspicious
"http://www.bruecke-erding.de/index.php?option=com_content&view=article&id=51&Itemid=56",suspicious
"http://martinprothero.com/index.php/gallery/4/63-?tmpl=component&phocadownload=1",suspicious
"http://www.114633.com/cl/?module=System&method=MAdvertis&other=MemberExclusiveII&ExclusiveNo=0",suspicious
"http://www.sneakpeek3d4d.com/component/mailto/index.html?tmpl=component&link=aHR0cDovL3d3dy5zbmVha3BlZWszZDRkLmNvbS9wb3J0Zm9saW8uaHRtbA==",suspicious
"http://www.mirakelkursen.org/artiklar-om-ekim/51-vad-mirakelkursen-saeger-kenneth-wapnick?start=1",suspicious
"br-icloud.com.br",unsafe
"signin.eby.de.zukruygxctzmmqi.civpro.co.za",unsafe
"http://www.marketingbyinternet.com/mo/e56508df639f6ce7d55c81ee3fcd5ba8/",unsafe
"https://docs.google.com/spreadsheet/viewform?formkey=dGg2Z1lCUHlSdjllTVNRUW50TFIzSkE6MQ",unsafe
"retajconsultancy.com",unsafe
"http://www.martin-busker.de/administrator/help/en-GB/css/Facture/c4d12146ebce8e1684d3542308399779/8fa39dab95edb1b676b638a672278eae/particuliers-45636.php",unsafe
"alexpay2.beget.tech",unsafe
"facebook.unitedcolleges.net",unsafe
"http://www.bimabn.com/1-configurazione-supporto-apple.store-contatta/c/Apple-id/3d465e25b47e6bc23ae55f5de40e1bb1/",unsafe
"halkbankparaf-para.com",unsafe
"http://www.designeremdoces.com/components/com_contact/ggdrives/",unsafe
"roverslands.net",unsafe
"corporacionrossenditotours.com",unsafe
"http://drive-google-com.fanalav.com/6a7ec96d6a4b8b887e9f9ace81b40a99/",unsafe
"detkreimeier-fotografie.de",unsafe
"info-pages.000webhostapp.com",unsafe
"myptccash.com",unsafe
"citiprepaid-salarysea-at.tk",unsafe
"http://www.smc-images.co.uk/images/index_hvoda_2311_10.html",unsafe
"appieid-enable.com",unsafe
"autopostoajax.com.br",unsafe
"muhanovabeauty.ru",unsafe
"rcarpe95.beget.tech",unsafe
"http://fb.com.accounts.login.userid.343441.fbsbk.com/",unsafe
"titaniumcorporate.co.za",unsafe
"sydsarthaus.com",unsafe
"http://icomtec.com.my/westpac.au/login.westpac.au/update.billing/information/westpac.au/index.html",unsafe
"afugowe.com",unsafe
"ammmmazonm.temp.swtest.ru",unsafe
"http://www.naylorantiques.com/d0y_qx_6_l_6hqo_ewkbketxbu1u7oy10gmkyfrgwnm8llrdhlxcps_ale1_d9b6mij__8tja_b1t__hke2i6dv4xmv0f1fr24/i5_mlqfp_znd5_khgrrgbwjyv__q6gz1yve5hq7agfj3o_pt8awujg9vuy1__d7hqr8yt42n__luu_hep_1et_dlku4_0f1_5_o/QDCHOZ0LZW.php",unsafe
"http://pastehtml.com/view/b2i243gkw.html",unsafe
"info-online-account.net",unsafe
"http://www.ksra.ca/form/use/verify/form1.html",unsafe
"nihahaw5.beget.tech",unsafe
"waterviewdistillery.com",unsafe
"prodenk-sanierung.de",unsafe
"smarticullties.com",unsafe
"checkstorenow.ml",unsafe
"diego-fc.com",unsafe
"idservicetelsmsmmssfr.000webhostapp.com",unsafe
"bursakombiservisi.web.tr",unsafe
"http://www.lappiramis.hu/wordpress/wp-content/themes/twentyeleven/inc/images/index.htm",unsafe
"starpacintl.com",unsafe
"http://www.hippapi.org/test/itunes.login/WebObjects/iTunesConnect.html",unsafe
"inobediencetohim.com.au",unsafe
"http://habbomoedasgeraa.blogspot.com/",unsafe
"sixgoody.com",unsafe
"account-security-centre20181712.000webhostapp.com",unsafe
"http://appleid.apple.co.uk.cgi-bin.webobjects.myappleid.woa.verify9.eu-id3.net/identify-customer=7gqIFbqj8arzSIQO5462DGWSCYDxgFcMXV0VVmRocB9YDXSVIl1eZXQ59t7hONf6Cy0nMNK3AXoC9tBGK0a7HH4hMrD16GBsW593/",unsafe
"scr-paypal.co.uk",unsafe
"toctok.com.mx",unsafe
"http://www.naylorantiques.com/MRR%20Uhzs/twGEShRCGGSDAMSWUtjTUgyUIvxFqOEJwHa/",unsafe
"http://pastehtml.com/view/bfzi0ah2a.html",unsafe
"http://mikteks.biz/S7XIde/webscr_prim.php?bWlrdGVrcy5iaXo=uhsdsusu5485757kUJHNN546221oPLKj988777AOP784MTM1MDkxODc4OA==",unsafe
"facebook.jolims.tk",unsafe
"contatocliente-sac.com.br",unsafe
"http://www.itfindia.org/confirmation-account/c85652703f710065c1255aa03a9aefae/53ca17bd02579e9464e40735557fdfeb/login.php",unsafe
"holographiccocoon.com",unsafe
"emergencybriefing.info",unsafe
"wisdomhomeloans.com.au",unsafe
"peregrine.igg.biz",unsafe
"insidelocation.ga",unsafe
"newyors.com",unsafe
"http://us.diablo.net.login.xml.sc-ueo.in/login.html",unsafe
"gojukarate.biz",unsafe
"prosdyuqnsdwxm.intend-incredible.ru",unsafe
"oregoncraftsmanllc.com",unsafe
"http://skat-vviztmhc.pepespizza.com/skat.dk/personlige-oplysninger.html",unsafe
"http://creditmaster.eu/7416077659/241250503/",unsafe
"http://distrimarsanitarios.soydg.com/wp-content/themes/jay/178bccdcc72168f6eaeec8c4b3b336fe/",unsafe
"servericer.wellsfarg0t.com.aquisites.net",unsafe
"sitedefesta.com",unsafe
"yikesprospho.com.gridhosted.co.uk",unsafe
"http://pastehtml.com/view/bfza8l1z0.html",unsafe
"jmdphysiotronic.in",unsafe
"copcusco.ml",unsafe
"http://appleid.apple.co.uk.cgi-bin.webobjects.myappleid.woa.verify2.srv-woa1.com/identify-customer=FNMS8Sl674LLjwtXQ13gHYMQsnz8FgTNjLW7WNBqQUeybUMKAbBRveUn5BVgC4PKWtx8GcSegWNIDajcukqmCoArLNaOaMpkt5YF/",unsafe
"http://www.jjscdc.cn/adfile/login.html?us.battle.net/login/en/?ref=us.battle.net/d3/en/index",unsafe
"jetztgezahlt.xyz",unsafe
"desayembrqvxvvegpzvs.littlematchagirl.com.au",unsafe
"acacacukserver.000webhostapp.com",unsafe
"smolmaw5.beget.tech",unsafe
"nsbaoan.com",unsafe
"http://netvanduc.vn/components/com_contact/views/contact/frm.htm",unsafe
"shortletnigeria.ng",unsafe
"morinyog.usa.cc",unsafe
"demaingroup.com",unsafe
"apnavarsa.com",unsafe
"eec-courier.com",unsafe
"grandhyattbahamar.org",unsafe
"matisslima.com",unsafe
"http://www.svssonline.com/ragamfashion.com/_DEMO_File/colorpicker/css/.press/dropbox/dropbox/dropbox/dropbox/dropbox/",unsafe
"mysqatendimentov3.uni5.net",unsafe
"debbiewoodsyoga.com",unsafe
"malerei-roli.at",unsafe
"http://us.battle.net.d3.loginwowow.com/login/en/",unsafe
"newdamianamiaiua.it",unsafe
"fcnmbnig.com",unsafe
"http://appleid.apple.co.uk.cgi-bin.webobjects.myappleid.woa.verify0.srv-woa1.co.uk/identify-customer=UPCreyG36Qn8Z7WQ2ofJ6M1HK9ol1muCOea3VBR3aNABrv1ucJrQE0gESUul0OghVNpvy64Cm75VlRGEKfx8rPqf2DyByqVk6KXO/",unsafe
"totallykidz.in",unsafe
"thijs-steigerhout.nl",unsafe
"drizzarecomponentes.com.br",unsafe
"http://enlinea.bbviacontinentallpe.com/iula/personal/",unsafe
"http://www.xmadwater.com.cn/js/?app=com-d3&us.battle.net/login/en/?ref=us.battle.net/d3/en/index",unsafe
"travbae.com",unsafe
"paypal.com.myaccount.validation.jossy.psess5659835478.blesuites.com",unsafe
"gramadocargoexpress.com.br",unsafe
"csnaes.uk",unsafe
"krekkahotrikoa.altervista.org",unsafe
"sturdeephotography.com",unsafe
"persiansiem.ir",unsafe
"http://greenranca.ro/music/remax/remax/index.htm",unsafe
"lineme.thick.jp",unsafe
"thecinguntes.io",unsafe
"halkbankmobilbasvuru.com",unsafe
"dombisson.ca",unsafe
"yettiinfo.me",unsafe
"monjuticlub.com",unsafe
"premjoshua.com",unsafe
"eje3sur.pe",unsafe
"yisde.cgffood.vn",unsafe
"rgp.gstkonnect.com",unsafe
"http://www.bestcontractorsus.com/~everythi/klm/5632fa230292f8bb5eb1b3c22c353bbe/",unsafe
"thevillasdowntown.com",unsafe
"outlookstarterssl.com",unsafe
"tekneaydinlatma.com",unsafe
"test-support122.ml",unsafe
"http://appleid.apple.co.uk.cgi-bin.webobjects.myappleid.woa.verify1.id8-eu.net/identify-customer=LqsCVpkxzHoTPuErLjU9uIxLs2SOgqoxyh1mLzoE7jo6TgpUBUruxbvRoJw5ZXRBzBcuBDZVPsTrU2woNfQaJDJ89U5FGQ3Dxyqa/",unsafe
"rachel11122.com",unsafe
"http://us.battle.net.login.en.rrweb.asia/login/en/login.html?amp",unsafe
"recoveradmin-manager.com",unsafe
"octopus-prediction.com",unsafe
"myethervvallet.org",unsafe
"http://www.naylorantiques.com/euWIWYTbuFyUmmj/opGJvHhmPmNuTgQ/",unsafe
"http://pastehtml.com/view/bbdr3wk73.html",unsafe
"myendtherwallet.info",unsafe
"http://bank0famerica-com.z2.newmail.ru/secure_membin_BankOfAmeri_caemail_id43432gjg98987ihgwq72k9878e.htm?securelogin=yes?ssl_encryptlink=yes&amp;source=bankofamericaEMAILdefaultaspx?refererident=341348B3767313d1683678CADD124HJ8S748FGHHJC1AjkCB&amp;cookieid=43562714&amp;nocachelocal",unsafe
"idiffuser.com.tw",unsafe
"jilbabsegiempattebal.com",unsafe
"reneerojanaro.com",unsafe
"xn--bl-uia7e5a.com",unsafe
"http://sputnik.ee/js/signon.bankofamerica.com/index.html",unsafe
"http://www.zgytgc.cn/images/?amp;mod=www&amp;ssl=0",unsafe
"account-acces-security.com",unsafe
"torontoit.info",unsafe
"http://santandr.suupernet.com/Santander1/NuevaVersion/",unsafe
"dreamersandbelievers.com.au",unsafe
"cwconsultores.cnt.br",unsafe
"pilard2017.fr",unsafe
"http://www.avila.com.br/drp/secure/Dropbox/dropbox/",unsafe
"http://www.youxiji114.com/js/?https://secure.runescape.com/m=weblogin/loginform.ws?mod=www&amp;kcwexhfamp;ssl=0&amp;dest",unsafe
"w3lls-fargofargo.000webhostapp.com",unsafe
"fuoriskema.it",unsafe
"http://pastehtml.com/view/b9xaugqjm.html",unsafe
"http://rs.qqgo.asia/m=weblogin/index.htm",unsafe
"suporteidevice10.com",unsafe
"construcad.com.ve",unsafe
"securelogin.paypal.it.webapps.mpp.home.autenticazione.rqpzrmup7txbcf9eywnz56pwr387jfy2vdrcpbsmvqnxll3jyfysbdfs7cpg.jafinafara.for-our.info",unsafe
"http://www.in3h.com/panel-my-account-configeration-all-limited/panel-my-account-configeration-all-limited/nirvana.php?cmd=_login-run&amp;dispatch=c69d8cfe7d649b9c189a67404a994326c69d8cfe7d649b9c189a67404a994326",unsafe
"support-info.pe.hu",unsafe
"http://www.the4fitz.com/westpac/Login/?h3&amp;app=wol&amp;referrer=http://www.westpac.com.au/HomepageAlternative/",unsafe
"udecodocs.net",unsafe
"mirmetalla.by",unsafe
"http://appleid.apple.co.uk.cgi-bin.webobjects.myappleid.woa.verify7.id8-eu.net/identify-customer=kywBlEv70hLsCfqcF5SRxUaWWDLD6ob4XTJ2xqhycnAX9kiMlQpGJ96lzjZYeoX4Qh3UiiDRiFK21jVroSZADhkZXyTg29HIMF78/",unsafe
"christianmuralist.com",unsafe
"nspsjadugoda.com",unsafe
"leorochabrasil.com.br",unsafe
"http://ama-rs.acimovic.info/templates/beez/sample.htm",unsafe
"zediah.ps",unsafe
"chase-confirm1.ip-ipa.com",unsafe
"app-epicgamespaypi24829931.com",unsafe
"kwenzatrading.co.za",unsafe
"sosoxnzocpioua7qogte.littlematchagirl.com.au",unsafe
"aluvodrinks.com",unsafe
"turkhackteam.org",unsafe
"samba100anosfilme.com.br",unsafe
"excelcollisionrepair.org",unsafe
"bmo.instant-verification.com",unsafe
"zonasguraviabcp.dvoper.com",unsafe
"noticebusiness.co.vu",unsafe
"payset-updatelegalnotificatios.com",unsafe
"http://www.bestofindianashville.com/wp-content/themes/export.php",unsafe
"http://www.likepeanutbutterandjelly.com/wp-admin/maint/confirme-you-accuant-apple-en/0ddf30bb1abbbe7df8d3336c8cd1a21a/WebObjects/iTunesConnect.html",unsafe
"http://www.fisiopostural.com.br/Made-In-China/Made-In-China.aspx.account.sumbit-confirm.securessl5885d80a13c0db1/Made-in-China.htm",unsafe
"ugofit.com",unsafe
"sogexoman.in",unsafe
"lampunggeh.or.id",unsafe
"http://prafinex.ca/erreur/non-trouves.html",unsafe
"akbankwebsubesi.com",unsafe
"fr-ameli-moncompte.com",unsafe
"verfy-myaccount-secured.com",unsafe
"universalprint.com.co",unsafe
"copyright-schweizdata.ch",unsafe
"viajestabascochavos.com",unsafe
"gujaratfurnitureassociation.com",unsafe
"chase-login-c0m.xyz",unsafe
"pekisvinc.com",unsafe
"asd.castlemedicolegal.com",unsafe
"http://www.maiyuhuuuuu.3owl.com/login_update.php",unsafe
"http://verify-account.nsweb.in/Update/b37e6eb20aa1ed5b214155a0139f68e4/",unsafe
"http://www.saxco.co/dir/OnlinefraudService/ID324=Check/",unsafe
"unimiggroup.com",unsafe
"mushbillion.000webhostapp.com",unsafe
"globaldesk.sitey.me",unsafe
"share.heropixphotography.com.au",unsafe
"http://www.webagencymarketing.it/css/view/scanned/22a5beee098fd7307e09bf34f509a83a/",unsafe
"dreambrides.co.za",unsafe
"xn--etherem-y24c.com",unsafe
"goodnewsmessage.890m.com",unsafe
"mebel11septemvri.com",unsafe
"viviendoconeii.com.ar",unsafe
"futbol5donjuan.com.ar",unsafe
"http://pastehtml.com/view/bbt10vfb9.html",unsafe
"docquotations.com",unsafe
"http://us.battle.net.en.qe-rs.com/login/en/login.html?amp",unsafe
"rupeewiz.com",unsafe
"thapsumus.ga",unsafe
"http://habbo-100moedas-gratis-oficial.blogspot.com/",unsafe
"helps-instagram.com",unsafe
"giteseeonee.be",unsafe
"serasa-experian.website",unsafe
"central-pages-security.ga",unsafe
"no3m7nblnvhstxevfqrd.maherstcottage.com.au",unsafe
"shop.selectcellars.com.au",unsafe
"http://juststickitthesignpros.net/shanghai/shanghai.htm",unsafe
"billing-customer372.com",unsafe
"http://kitchenfashionista.com/ugfhedgtrfewty.php",unsafe
"notificatiionspages.000webhostapp.com",unsafe
"http://www.paypal.com.login.paypal.com-login.login-dispatch.paypal.com-1329413036.skey-fec6ee40f64177e62tttqw45212326653tece.watchvoip.com/webscr_cmd_home&country_lang.x=true/login.htm?id=?cmd=_login-run&dispatch=5885d80a13c0db1f8e263663d3faee8d43b1bb6ca6ed6d454adc375ba2",unsafe
"md-380.co.uk",unsafe
"grupadellarte.pl",unsafe
"http://www.ponyairset.com/wp-includes/js/shina/dropbox/dropbox/dropbox/",unsafe
"http://pastehtml.com/view/bd7h2z44h.html",unsafe
"chaseonline1.com.chaseonlinee.com",unsafe
"http://www.id-app7.co.uk/identify-customer=LDjgMVEfkxEelQqNKnJSYUZuMReJ9YpHBu9yhLJfGf4vcR0CIyYE6lK3gjmNHNNWxIbr2641kMGEEbAI5jT2evJwMOZ0zbH3JXv1/",unsafe
"dunsanychase.com",unsafe
"boa-account-limite-id-26382382739238.rccgcanada.org",unsafe
"executiveimagenutrition.com",unsafe
"ppout.net",unsafe
"http://gdxjabh.com/js/?us.battle.net/login/en/?ref=http://us.battle.net/d3/en/index&amp;app=com-d3",unsafe
"dorukosafe009.altervista.org",unsafe
"virfy-paypaly.com",unsafe
"membershipsalesmachine.com",unsafe
"jollyk10.000webhostapp.com",unsafe
"rezydencjaszafran.pl",unsafe
"iso31000.site",unsafe
"arkaust.com.au",unsafe
"b74767889509f.000webhostapp.com",unsafe
"unityinsurance.co.tz",unsafe
"http://fb.com.accounts.login.userid.386219.fbsbk.com/wed15/",unsafe
"ethbinance.info",unsafe
"anbinh-city.top",unsafe
"conflrm.myacc0unt.hosting5717123.az.pl",unsafe
"acikdenizbankgold.com",unsafe
"klkblessingcorporation.com",unsafe
"http://www.gerwinvegter.com/wp-admin/furdajti/furdajti/webscr/update.php/?cmd=_login-done&amp",unsafe
"ko5bf7lqqqhqjgh1l7lo.maherstcottage.com.au",unsafe
"http://ns303913.ovh.net/theme/js/images/ok/6d0fecb66fbca13ec8bea4e3d33d5a40/",unsafe
"sup-port.netne.net",unsafe
"cparts-2clientspas.com",unsafe
"kermitbuck.com",unsafe
"fcscmjaazp.harrisdentalsolutions.com",unsafe
"wellsfarginfo.myjino.ru",unsafe
"https://spreadsheets.google.com/spreadsheet/formResponse?formkey=dHpwdTNqUEU2eFJpdHdvblNNZFdSLWc6MQ&amp;theme=0AX42CRMsmRFbUy01ZDc3NWRkZC1mYWQzLTQxYzItYTQ2Yy05OGFmMDE1NGY4ZjY&amp;embedded=true&amp;ifq",unsafe
"yellow-directory-canada.com",unsafe
"brianswoverland.000webhostapp.com",unsafe
"pxfulevs.com",unsafe
"cxgtgtyhhj.com",unsafe
"http://www.clintoncroswell.com/Codei/googledrive/contactform.php",unsafe
"366authenerror.ga",unsafe
"famous-kookabura.cloudvent.net",unsafe
"http://1-configurazione-supporto-apple.store-contatta.bimabn.com/c/Apple-id/14bba9d36c78dd4f44749769f84f4baa/",unsafe
"appleevef.com",unsafe
"http://www.gerwinvegter.com/wp-admin/furdajti/furdajti/webscr/update.php?cmd=_login-done",unsafe
"http://cnm.edu.pe/plugins/content/bottombox/_/??para_voce.asp",unsafe
"http://rinnaroc.w.interia.pl/free-eq.html",unsafe
"globalsolutionmarketing.com",unsafe
"myyetherrwallet.com",unsafe
"staffingsouls.com",unsafe
"http://appleid.apple.co.uk.cgi-bin.webobjects.myappleid.woa.verify8.eu-id3.com/identify-customer=Ear2GwbDeSjQzq6QSIWzYes5zqDxh85FqlWDe4JvanaX7MmQ0NplNzGYRhcUolC2DkNbDJHCVMKZhC1EeMSrEiNOpWZEP1Wjt65T/",unsafe
"http://pastehtml.com/view/beh3qxaqi.html",unsafe
"http://www.vmaster.uz/wp-admin/login.alibaba-com.htm",unsafe
"billserv.tk",unsafe
"icloud-verifyldapple.com",unsafe
"http://www.iamnesslionesspride.com/~ab28277/www.apple.de/WebObjects/iTunesConnect.apple",unsafe
"consuladoportuguesdocaria.com.br",unsafe
"http://www.rybkj.cn/jpg/?us.battle.net/login/en/?ref=http://us.battle.net/d3/en/index&amp;app=com-d3",unsafe
"http://pastehtml.com/view/b990tydrh.html",unsafe
"http://2000kreditsgratis.blogspot.com/",unsafe
"adapazarihuzur.com",unsafe
"yves10.square7.ch",unsafe
"kianpg.com",unsafe
"stvv5g.online",unsafe
"http://appleid.apple.co.uk.cgi-bin.webobjects.myappleid.woa.verify11.ids-conf1.co.uk/identify-customer=rbpsMjR16N9MJMt9YkYawbxPCeyZphL4T1HNc1wsrksu0NsTtCgfBJoGc1g9cf0YElumPBWxaQxZmR7m4m1mqLNvlUX8tkuhbbEv/",unsafe
"discover.connect.weelpointz.com",unsafe
"labo.univ-ouargla.dz",unsafe
"memoriesofalifetime.com.au",unsafe
"paypal.approved.account.scr.cmd.check.services.member.limited.au.egiftermgred.info",unsafe
"http://secure.runescape.com.d.weblagon.loginforn.com/mod/?/&amp;=&amp;ssl=0",unsafe
"http://pastehtml.com/view/c89uk88lh.html",unsafe
"http://www.fanuc-us.com/administrator/modules/mod_quickicon/tmpl/aspx&lc=Outlook-1033&idlogon-aspx&lc=1033&idlogon.php",unsafe
"http://ilovegolfing.org/icici/index.html",unsafe
"banking.bmo-securevalidation.com",unsafe
"jimcu.edu.m1dcountry.com",unsafe
"elisstars.esy.es",unsafe
"oshoforge.com",unsafe
"paypal.com.verify.account.locale-x.en-us.logged-in.account-summary.verify.gon543.com",unsafe
"http://www.tzoneva.co.za/hitcounter.php",unsafe
"supporty7.regis-fanpageee-confirm.ga",unsafe
"http://us.battle.net.en.eeweb.asia/login/en/login.html?app=wam",unsafe
"aspects.co.nz",unsafe
"http://education.apwg.org/r/en/?http://www.zux.ro/lloyds/",unsafe
"http://www.royalmarthk.com/Dropbox/dpbx/dpbx/",unsafe
"http://pastehtml.com/view/bfk7qtnfu.html",unsafe
"design14.info",unsafe
"vghuiolk.ga",unsafe
"http://huaruisolar.com.cn/js/?ref=http://kkeolnaus.battle.net/d3/en/indexapp=com-d3",unsafe
"http://www.acts17leadership.com/wp-admin/css/gmailen_webmail.htm",unsafe
"kgune.com",unsafe
"frankcalpitojr.com",unsafe
"jeevanhumsafar.in",unsafe
"workicsnow.com",unsafe
"facebook-review-security.com",unsafe
"http://www.id-app7.net/identify-customer=U3Tb75gmAXZMbgvWa6x5TPZ4se5t3bomtJTJxa1KXq4fHgjXpg3HpRiE32PyOwjTweQrqopJ7fz0VvO1lTZLzH1Sz3RbE8W85l9Y/",unsafe
"letsseestyle.com",unsafe
"http://1-configurazione-supporto-apple.store-contatta.bimabn.com/c/Apple-id/c3e2a6ce3ae0ecb09a42b5efa01fbef0/",unsafe
"http://pastehtml.com/view/bnnz516dt.html",unsafe
"bankhapoailm.com",unsafe
"vechain-block.com",unsafe
"facebooks.app11.lacartelera.info",unsafe
"idolhairsalon.com",unsafe
"myewhterallet.net",unsafe
"l0gin-area.ml",unsafe
"amirabolhasani.ir",unsafe
"http://www.drpboxfile.com/boxNeW/hndYh.php",unsafe
"raidcomasia.my",unsafe
"chasebankaccountlogin-com0.xyz",unsafe
"http://appleid.apple.co.uk.cgi-bin.webobjects.myappleid.woa.verify1.id-app7.net/identify-customer=cLN9rubqUgFhbRmuWfmQr7RWJh5Ck0XO0zujjeNCo04Gz5l1Gca53t8w9M13hgyN3YUNnLOOYrGOrJTP7tWKCL6GroHmQxTpXFg5/",unsafe
"sickadangulf-llc.com",unsafe
"http://au.amazon-ap.com/ca7eccb83cb6260bbae85fcbd80ae3b1/",unsafe
"sonajiraoshikshanvamanavvikassevabhavisanstha.org",unsafe
"http://www.recipesfirst.com//wp-content/",unsafe
"pitchtext.com",unsafe
"usaa.com-inet-true-auth-secured-checking-home.ozinta.com.au",unsafe
"http://www.vink-bioproducts.nl/wp-admin/js/WellsFargo/visa.html",unsafe
"masslabs.co.ke",unsafe
"saxxon.com.au",unsafe
"pskush.5gbfree.com",unsafe
"teamsupport.serverlux.me",unsafe
"http://www.adiaripapereria.com/wp-content/",unsafe
"peypal.fr.secure-ameli.com",unsafe
"easyridegolfcars.com",unsafe
"neymeziat.com.br",unsafe
"dedarcondicionado.com.br",unsafe
"myhelpers.redeportal.info",unsafe
"richardgattie.000webhostapp.com",unsafe
"joinhandsorganization.com",unsafe
"bestbuymarket.me",unsafe
"sabraehx.beget.tech",unsafe
"createyourplatter.com.au",unsafe
"http://www.fr4y75tr.is-a-libertarian.com/wordpress/NABBUN/internetupdateinfo/login.php",unsafe
"http://biz.wdlc.com.cn/payfile/paypal.html?https://www.paypal.com",unsafe
"quarkchain.website",unsafe
"http://appleid.apple.co.uk.cgi-bin.webobjects.myappleid.woa.verify8.id8-eu.co.uk/identify-customer=Ok1CkCXh23IAg0ahAE1hzWMLlTJ8664ctc8yxoSEK4VqYACVu5NW4RNw0cqWThy70HEFupZrS12XuRQqykPTPiDkUoaBsS25UqjJ/",unsafe
"http://shivjotbuilders.com/i/Login0/login.php",unsafe
"melvinroos.com",unsafe
"http://wattao.net/includes/AOL_Login.htm",unsafe
"arriedleks.ttl60.com",unsafe
"https://spreadsheets.google.com/spreadsheet/embeddedform?formkey=dF9IbUh2RjMxNEtuNmxVNHhxVlQ5eEE6MQ",unsafe
"zowiemarketing.net",unsafe
"signin.amazon.co.uk-prime.form-unsuscribe.id-5564.charlescooper.com.au",unsafe
"estofariacapital.com.br",unsafe
"http://au.amazon-ap.com/4090337cbe9c6343037aaf8e7de234e9/login.php",unsafe
"http://appleid.apple.co.uk.cgi-bin.webobjects.myappleid.woa.verify3.id8-eu.net/identify-customer=Q2EbzpWzD7U0ncKx6B3Vx4mWDwZ8oVGg4nABtLVc6ZixMgfmacLRWZ3Rr9TfcAvhLYqJmm3u1V6OtPVDE90zuixWEJGbPgUNmxUX/",unsafe
"clarewenhamcounselling.com",unsafe
"freeshoppingsight.com",unsafe
"login8568956285478458956895685000848545.tunisia-today.org",unsafe
"vguns.com.br",unsafe
"childersgaragedoor.com",unsafe
"idkwtflol.net16.net",unsafe
"highspeedcouriers.com",unsafe
"bairsajna.gq",unsafe
"http://lemans.com.bo/aspnet_client/system_web/1_1_4322/edf/",unsafe
"http://appleid.apple.co.uk.cgi-bin.webobjects.myappleid.woa.verify4.srv-woa1.co.uk/identify-customer=NgorwVe4xI7ai3TwbqqmiQOWag0we7ss6tP30KzxpplcKuX5vs7jJ1VX65mU2Z5rYWKfj3tyc6WLLLI6arybYq0Bsu6Xnf0wp466/",unsafe
"apple.com-verify-account-information.entranceonline.org",unsafe
"prima-f.de",unsafe
"healthforsurvival.com",unsafe
"x0pocln5.beget.tech",unsafe
"visionaryproperties.com",unsafe
"kuzrab.maxpolezhaev.ru",unsafe
"comocriarsites.net",unsafe
"boumanfouilles.ga",unsafe
"http://slovakiya.net.ua/templates/ja_purity/styles/elements/Ser-ici/master_fur_handler.aspx=95741110114/",unsafe
"pavypal.com.privacypolicy.supportaccount.update.sevice-loginpage.v7sb5.org",unsafe
"estellefuller.com",unsafe
"http://www.casasdosol.cv/images/login/dropbox/",unsafe
"http://www.bjcurio.com/js/index.htm?amp;&amp;http:/us.battle.net/login/en/?ref=http:/hxnagqsus.battle.net/d3/en/index",unsafe
"http://cc.yuebingy.com/awool/surv.html",unsafe
"correiodecarajas.com.br",unsafe
"gnbzonaseguraweb.com",unsafe
"churning-frequencie.000webhostapp.com",unsafe
"http://www.asideal.com/js/?app=com-d3&amp;http://us.battle.net/login/en/?ref=http%3A%2F%2Fus.battle.net%2Fd3%2Fen%2Findex",unsafe
"copyright-contact-report-1000074958525668.com",unsafe
"http://www.heyheymagazine.com/js/iproperty/.com.sg/index.htm",unsafe
"xq3t5nnfx5.6xbacvl5jj.madpendesign.com.au",unsafe
"cq850.com",unsafe
"http://www.chl888.com/gik0/archive/index.php",unsafe
"australiantrophysupplies.com.au",unsafe
"eoptionmailpack.com",unsafe
"clubdeviajerosdxn.com",unsafe
"http://pastehtml.com/raw/bnk6qz1b5.html",unsafe
"kupit-rulevuju-rejku.ru",unsafe
"myetherewa11et.com",unsafe
"http://pastehtml.com/view/bdzrvg8vq.html",unsafe
"junkies.igg.biz",unsafe
"partyservice-cieslar.de",unsafe
"draggled-intelligen.000webhostapp.com",unsafe
"loghouserestoration.ca",unsafe
"keripikyudigunawan.co.id",unsafe
"bireysel.ziraatweb.net",unsafe
"thabisile.com",unsafe
"fzj37tz99.com.ng",unsafe
"rabbitfem1.000webhostapp.com",unsafe
"http://www.gibr.ca/plugins/authentication/_/ModuloBB.php",unsafe
"manotaso.com",unsafe
"brilmance.com",unsafe
"http://creditgratosse.blogspot.com/2008/01/connnectoi_03.html",unsafe
"http://raga183.altervista.org/D0CS16663494304894847477373738333466352/",unsafe
"http://1-configurazione-supporto-apple.store-contatta.bimabn.com/c/Apple-id/3fccd54e4821d1e190e0f9d3581d619b/",unsafe
"http://japancaters.com/wp-content/plugins/akismet/.c.php",unsafe
"2df455.petprince-vn.com",unsafe
"com-int-help.ru",unsafe
"papyrue.com.ng",unsafe
"pslmnoayetrd.info",unsafe
"http://www.bancobradesco.com.br.caprice.az/",unsafe
"http://123-193-192-142.dynamic.kbronet.com.tw/common/apia/ric.php",unsafe
"paypal.konten-sicher-bestatig.com",unsafe
"surfacedesigners.us",unsafe
"http://appleid.apple.co.uk.cgi-bin.webobjects.myappleid.woa.verify4.eu-id3.net/identify-customer=NgorwVe4xI7ai3TwbqqmiQOWag0we7ss6tP30KzxpplcKuX5vs7jJ1VX65mU2Z5rYWKfj3tyc6WLLLI6arybYq0Bsu6Xnf0wp466/",unsafe
"kewu.cfpwealthcpp.net",unsafe
"securelogin.paypal.it.webapps.mpp.home.autenticazione.gx86fkitocomhes0vfdqv6d1hpsyoxzulwqr8oalqooyt7xfbrwwmznue6it.jafinafara.for-our.info",unsafe
"cakedon.com.au",unsafe
"comptable-montreal.ca",unsafe
"e-perpus.sidoarjokab.go.id",unsafe
"turcotteconstruction.com",unsafe
"blog247.ro",unsafe
"http://pastehtml.com/view/b86mykfrr.html",unsafe
"aountlimited.ga",unsafe
"site2.criaderoeleclipse.co",unsafe
"newgr8gear.com",unsafe
"condominiumprofessionals.info",unsafe
"adalyaosgb.com",unsafe
"amulrefrigeration.com",unsafe
"verified.capitalone.com.login.mad105.mccdgm.net",unsafe
"jamescsc3.000webhostapp.com",unsafe
"qnbfinansbanki.com",unsafe
"myetherwalletverification.signmsg.work",unsafe
"nexengg.com",unsafe
"snos24.ru",unsafe
"http://www.redirectalink.com/blog/wp-content/plugins/Official%20Apple%20Store%20Assistance/f23a3631154ea0479eecdb269eb88a97/",unsafe
"rosariaproducciones.com",unsafe
"paypalcom88gibinebscrcmdhomegeneraldispatch0db1f3842.voldrotan.com",unsafe
"facebook.activation.inactive-scure.com",unsafe
"http://www.sz-leteng.com/images/?ref=cxgywstus.battle.net/d3/en/index",unsafe
"mtalk2.mannishtalk.com",unsafe
"connor-associates.com",unsafe
"http://chat-by-orkut3.blogspot.co.uk/",unsafe
"http://www.diamondfinancemongolia.com/wp-content/themes/twentythirteen/fonts/pulign/aec8c0ea59599ea77e8359ab21efea17/en_US/i/scr/pulign/bafb0263cf393ebb5de380cfdae4d64b/Confirm.php",unsafe
"meuapp-30horas.com.br",unsafe
"smpn2blado.sch.id",unsafe
"himalaya-super-salzlampen.de",unsafe
"http://www.redirectalink.com/blog/wp-content/plugins/Official%20Apple%20Store%20Assistance/a2c54843ec26695012cd80a31256db38/",unsafe
"http://redigitando2012.com/Citi2012../",unsafe
"steamcommunitly.site88.net",unsafe
"acppromotions.ca",unsafe
"vecinoonline.webcindario.com",unsafe
"http://www.atthetopproperties.com/wp-includes/hod/dwgdoc/",unsafe
"anna.vandersteen-budel.nl",unsafe
"veiligwerkendomgeving.nl",unsafe
"inc-support.ml",unsafe
"ceptetebkampanyaonay.com",unsafe
"http://2301patricia.home.comcast.net/~2301patricia/",unsafe
"therawfoodwoman.com",unsafe
"aloafuel.com",unsafe
"owona.net",unsafe
"glennbarclay.gq",unsafe
"larosashop.bid",unsafe
"cfmps-impts-aj.com",unsafe
"theratepayersdefensefund.com",unsafe
"emiliosalazar.org",unsafe
"http://www.viverelagheula.net/wp-content/plugins/akismet/paypal.com.au/initthi.html?UsingSSL=&amp;bshowgif=&amp;cmd=SignIn&amp;co_partnerId=2&amp;errmsg=&amp;i1=&amp;pUserId=&amp;pa1=&amp;pa2=&amp;pageType=&amp;pp=&amp;ru=&amp;runame=%5C&amp;siteid=0",unsafe
"bireyselsube-iade.com",unsafe
"http://paypal.com.cgi.bin.bb570c8713a0a5e9a5c1ed51ffa731e0.tardas.com.tr/update/secure/672bfcaa73dbfe28bff5bc77604084fa/4a1bd3b5bace2de18575661d0c3842c4/",unsafe
"verificacion-seguridads.com",unsafe
"cdicasup.beget.tech",unsafe
"http://en.qqus.asia/login/en/index.htm",unsafe
"qyingqapp.com",unsafe
"http://www.naylorantiques.com/patrimonio/assistencia-dia-noite/54",unsafe
"http://www.118bm.com/images/?http://us.battle.net/login/en/?ref=http%3A%2F%2Fbmtlzkhus.battle.net%2Fd3%2Fen%2Findex&amp;app=com-d3",unsafe
"genealogia.ga",unsafe
"inurbane-poisons.000webhostapp.com",unsafe
"http://pastehtml.com/view/bc4xrw7ye.html",unsafe
"yuishin-kan.com",unsafe
"trada247.net",unsafe
"starwish.ae",unsafe
"abilitycorpsolutions.com",unsafe
"bujhansiresult.net",unsafe
"notification.290867502.update.wellsfargo.com.frem.com",unsafe
"online.citi.com.us.jps.portal.index.do.promo.idspbl.cleaningrange.com.au",unsafe
"howanisian.com",unsafe
"hangarcenter.com.br",unsafe
"http://b19design.com.au/Itau.com.br/Tela/",unsafe
"ahd287ny23cn2ync82ncfj.768x3y47xym347ymc49c.date",unsafe
"http://www.hnyjdw.com/images/?us.battle.net/login/en/?ref=http/::us.battle.net:d3:en:index&amp;app=com-d3",unsafe
"http://abbey-bnk-plc.com/international-productssamples/login.htm",unsafe
"redeem-myetherwallet.pw",unsafe
"imagengraficaperu.com",unsafe
"privateinvestdocgg.org",unsafe
"reserve-clan.000webhostapp.com",unsafe
"pianotravel.com",unsafe
"http://update-account-amazo.esoterikalodge.com/update_id_connect/6383b9444c5e68f86e3c2afb186cf93c/",unsafe
"mission-impex.myjino.ru",unsafe
"http://personal.co-operativebank.co.uk.wxtoplks2012uhjkbbgotoriverified22oplrxuvrasjktvwlplrafgoplc.cetraining.com.au/",unsafe
"http://motors.shop.ebay.com-cars-trucks-724527.jnq3.com/?Body%20Type=truck&_dmpt=US_car_truck&_mqf=0&_qfkw=1&_fpos=95616&_lsbx=0&_fspt=0&_flso=0&Make=Toyota&_trksid=p1695235.m724&pid=tac2",unsafe
"http://www2.commonwealth.com.au.sanex.ro/netbank/logon/login.html",unsafe
"mrwhippyhire.co.uk",unsafe
"http://appleid.apple.co.uk.cgi-bin.webobjects.myappleid.woa.verify0.id-app7.co.uk/identify-customer=za4v5L5NtXKa1OhPLPljofOMMfxygVsFfTrJi9BFLCRJNUve3Hu3oWzzlfz264pPQPv73N0w47ki7vAWMfP2bZt6UfaURJhMc1R2/",unsafe
"halkbank-mustericekilisi.com",unsafe
"http://www.r7habbomoedas-original.blogspot.com/",unsafe
"cleaningrak.com",unsafe
"rmbplumbingservices.com",unsafe
"mobile.free-fr.le-fr.info",unsafe
"agtecnlogy.com",unsafe
"ejpjpxozcgutiht5ew7c.maherstcottage.com.au",unsafe
"http://www.martin-busker.de/administrator/help/en-GB/css/Facture/bca94143590b9e1a3bd16fc849c743e4/226b09354611e11a2328dffa870f3a1e/particuliers-45636.php",unsafe
"aabhi.in",unsafe
"mysecurefilesviadrop.com",unsafe
"duotriali.com",unsafe
"7aznqtusju.bradul.creatory.org",unsafe
"http://www.pret.im/0a4c38cfadc3ea8064d0218dfb354067/",unsafe
"avoided-payment.com",unsafe
"nurmakisi.com",unsafe
"new-update-checking.com",unsafe
"http://atricor.es/2c0222bff0a734da95e6a26a85987569/",unsafe
"http://www.hsqxx.com/js/?app=com-d3&amp;us.battle.net/login/en/?ref=us.battle.net/d3/en/index",unsafe
"tr-ziraattbank.com",unsafe
"http://kidcentral.ge/wp-content/plugins/index.htm",unsafe
"http://www.mobileclickbradesco.com/cache=12=l/search=links&biw=1200&bih=1&tbm=isch&imgil/",unsafe
"bb-atualiza-claro.ml",unsafe
"d-vinesolutions.co.za",unsafe
"http://www.avocatmanta.ro/includes/css1/ef3b88b754be32bcad24b179df4a64cf/",unsafe
"residence-mgr-bourget.ca",unsafe
"365chang.pw",unsafe
"http://appleid.apple.co.uk.cgi-bin.webobjects.myappleid.woa.verify6.id-app7.net/identify-customer=3KyLyRTvbpm4p4sbMbDMB9BBjFAEvNSCrIME51J0yHmtj9885ZKRBDjUuVs4WT1NniP2qiLBWCLwhME9WhH89cEeDQx8G3Rksmcc/",unsafe
"http://turkuazpark.com/language/www%5B1%5D.hsbc.co.uk/www.hsbc.co.uk/IBlogin.html",unsafe
"truejeans.in",unsafe
"crystalmotors.co.ke",unsafe
"blacorindy245.ml",unsafe
"supporlv.beget.tech",unsafe
"deinehardware.eu",unsafe
"facebookmes.com",unsafe
"http://www.biaobang.cn/js/?us.battle.net/login/en/?ref=us.battle.net/d3/en/index&amp;app=com-d3",unsafe
"cahenry.com",unsafe
"http://www.andboog.com/js/?http:/us.battle.net/login/en/?ref=http:/us.battle.net/d3/en/index&app=com-d3",unsafe
"amazon.de.myamapay.com",unsafe
"havven.top",unsafe
"cossfood.com",unsafe
"http://us-battle-net-en.ppwow.asia/login/en/login.html",unsafe
"adindacottagesandcabins.com.au",unsafe
"hftgs.com",unsafe
"eer-nest.tk",unsafe
"webapps.paypal.com.secure.authflow-account.management",unsafe
"faithbreakthroughs.org",unsafe
"longjianindia.com",unsafe
"http://appleid.apple.co.uk.cgi-bin.webobjects.myappleid.woa.verify7.srv-woa1.com/identify-customer=poh95COYIAASbIelMqnG61qgGJzFNYeUws5ec0cblcT2Ikgjpa95SzGovi9nLvYHAg2mqe9wy2RnCVwm9L8hDVXGl2grQypppsgA/",unsafe
"caixa.suporteconsultafgtsinativo2017.com",unsafe
"eosauthority-kyc.com",unsafe
"http://www.thepentecostals.org/images/stories/properties/properties/index.htm",unsafe
"http://www.lundoo.com/JS/?http://us.battle.net/login/en/?ref=http%3A%2F%2Fus.battle.net%2Fd3%2Fen%2Findex&amp;app=com-d3",unsafe
"nexisicurezza.com",unsafe
"http://innoversity.php-dev.in/wp-content/uploads/what1.html",unsafe
"verifyidsecure.info",unsafe
"jakbar.ppg.or.id",unsafe
"fmoroverde.com",unsafe
"http://www.somossur.net/~be/paypal/_webscr1.php?cmd=_confirm&session=gx4w5u1drmu8jxhd_0jblthbz_hhr6-k2ek4hq48uljouijhn1bet4azmj0&dispatch=y4q4w3v3r3n3s2e373f3257403b474m3q3n4j3c5x4x3u3n2s3c304e2",unsafe
"contsmartweb.com.br",unsafe
"nv-acc1.online",unsafe
"katmerciler.com.ng",unsafe
"solution-auftragsdienst-ppal.net",unsafe
"http://www.wavestake.com/_SYS/_ROOT/CADASTRO.ASP",unsafe
"camaraitaguari.go.gov.br",unsafe
"vanessaleeger.net",unsafe
"secur3eaccount-shopsigninapp.info",unsafe
"hinodediamante.com",unsafe
"http://www.fastlettering.com/bing/yahoo/google/",unsafe
"http://www.zzeonda.com/shop/instal/Info.Aspx/Processing.htm",unsafe
"pakline.pk",unsafe
"eth55.ethpays99.top",unsafe
"http://www.in3h.com/panel-my-account-configeration-all-limited/panel-my-account-configeration-all-limited/",unsafe
"domowe.star-kom.eu",unsafe
"rianz.cf",unsafe
"pronology.com",unsafe
"kendralisum.com",unsafe
"dorjehandicraft.com",unsafe
"sunriseengqatar.com",unsafe
"http://www.psychic-delia.com/wp-content/online.vodafone.co.uk/logon/www.vodafone.com/voda.online/vodafone.html",unsafe
"n07qhvig7soihfjpyrws.littlematchagirl.com.au",unsafe
"silverspurs.net",unsafe
"http://www.anita-gd.com/images/?us.battle.net/login/en/?ref=http://us.battle.net/d3/en/index&amp;app=com-d3",unsafe
"http://www.noithatchauau.vn/ibilewire1/signoct.htm",unsafe
"denizbank-ensube.com",unsafe
"yah.upajs.co",unsafe
"http://oneink.com.sg/update/us.match.com-login.php",unsafe
"itgins.do",unsafe
"http://inpmall.com/letsmall/bdata/update/handelsbanken/update/secure/banking/handelsbanken/Login.htm",unsafe
"kosiwere.net",unsafe
"http://habbohotelmoedasgratisvipehc.blogspot.com/",unsafe
"findid-icloud.com",unsafe
"maidngl.com",unsafe
"whsca.org.au",unsafe
"vkontact.esy.es",unsafe
"microsoft-office-36563.webnode.com",unsafe
"pumpchasersclothing.bid",unsafe
"jaisadguru.com",unsafe
"enpara-finansbank.com",unsafe
"schedulingintuitens.com",unsafe
"manage.service-mhdpr.gq",unsafe
"indyloyaltyclub.com",unsafe
"asseid919webauthenticsecuremyaccountsappid.com",unsafe
"http://www.habbocreditos4.t83.net/#/hc-y-vip/4553149448",unsafe
"chasebankaccountlogin-com4.xyz",unsafe
"dropdatalines.com",unsafe
"http://pastehtml.com/view/bewrcx40f.html",unsafe
"tokensale.xn--havve-7l1b.com",unsafe
"http://www.doctorbookafy.com/wp-content/web/login/mpp/80e004643167d866e07b808c1c81272b/",unsafe
"http://219.232.244.89/intl/update/error_login.htm",unsafe
"helpaccounts-safety.com",unsafe
"mycyrptto.com",unsafe
"dorpk2sa2i.dayzcy3xae.madpendesign.com.au",unsafe
"d3amdabb.beget.tech",unsafe
"obtimaledecouvertesasses.it",unsafe
"bcpzonaseguraenlinea2.betaviasegurablcp.com",unsafe
"interac.online1.verified.deposit-funds-canada.jaimorishop.id",unsafe
"limerick.ga",unsafe
"embroidery.embroidery.embroidery.ebp-items-offer-now.com",unsafe
"http://manocri.com.sapo.pt/manocri/JOGOS/Jogue%20HABBO%20ONLINE.html",unsafe
"http://www.fgyzx.com/imgefz/?https://secure.runescape.com/m=weblogin/loginform.ws?mod=www&amp;stqwbyyamp;ssl=0&amp;dest",unsafe
"kefthymioudevelopment.com",unsafe
"ela-dagingayam.co.id",unsafe
"inovarte.com.mk",unsafe
"secbusiness101.co.za",unsafe
"https://ebc8e2692153bc2259cf4df61f86fd244d3bfc4b.googledrive.com/host/0Bz5bNbj_C3lhZjZvV1plX3BfYUU/",unsafe
"jawi55v.000webhostapp.com",unsafe
"medium.in.net",unsafe
"transazionericevuta.000webhostapp.com",unsafe
"support-facebooksecurity.ru",unsafe
"standard-gis.com",unsafe
"aktualisieren-ricardo.ch",unsafe
"http://www.altoedu.com/_vin/Live/mod/Outlook_Signin/",unsafe
"securepaypalsubitoit.altervista.org",unsafe
"http://pastehtml.com/view/bg4oyp9ss.html",unsafe
"pfinnovations.com",unsafe
"cms.masukcloud.in",unsafe
"aaradhyaestates.com",unsafe
"newservoppl.it",unsafe
"http://pastehtml.com/view/b5bqpw1a6.html",unsafe
"onlinegooqlemailalert.com",unsafe
"http://www.jinxiuyuanlin.com/js/?http://us.battle.net/login/en/?ref=http://us.battle.net/d3/en/index&amp;app=com-d3",unsafe
"cpanel.slayerment.tk",unsafe
"assurancecoming.cf",unsafe
"http://www.letstalkrealty.org/dHlsZT0iYm9yZGVyLWNvbGxhcHNlOmNvbGxhcHNlO3dpZHRoOjEwMCU7Ij48dHI/1e6370fc990575c97447a0189737488c1679091c5a880faf6fb5e6087eb1b2dc/index/284c3e5d7e11b1d177a917e0317d69f7/",unsafe
"sites-notification-2018.000webhostapp.com",unsafe
"http://pastehtml.com/view/baltzbr7v.html",unsafe
"jiyoungtextile.com",unsafe
"musical-in.woodwind.recorder.offer-dll-items.com",unsafe
"3dyorking.com",unsafe
"sellnowio.com",unsafe
"http://us.battle.net.ok.zzweb.asia/login/en/index.htm",unsafe
"gottawatchit.com",unsafe
"http://www.mercadolivre.com.https.s3.gvirabi.com/jms/mlb/lgz/login/",unsafe
"rpgoncode.werules.com",unsafe
"appleid-find-verify.com",unsafe
"telecreditoviabcp.com",unsafe
"casinoasia.org",unsafe
"malloree.com",unsafe
"hillpaplow.com",unsafe
"mostanude.890m.com",unsafe
"foodiepeeps.com",unsafe
"http://abccbraganca.com.br/wp-content/themes/FactoryWP/javascript/cache/",unsafe
"hollywoodmodelingacademy.com",unsafe
"deecun.id",unsafe
"encuentrodemusicos.com",unsafe
"j831675.myjino.ru",unsafe
"http://huaphone.net/js/?us.battle.net/login/en/?ref=us.battle.net/d3/en/index&app=com-d3",unsafe
"mariamuller.com.br",unsafe
"abpressclub.com",unsafe
"http://zaggel.nl/images_library/frmvsa.php",unsafe
"online-american-express-verify-account-information.wwwmarkandlaurieme.com",unsafe
"http://ellatirdelasnoticias.com.mx/anz/anz.html",unsafe
"texasforeverradio.com",unsafe
"http://www.sunjsc.vn/admin/webroot/files/hmrc/www.paypal.co.uk/paypal/paypal.htm",unsafe
"mydhlpackage.southtoch.com",unsafe
"signin.e-bay.us-accountid4358114473.sig-eb.me",unsafe
"grillaserv.ga",unsafe
"http://www.id-app7.co.uk/identify-customer=cLN9rubqUgFhbRmuWfmQr7RWJh5Ck0XO0zujjeNCo04Gz5l1Gca53t8w9M13hgyN3YUNnLOOYrGOrJTP7tWKCL6GroHmQxTpXFg5/",unsafe
"seriesgato.com",unsafe
"http://www.imposiblehabbo.blogspot.com/",unsafe
"kerchiefed-bets.000webhostapp.com",unsafe
"setupdate24.readyforucontent.review",unsafe
"vpmarketing.com.au",unsafe
"capstoneresidencesug.com",unsafe
"jaminjubilee.com",unsafe
"http://www.iidh-jurisprudencia.ac.cr/cache/kunena/bm/BMO12/BMO12/BMO12/BMO11/BMO11/bankofmontreal/montreal/bmo/",unsafe
"http://www.banmarianna.hu/xmlrpc/includes/Bradesco/Gplugin.html",unsafe
"fvegt3.desio-web.co.at",unsafe
"eatnatural.hk",unsafe
"http://digilander.libero.it/Facelogin96/",unsafe
"legacyet.com",unsafe
"shaticgroups.com",unsafe
"tezoriholding.com",unsafe
"mobileid-free-fr.info",unsafe
"issube-vakifbank-onlineislemler.com",unsafe
"sampiev.ru",unsafe
"diranproductions.com",unsafe
"tescobank.alerts.customerservice.study.happywin.com.tw",unsafe
"ssxxtwqq.wufoo.com",unsafe
"doc.lookseedesign.ca",unsafe
"http://online.citi.com.d2pka0bcpr4g7xu8lfqcjx9toswqrj.bucspray.gr/slow/online.php",unsafe
"http://apple.com.appleidupdate.dispar.com.co/AppleIDInformation-UpdateProfile/AppleID/signin.php",unsafe
"parkplaceprojects.com",unsafe
"http://stsremodeling.com/piz9/index.html",unsafe
"http://www.zwe.ro/administrator/xcl.php/3b43ed9d7016c4814aed7998063cdcc7/",unsafe
"full-sailed-match.000webhostapp.com",unsafe
"http://akfjsh.com/images/?us.battle.net/login/en/?ref=us.battle.net/d3/en/index&amp;app=com-d3",unsafe
"malgaonislamiadakhilmadrasah.edu.bd",unsafe
"nezihonal.com",unsafe
"rogeriofotografia.com.br",unsafe
"lentemaniapty.com",unsafe
"http://www.salisburysound.org/photos/zenphoto/albums/haha/",unsafe
"http://appleid.apple.co.uk.cgi-bin.webobjects.myappleid.woa.verify2.srv-woa1.com/identify-customer=EfmSYrXNhEAr87J3sGsXyLcx3Mwqer33jhGYGQSmfVVX1HxYBFtLG8Kqqhg0xoeP1l0E1rjSlrcHro6VzjLSi6wLFyasKVC49kKG/",unsafe
"malibushare.com",unsafe
"domusline.org",unsafe
"jgphillips333.000webhostapp.com",unsafe
"aboutsignis.com",unsafe
"insidewestnile.com",unsafe
"coachoutletonlinestoresusa.com",unsafe
"gstrefund.arcrevenue-interac.com",unsafe
"pasmoretravelandtours.co.za",unsafe
"saloorthotics.com",unsafe
"http://atualizacao.info/asx_fad/bb/index2.php",unsafe
"firstcitizensuus.net",unsafe
"weiisfarg.000webhostapp.com",unsafe
"woike.download",unsafe
"munfaridlibas.com",unsafe
"tc-avrora38.ru",unsafe
"details.information.center.security.interac.akunnet.com",unsafe
"http://avonaco.cn/Img/?http://us.battle.net/login/en/?ref=http%3A%2F%2Fus.battle.net%2Fd3%2Fen%2Findex&amp;app=com-d3",unsafe
"system-auth.000webhostapp.com",unsafe
"http://sogologo123.esy.es/DROPBOX/DROPBOX/DROPBOX/DROPBOX/DROPBOX/DROPBOX/Chroncle/RoundIt/",unsafe
"http://www.laserscarrevision.com/wg-sorania.php",unsafe
"http://appleid.apple.co.uk.cgi-bin.webobjects.myappleid.woa.verify2.eu-id3.net/identify-customer=r3cZu4QGsRB0bu4pyomoXlEZkQrwQUYKbPz7Ye2MeaiqBiLntI6nwEXLuMkoxYikZcRPrRR5faT6rYz726zg9a7ePsToDpxRa8xj/",unsafe
"firstcitizensorg.info",unsafe
"faryd.com",unsafe
"http://pastehtml.com/view/bg8zphwms.html",unsafe
"my-casasbahia.com",unsafe
"http://wwwmoedasgratis2011.blogspot.com/",unsafe
"ojoalvarad.000webhostapp.com",unsafe
"etherpay.site",unsafe
"http://realnoob.com/Pagos/Paypal/Acceptpayment/Id/23404sd/TTrT.htm",unsafe
"wellsfargo.com.signalwarrior.com",unsafe
"chase.com.ec.p-stella.com",unsafe
"http://ytxx.myxw.cn/images/?http://us.battle.net/login/en/?ref=http://ztpddguus.battle.net/d3/en/index&app=com-d3",unsafe
"paypal.com.ecoteh.org",unsafe
"http://zeilschiptradewind.com/Media/Trulia/index.htm",unsafe
"covingtonvending.com",unsafe
"parafpuan-hediye-halkbank.com",unsafe
"papicrock.com.pe",unsafe
"supremejeweler.hk",unsafe
"index.gh-xh-nwe.com",unsafe
"kardelentekstil.com.tr",unsafe
"lenamasterica.ru",unsafe
"http://www.controlyourbreath.com/new/css_/img/webscr/cmd_/e2tUc17DNO4HbXV3GTuugM17.0.83.145.9.1.0/wo/",unsafe
"justourwedding.com",unsafe
"http://mcxbhavishya.net/update/paypal/log.htm",unsafe
"sigin.ehay.it.ws.dev.eppureart.com",unsafe
"http://www.asideal.com/js/?us.battle.net/login/en/?ref=us.battle.net/d3/en/index&amp;app=com-d3",unsafe
"onlinebanking-updated-bankofamerica.id090037566.com",unsafe
"buyingorsellingyourhouse.com",unsafe
"chasebanklogon-com2.xyz",unsafe
"sheekstudio.co",unsafe
"avalonnw.com",unsafe
"brahmamugurtham.com",unsafe
"http://can-ami.com/i/paypol-renew.com.login.54s5d48960qq14a2a1s0d5d8a12s0d5a8g6h0/log/secure-code14/security/",unsafe
"library.ooo",unsafe
"http://newsnetwork24.com/images/index.php",unsafe
"http://www.apnpsolutions.com/frenchclick/frenchclicks/",unsafe
"http://online.citicard.com.emg7adgubf.agencja-em.pl/doctorsincanton.com/wp-css/online.php",unsafe
"2sm9qki8hgyizog8uoj1.maherstcottage.com.au",unsafe
"gourmandgarden.com",unsafe
"clancyrealestate.net",unsafe
"wellsfargo.com-information-verify.verificationportal.be",unsafe
"http://payspalau.mail15.su/AEFFTWSAQ89O3WQX0AJCKHZ1D831CMN4GZVSE5RBFH1J.htm",unsafe
"proguyllserv.godaddysites.com",unsafe
"wordcash.pw",unsafe
"net-server1.com",unsafe
"http://www.zbjlqm.com/diy/?us.battle.net/login/en/?ref=http://us.battle.net/d3/en/index&amp;app=com-d3",unsafe
"quentumabintl.com",unsafe
"besteasystore.com",unsafe
"rikvipcode.club",unsafe
"uk-apple-update.godsrestorationministries.org",unsafe
"jiteenengineering.com",unsafe
"alpinista.szczecin.pl",unsafe
"root.rampupelectrical.com.au",unsafe
"owaportal.anafabrin.com.br",unsafe
"mek-onesystem.co.tz",unsafe
"security-hsbc.co.uk",unsafe
"amritaraichand.com",unsafe
"secure.bzwbk.szybkie-platnosci.pl",unsafe
"kpzwkrozpc.ivertiipolska.com.pl",unsafe
"meumimo.net.br",unsafe
"speakershack.co.uk",unsafe
"draft.deliverygo.com.br",unsafe
"http://my.greatty.com/wp-includes/pomo/tjeneste/Secure.htm",unsafe
"http://online.citi.com.lyuw10ukncihjetewuqicy4chjcmbp.bucspray.gr/slow/online.php",unsafe
"http://seucadastrop.h19.ru/SuaConta/index.html",unsafe
"jwellersonlinshop.xyz",unsafe
"http://distrimarsanitarios.soydg.com/wp-content/themes/jay/c853b991eff56741494a5ff397b70b6b/",unsafe
"pro-blog.com",unsafe
"http://www.incakoin.info/dev/man/dropbox/",unsafe
"loading-register.tk",unsafe
"securelogin.paypal.it.webapps.mpp.home.autenticazione.nfesb5q8cmvq5i26d1lchcozxpq9kgmfluhfledohyuc8m8bci4klha9xq8x.jafinafara.for-our.info",unsafe
"http://us.battle.net.ok.iiweb.asia/login/en/login.html?app=wamref=www.battle.net/account/eor=0app=bam",unsafe
"http://runeenhotel.nl/images/stories/lenscanyons/autentica/cadastrado.php",unsafe
"terolink.com.uy",unsafe
"serwer1827616.home.pl",unsafe
"amazon.de.w7-konto-jt0-amazon-gum.ru",unsafe
"http://pastehtml.com/view/bgrthjf4a.html",unsafe
"phoenixrealtorsblr.com",unsafe
"irevservice.com",unsafe
"ambbar.com.ar",unsafe
"tabelanet2.dominiotemporario.com",unsafe
"pearls4us.com",unsafe
"garantiadedescontos.com",unsafe
"alcirydi.com",unsafe
"http://www.mortgageminuteguy.com/wp-content/plugins/mailchimp/po/talk/",unsafe
"kisahanakmuslim.com",unsafe
"fsepl.com",unsafe
"maihalertonlinealer.com",unsafe
"llbfarm.com",unsafe
"http://distrimarsanitarios.soydg.com/wp-content/themes/jay/430f0d274abdef9a275f450c271211d9/",unsafe
"http://pastehtml.com/view/bmro08kiz.html",unsafe
"tokensale.ico-havven.org",unsafe
"mercedwebml090.000webhostapp.com",unsafe
"savingdinner.com",unsafe
"qqxxlwnzmp.bradul.creatory.org",unsafe
"audacitytobeyou.com",unsafe
"927697--storno-sicher-konto_identity.sicherheitsvorbeugung-schutz.cf",unsafe
"rakkausson.com",unsafe
"infotechmedia.com",unsafe
"jqzwgm19.org",unsafe
"http://bftltd.com/js/?dest&amp;sxexkmqssl=0&amp;secure.runescape.com/m=weblogin/loginform.ws?mod=www",unsafe
"checkit.x10.bz",unsafe
"cpcn.000webhostapp.com",unsafe
"appieid-verify.com",unsafe
"540591--nutzung-angabe-validierung.sicherheitshilfe-schutz.gq",unsafe
"renegadesforchange.com.au",unsafe
"kjsdi.kalphinc.com",unsafe
"secure.myboa.cn-iba.com",unsafe
"a-cave.net",unsafe
"client.singupforporno.com",unsafe
"adamsvpm.com",unsafe
"dz-cima.nifatech.com",unsafe
"http://creative-catalyst.com/sincr/acessoseguro.sincronizacao.itauToken",unsafe
"http://www.system-administratorteam.tk",unsafe
"rasoeemasale.com",unsafe
"pfisicacesso.com",unsafe
"http://www.studiogadgets.net/wp-includes/SimplePie/Decode/HTML/apple.ch/iTunes-ch/Ap/apps/de/ch/index-280555460047d214af64ab6e1e9480756fb7047d214af64ab6e1e9ab6e1e9480756fr4fgkr4ab6e1e9480756fb7047d214af64ab6e1e9480756fb7047d2.html",unsafe
"jamioza.com",unsafe
"arm-med.ru",unsafe
"canyoustreamit.com",unsafe
"bancosantander.appliedatas.com",unsafe
"http://pastehtml.com/view/1dpt0t8.html",unsafe
"http://junkiesth.com/uploads/images/libertyreserve/login/en/account/profile/signon.php?cmd=_login-run&dispatchX85d80a13c0db1f1ff80d546411d7f8a8350c132bc41e0934cfc023d4e8f9e5d663793c69d90b942efe1797cba94a05d663793c69d90b942efe1797cba94a05",unsafe
"appstore-id.000webhostapp.com",unsafe
"firstcapitalltd.com",unsafe
"http://appleid.apple.co.uk.cgi-bin.webobjects.myappleid.woa.verify0.srv-woa1.co.uk/identify-customer=I6vxstUfJu4YJgQSDEtZTpQWRijw6PNhRzcxYX3yuJfS4GrfFVPkpluggv5qX313pTWTNlr0Sxxz3WrS88RN3jje6Wzpp2BV3eje/",unsafe
"fanpage-update-account.gq",unsafe
"fbsystimacct444.000webhostapp.com",unsafe
"99wsxzsa40.club",unsafe
"quinnsparby.com",unsafe
"implant-han.com",unsafe
"help-you-in-confirmation.info",unsafe
"cesartech.com",unsafe
"tanuklaverop.com",unsafe
"http://pastehtml.com/view/bbvfec7fi.html",unsafe
"rapopo.com",unsafe
"http://atualizacao.info/asx_fad/bb/atualizar.php",unsafe
"cvdimensisolusindo.com",unsafe
"jessengomez.com",unsafe
"thomasgrimesdemo.com",unsafe
"apps.fb.com-copyrights-suport.xyz",unsafe
"trbireysel-ziraatbank-mobilsubem.com",unsafe
"http://login.alibaba.com-cgi-bin-wets-myalibabaid.woa-wa-direct.87366224421i581517898il8e2442187366224421i5tr5i872187366.yildirimotomotiv.com.tr/8e84f9d510290a7f63e66e3231269797/",unsafe
"gtservice-square.com",unsafe
"prevalent-boil.000webhostapp.com",unsafe
"http://www.bortesztek.hu/images/hun/mdir/issue/ifconfig/sbin/dir/paypal.dk/webscr.htm?cmd=SignIn&amp;co_partnerId=2&amp;pUserId=&amp;siteid=0&amp;pageType=&amp;pa1=&amp;i1=&amp;bshowgif=&amp;UsingSSL=&amp;ru=&amp;pp=&amp;pa2=&amp;errmsg=&amp;runame=",unsafe
"http://66.208.115.70/images/index.asp",unsafe
"konka2.biz",unsafe
"http://www.kingsportclub.com/js/?app=com-d3&http://us.battle.net/login/en/?ref=http://us.battle.net/d3/en/index",unsafe
"http://appleid.apple.co.uk.cgi-bin.webobjects.myappleid.woa.verify6.eu-id3.net/identify-customer=RhqaQlBugMrazIwxqxN37GyGtR4kVq5ngLTSmN7FqrSNRnIk1fhqaRa0NSpqXenBLTW8ObsRgzzqAWmQb8zA9sYQaBxpqolV1I23/",unsafe
"http://49th.denalicrowsnestcabins.com/job5/gmail.html",unsafe
"getluckynumbers.eu",unsafe
"http://www.presskhmer.com/roir/DRBODBX/pbo/",unsafe
"http://www.pret.im/2ba80a8b268146392b18a46eaa428391/login.php",unsafe
"electrogaspoint.com",unsafe
"rce-jo.com",unsafe
"aquaquara365.com",unsafe
"naturefront.org",unsafe
"qrmrussia.ru",unsafe
"mobileyoga.mobi",unsafe
"http://huaruisolar.com.cn/js/?us.battle.net/login/en/?ref=kkeolnaus.battle.net/d3/en/index&amp;app=com-d3",unsafe
"netexcelsys.com",unsafe
"santuariopalacehotel.com.br",unsafe
"stable-environment.co.uk",unsafe
"fullkanga.com",unsafe
"eeshansplace.com",unsafe
"webvkk.esy.es",unsafe
"http://confirm-id-help.ucoz.com/fb/webmail.html",unsafe
"maarijfabrics.pk",unsafe
"institutedetail.top",unsafe
"http://hydrofunkdigital.com.au/wp-content/eshop_downloads/index.html",unsafe
"http://www.xhrn.cn/images/?http://us.battle.net/login/en/?ref=http%3A%2F%2Fus.battle.net%2Fd3%2Fen%2Findex&amp;app=com-d3",unsafe
"wsrdp3ikra.dayandnightpost.com",unsafe
"my-casasbahia-liquidacao.com",unsafe
"paounesdortubamnocx.info",unsafe
"flightshop.in",unsafe
"sfr98y9j.beget.tech",unsafe
"motive8u.com",unsafe
"tempered-transforme.000webhostapp.com",unsafe
"http://pastehtml.com/view/bc0tdu0yn.html",unsafe
"asyimoo.co.id",unsafe
"yitzys.com",unsafe
"http://pastehtml.com/view/bfrz0usyj.html",unsafe
"http://rehmatulillalamin.net/www.paypal.it_service-security_confermation/it/Processing1.php?cmd=_Processing&dispatch=5885d80a13c0db1fb6947b0aeae66fdbfb2119927117e3a6f876e0fd34af43658cc46c6c20c4a50ff5f75d41c5efee728cc46c6c20c4a50ff5f75d41c5efee72",unsafe
"http://chatwith-nudegirl.blogspot.com/",unsafe
"warrning-fanpa9e1.securittty4.tk",unsafe
"damdifino.net",unsafe
"http://www.id8-eu.net/identify-customer=EfmSYrXNhEAr87J3sGsXyLcx3Mwqer33jhGYGQSmfVVX1HxYBFtLG8Kqqhg0xoeP1l0E1rjSlrcHro6VzjLSi6wLFyasKVC49kKG/",unsafe
"joonian.net",unsafe
"http://www.naylorantiques.com/com_fabrik/listid=2/list/60",unsafe
"agenciacride.com.br",unsafe
"http://www.atricor.es/521ae142b59c5f5d7b6738787c58ecbb/",unsafe
"henkwpol.nl",unsafe
"apple-localizar-iphone.com",unsafe
"jtecab.se",unsafe
"security2017check.cf",unsafe
"http://www.gxyzx.com/js/?http://us.battle.net/login/en/?ref=http%3A%2F%2Fopclpqxus.battle.net%2Fd3%2Fen%2Findex&amp;app=com-d3",unsafe
"suspended-facebook-temporarily.com",unsafe
"immonieruchomosci.pl",unsafe
"http://www.fullmobilejacket.com/umich/googledoc/googledoc/googledrive/",unsafe
"http://mjinstallation.buzzby.biz//wp-admin/user/AOL_Login.htm",unsafe
"awakeningthenations.com",unsafe
"http://www.addaptcreative.com/pux/trade.html",unsafe
"http://www.annazalesova.info/~arildfol/paypal-account/",unsafe
"owis.loeshotels.net",unsafe
"auth.unlock.accountaccess.wf-south.review",unsafe
"http://107.21.154.157/recordings/locale/.../my.screenname.aol.com/loading.html",unsafe
"bnz.co.nz.ka2ziybqsizp6s2.e-lecta.net",unsafe
"alexzangeneh.com",unsafe
"http://www.avocatmanta.ro/includes/css1/5ce3785e26188e51af69563ad904f4a5/",unsafe
"epconengg.com",unsafe
"http://www.kun-su.com/images/?http://us.battle.net/login/en/?ref=http://emlynskus.battle.net/d3/en/index&app=com-d3",unsafe
"http://www.helderheidbokaal.nl/wp-content/plugins/contact-form-7/Trulia/index.htm",unsafe
"rockandroad24.pl",unsafe
"paraf-para-kampanya.com",unsafe
"talented102-writer.xyz",unsafe
"tiesco.co.tz",unsafe
"ciitypress.co.uk",unsafe
"laurelmountainskiresort.com",unsafe
"rbcanada-update.com",unsafe
"googledrivepdfview.com",unsafe
"1bm0-verified-identity8910.com",unsafe
"solarvps.com",unsafe
"http://www.letstalkrealty.org/Om5vbmU7Ym9yZGVyLXRvcDpub25lO2JvcmRlci1ib3R0b206bm9uZTsiPjx0YWJsZSBjZWxsc3Bh/1e6370fc990575c97447a0189737488c4f16c818875d9fcb6867c7bdc89be7eb/index/2bca554cc0551158bd0662a8cd7890b4/",unsafe
"sahabatsuksesbersama.com",unsafe
"arjawa.com",unsafe
"simaytekstil.com",unsafe
"http://incest-sex.potty.name/index.html",unsafe
"mob-free.frl",unsafe
"bireysel-cepten--sube-giris---tr.com",unsafe
"antonsovre.si",unsafe
"bbonlineinternet.com",unsafe
"0245acc00unt-info001.000webhostapp.com",unsafe
"visaodigitalcftv.com.br",unsafe
"asdfsadf.viomil.ro",unsafe
"wedrifastct.com",unsafe
"paypal.com.it.webapps.mpp.home.holpbenk24.com",unsafe
"delaraujo.com.br",unsafe
"http://www.helderheidbokaal.nl//wp-content/plugins/contact-form-7/Trulia/index.htm",unsafe
"http://www.vighnahartainn.in/new/quote/",unsafe
"ihyxyqpzntfmq.ivydancefloors.com",unsafe
"http://www.thingsicanbuy.com/wp-content/reports/ca.htm",unsafe
"http://amazon.com.ap.signin.createvents.gr/61439dacef9bb45576f5fcfcfa122f2f/",unsafe
"pavpal.com-accsid0890219manage-accnt.info",unsafe
"http://pastehtml.com/view/b72tp25x7.html",unsafe
"ziiraat-subegiris.com",unsafe
"bofa-supp-checking.co",unsafe
"ameli165.beget.tech",unsafe
"http://pastehtml.com/view/beo9zr328.html",unsafe
"wellsfargo00043.000webhostapp.com",unsafe
"stovallbaptistchurch.org",unsafe
"zentralkafeteatro.com",unsafe
"http://appleid.apple.co.uk.cgi-bin.webobjects.myappleid.woa.verify1.srv-woa1.co.uk/",unsafe
"http://www.bnxti.com/~arildfol/paypal-account/",unsafe
"http://www.sunjsc.vn/admin/webroot/cache/31f29bab1a8d61cfcebc1983bc410e1b.php",unsafe
"autoandpredictivedialers.com",unsafe
"612045126.htmldrop.com",unsafe
"paypal.kunden00xkonten00x00x1600-verifikations.com",unsafe
"http://moedasgratishabbo-gerador.blogspot.com/",unsafe
"cerrajerosos.com",unsafe
"http://brugowebdev.com/download/?cod=015526200055461515178446222203",unsafe
"sean.woodridgeenterprises.com",unsafe
"drukarniacmyk.pl",unsafe
"http://www.h16.ru/denied.shtml?miebeiresume.h16.ru",unsafe
"http://64835108.net/images/?us.battle.net/login/en/ref=us.battle.net/d3/en/index&amp;srokkdaapp=com-d3",unsafe
"buchli.com.br",unsafe
"http://www.xtremesquad.org/template/login_26.html",unsafe
"recovery-help-centre20180102.000webhostapp.com",unsafe
"http://www.megamoveismg.com.br/loja/Alibaba/safeguardyouraccountsecurity.php",unsafe
"lawcourtsltd.com.au",unsafe
"http://pastehtml.com/view/bgbcb764j.html",unsafe
"hwqulkmlonoiaa4vjaqy.perfectoptical.com.my",unsafe
"restore-immediate-security.xyz",unsafe
"tvforumbd.com",unsafe
"http://www.cartasi.it.qhlkjfadpaz.kfdfbra2imp9ol5rzybsujxjwwkdma3m.gwrhes0m5plj1frqdszx3mxpi8sk9lxf.totallytech.it/gtwpages/",unsafe
"serviciocuentadesoporte.com",unsafe
"igotrip.info",unsafe
"csc.com.np",unsafe
"http://www.apple.com-support-assistenza-account.information.upoert.com/ap/italia/Apple-id/13ed354102c9def248d2fe15294917af/",unsafe
"unitedrealestate.gm",unsafe
"http://www.apple.com-support-assistenza-account.information.upoert.com/ap/italia/Apple-id/dfe177b83c7d4e57908d25bb29aa1b03/",unsafe
"spintexplaza.com",unsafe
"law.dekante.ru",unsafe
"modernyear.com",unsafe
"magicmyphotos.com",unsafe
"17i8.org",unsafe
"http://diary.swanfieldstudios.co.uk/wp-includes/js/tinymce/utils/webmail/yahoo/yahoomail/yahoomail.html",unsafe
"http://pastehtml.com/view/bef9ujd9i.html",unsafe
"http://viewmygooglesyncpicture.pythonanywhere.com/",unsafe
"infoconsultation.info",unsafe
"http://pastehtml.com/view/bcxsmdj9i.html",unsafe
"fbcolorfun.000webhostapp.com",unsafe
"http://pastehtml.com/view/bgecd4ovt.html",unsafe
"map-of-iphone.com",unsafe
"http://promocoes.yzi.me/amigomv/cadastro/",unsafe
"http://piapot.depphorrizon.info/xml/59t",unsafe
"aoyongworld.com",unsafe
"mypostepay-action-login-utente-bancoposta.otzo.com",unsafe
"trecadeheje.com",unsafe
"migration.sunsetdriveumc.com",unsafe
"sanfordcorps.com",unsafe
"http://pastehtml.com/view/boyg3vzv1.html",unsafe
"trx.claims",unsafe
"app-ios.org",unsafe
"signin.account.de-idny8uxpccywjixug1xkuv.pra-hit.me",unsafe
"mobilei-lfree.net",unsafe
"chase.com.us.x.access.oacnt.com",unsafe
"ar3gzcdzgum7whgjp.gdn",unsafe
"theevermore.com.au",unsafe
"http://pastehtml.com/view/bfrqp572k.html",unsafe
"searbrmiyet.xyz",unsafe
"laim2stikers.org.ru",unsafe
"http://pastehtml.com/view/bfwbwxjuf.html",unsafe
"caalnt.com",unsafe
"adexboutique.com.ng",unsafe
"mebelya58.ru",unsafe
"semana-ofertascasasbhaia.com",unsafe
"http://www.mainsqueezemusic.com/andre/art/",unsafe
"logindhelp.com",unsafe
"bmiexpress.co.uk",unsafe
"supremaar.com.br",unsafe
"dorothyn.com",unsafe
"gghzskncx3.harrisdentalsolutions.com",unsafe
"bacucredicoop.com",unsafe
"https://spreadsheets.google.com/spreadsheet/embeddedform?formkey=dG4wRlFMd1NrVk9FVlJBOThPSmdkVGc6MQ",unsafe
"http://online.citicard.com.bmb4ysyft5.dadrbt.ro/cool/online.php",unsafe
"indomatrixgroup.com",unsafe
"barlinyahaedolika.com",unsafe
"securelogin.paypal.it.webapps.mpp.home.autenticazione.alh5zrdnvj7gdymtzxhyea6dsbap6co6om1edtrodnv8c8rsvyg1pb4id5n0.jafinafara.for-our.info",unsafe
"https://sites.google.com/site/habbomoedasgt/",unsafe
"bengaluru.rent",unsafe
"maplgroup.com",unsafe
"http://boiseriesatlantica.com/asds.php",unsafe
"http://dominiopublico.mx/poste.it/poste.php?myposte=main",unsafe
"durgasteelgroup.com",unsafe
"euro-pak.eu",unsafe
"acemcdubai.com",unsafe
"andezcoppers.com.br",unsafe
"james2kool.5gbfree.com",unsafe
"recargadupla.com",unsafe
"structural-engineering.co.uk",unsafe
"http://pastehtml.com/view/beh6kx2d5.html",unsafe
"bireysel--ziraatbank.com",unsafe
"http://paypal.com.res.limite.account.new.update.2012.672bfcaa73dbfe28bff5bc7760408.imajinadsghana.com/www.paypal.com/",unsafe
"http://www.barnaktivitet.se/PayPal-Login/paypal/update/",unsafe
"http://www.domkiholenderskie.com.pl/szablon/ll0ys/b94d69720d6fab7d5e41bdc5cb41680e/",unsafe
"redapplied.com",unsafe
"copybinaryprofits.com",unsafe
"news-email-link-ne.com",unsafe
"http://www.svstravels.in/tmp/165784115/b86ffacbd1ab913cb72a0fba7fe2ac6c/",unsafe
"uantonio.pl",unsafe
"security.usaa.com.inet.wc.security.center.0wa.ref.pub.auth.nav-sec.themeatstore.in",unsafe
"notice511.000webhostapp.com",unsafe
"http://a3daa2-ud2gkn1pbe.kenstewardministries.org/cartasi/",unsafe
"http://ea.ce-intern.com/_la.php?&amp;nid=803784&amp;sid=218699859&amp;lid=2642119&amp;tg=http://www.santafetex.com/login.php",unsafe
"rbcholdings.com",unsafe
"stateassociates.com.pk",unsafe
"http://www.economix10th.com/cy/cgi-bin/webscr.php",unsafe
"http://ssl3.ovh.net/~malistes/provide-secure/",unsafe
"anmoltravelservices.com",unsafe
"phase21zone.heteml.net",unsafe
"myethaewallet.com",unsafe
"http://deborahwolfeltd.com/spins/lib/secure.wellsfargo.com/secure.wellsfargo.com/index.htmsignonlobconshttp:/67.225.179.163/spins/lib/secure.wellsfargo.com/secure.wellsfargo.com/index.htm?signonlob=cons",unsafe
"http://i02m-213-44-246-139.d4.club-internet.fr/it/paypal.it/login/to/your/account/",unsafe
"facebook.ommalliltanazul.com",unsafe
"jadcc19a.beget.tech",unsafe
"secure03b.chase.com-id-auth.huvackly.com",unsafe
"http://txellwebs.com/blog/wp-content/scap/908f8625ab88db835ac9bb739a31e143/webscr.html?dispatch=5885d80a13c0db1f998ca054efbdf2c29878a435fe324eec2511727fbf3e9efcf8701ff6b1534f9078a8190ff3d83f40f8701ff6b1534f9078a8190ff3d83f40&cmd=_login-run",unsafe
"http://www.dgnbzx.cn/images/?app=com-d3&amp;us.battle.net/login/en/?ref=us.battle.net/d3/en/index",unsafe
"rktesaudi.com",unsafe
"dropdocurcvd.myjeri-villa.com",unsafe
"creatrealyttittleinfo.co",unsafe
"http://www.up-date.info-pay-pal.gamesopd.com/sup.port",unsafe
"joginfotech.top",unsafe
"facedook.cf",unsafe
"claimeth.org",unsafe
"notice-pages-ads.com",unsafe
"system-recovery.000webhostapp.com",unsafe
"http://www.56603.com/images/?dest&amp;mjamfnsssl=0&amp;secure.runescape.com/m=weblogin/loginform.ws?mod=www",unsafe
"http://appleid.apple.co.uk.cgi-bin.webobjects.myappleid.woa.verify2.srv-woa1.com/identify-customer=8lMs39YzCGO8NzfY89ssxCK62KhBXFoOgCznJGlh0Ka8fT1yzaoj7CykngppBFzqDYCfpuu0BXlEHTuTsRcuwiMb3o4vhr3eZYcL/",unsafe
"meincheck.de-informationallekunden.eu",unsafe
"kusnierzszczecin.pl",unsafe
"amronail.com",unsafe
"basrabrothers.com",unsafe
"http://www.seniorpeoplemeetspictures.9hz.com/",unsafe
"wanted2buy.com.au",unsafe
"http://www.smxszz.com/images/?us.battle.net/login/en/?ref=us.battle.net/d3/en/index&app=com-d3",unsafe
"http://rgnc.ru/wp-content/plugins/wp_comm/8557281529/login3848465/",unsafe
"warning404.facebok-securtity.tk",unsafe
"yandex-zaem.000webhostapp.com",unsafe
"empregandopessoas.tk",unsafe
"visionnextservices.com",unsafe
"myetherwallet-signcoins.top",unsafe
"alzheimerkor.hu",unsafe
"securityaccountcentre11042018.000webhostapp.com",unsafe
"http://demo.pegasi.com.tr/anaokulu/css/icons/onlinebanking.usaa/contact.php",unsafe
"rabenter.eu",unsafe
"count-clicks.com",unsafe
"airgundepot.com",unsafe
"dkjasfdkfbawefhafhafjakejkegbawjgkjawgew.tk",unsafe
"truat.co.za",unsafe
"vk-ch174.pe.hu",unsafe
"http://appleid.apple.co.uk.cgi-bin.webobjects.myappleid.woa.verify0.id8-eu.co.uk/identify-customer=LUC1aTHPXzQIp4HsDY3J5gTXnsRuoWmiYj5gT7zZMFuuXwCya3kwyEUxZ0ZE0QslOBj18GJsbSHKhspu1DRsEwrh8KnQQVDbqcsf/",unsafe
"faschooler.id",unsafe
"http://applelogin.itunes.com.sign-in.51254hebmdw5925470005hcr.siraks.si/Process.php",unsafe
"koora24eg.com",unsafe
"registre-suport42.accunt-fanpage87-confrim.tk",unsafe
"artisalive.co.za",unsafe
"ministryaffiliation.org",unsafe
"antonyme-dictionnaire-improvement.effers.com",unsafe
"http://www.axiem.com.mx/employee_portal/modules/Forums/images/f4433HSJh273h475hh387D8DHSJr4fdsf4433HSJh27762H3rturnit87D8DHSJpY762H387D8DHSJronstyleHDGGSYY762H387D8DHSJprth273h475hh277362u263h273h44fdsf4433H&JUEY66GDFER43HSJh273h475hh277362rtuh273h475hh274fd.htm",unsafe
"amazonica-ita.com.br",unsafe
"dewhynoengineering.com.ng",unsafe
"alkhobargate.com",unsafe
"flow.lawyerisnearme.com",unsafe
"arkmeditech.com",unsafe
"earthlink000.hostingsiteforfree.com",unsafe
"all.technologyoptical.com",unsafe
"capsulcrunch.com",unsafe
"arcomtechnologies.com",unsafe
"cparts.imp-gouvs.com",unsafe
"halkbank-parafbireysel.com",unsafe
"payitforwardtn.com",unsafe
"airbnb-com-rterm.es.cx",unsafe
"manpoweragencypro.com",unsafe
"http://en.mmweb.asia/login/en/index.htm",unsafe
"coolbus.am",unsafe
"costumer3443resolutioncenter.buka-puasa.com",unsafe
"finaltouch2homeimprovementllc.com",unsafe
"https://spreadsheets.google.com/spreadsheet/formResponse?hl=en_US&amp;formkey=dF9IbUh2RjMxNEtuNmxVNHhxVlQ5eEE6MQ&amp;theme=0AX42CRMsmRFbUy1kN2NjY2Y0Mi1iYWFmLTQxMWMtYjM0NC04NmZmYTIwZDRkMGQ&amp;ifq",unsafe
"ronautoservice.com",unsafe
"http://www.ican-nirvana.com/images/?us.battle.net/login/en/?ref=us.battle.net/d3/en/indexapp=com-d3",unsafe
"faturafacil.tk",unsafe
"kolyeuclari.info",unsafe
"medium.ethereumfoundation.top",unsafe
"my.account.security.shivagirifilms.com",unsafe
"http://www.eroshoot.com/partners/note/",unsafe
"ockins.ml",unsafe
"houstonfringefestival.org",unsafe
"careermoovz.net",unsafe
"be590a3ff9.000webhostapp.com",unsafe
"http://en.xxok.asia/login/en/index.htm",unsafe
"roadhouseng.com",unsafe
"elocelote.com",unsafe
"http://www.redecristo.com/novo/templates/atomic/images/uch/kelly.html",unsafe
"http://www.qsncc.co.th/cache/mod_M17n/ModuloBB.php",unsafe
"malaiboti.gq",unsafe
"karirdika.com",unsafe
"http://pastehtml.com/view/bbwqp89k9.html",unsafe
"http://pbcworld.org/p1/product/login.htm",unsafe
"servic2g.beget.tech",unsafe
"http://1-2-show.com/promotion/sv.html",unsafe
"jacknravenpublishing.com",unsafe
"instagram.jolims.tk",unsafe
"http://www.wellkomputindo.com/wp-admin/execllenters/Yahoo!AccountVerification.htm",unsafe
"r119.tmd.cloud",unsafe
"caamni-jhgsedg.tk",unsafe
"epc-expedia.eu",unsafe
"allwaterdamagerestoration.com",unsafe
"mysocgift.ru",unsafe
"taboolatinas.com",unsafe
"sarahbillheimerphotography.com",unsafe
"keimolankaiku.fi",unsafe
"http://www.schmidtmechanical.com/language/payment/Amazon.co.uk/Billing_Center/login.php",unsafe
"http://www.traducator-iasi.ro/wp-includes/SimplePie/Decode/HTML/dumpd/e7755db83071b0f351da0dac0a5fbcec/",unsafe
"swantasmith11.org",unsafe
"http://www.yeuemnhieulam.com/viaclonebangtoken5/quan1/",unsafe
"http://www.cqpszx.com/images/?ref=http%3A%2F%2Ftqvavewus.battle.net%2Fd3%2Fen%2Findex",unsafe
"com-abble-i.cloud",unsafe
"waldonprojects.com",unsafe
"imedia.com.mt",unsafe
"http://www.usamuaythai.com/wp-includes/kisito/c56fcabf586079d94433cd8eec646e2e/redirection.html",unsafe
"accessonline.icu",unsafe
"fightingcancer.net",unsafe
"http://www.helpactually.org/secure/secure.html",unsafe
"open.realmofshadows.net",unsafe
"http://kinderdagverblijf-dewijk.nl/modules/mod_login/Trulia/index.htm",unsafe
"coopetrasam.com",unsafe
"cielopromocao.esy.es",unsafe
"bankverification.online",unsafe
"cgi7ebay.com",unsafe
"http://expertmail.co.za/api/ref/1.htm",unsafe
"emmyunfiltered.com",unsafe
"http://www.redirectalink.com/blog/wp-content/plugins/Official%20Apple%20Store%20Assistance/6882f1f8a3843d2fa8498972a36b941d/",unsafe
"pintofview.it",unsafe
"http://www.bendingtheweb.com/folder/ppl/MyAccount/Update/",unsafe
"tomatoartschool.com",unsafe
"saversites.com",unsafe
"havven.eu",unsafe
"http://cuchooo.com/wp-content/themes/twentyeleven/remax/",unsafe
"dncorg.com",unsafe
"http://fb.com.accounts.login.userid.379987.fbsbk.com/wed15/",unsafe
"paypal.de.sichere-message.com",unsafe
"hud.thesourcechagrin.net",unsafe
"http://www.fumdepaz.com/form/forms/form1.html",unsafe
"victorycuts.com",unsafe
"gilendayzaranime4.cf",unsafe
"http://typhon.tybit.com/?name=apparelart.com",unsafe
"http://login.aol.com.colemantennis.com/log/2012/",unsafe
"ei0sj6fwb1.yonalon.com",unsafe
"ssssd4rrr.szfuchen.com",unsafe
"paypal.konten00xkunden00-aktualiseren.com",unsafe
"http://pastehtml.com/view/bejvpuc2r.html",unsafe
"abonosvivos.net",unsafe
"http://www.apple.com-support-assistenza-account.information.upoert.com/ap/italia/Apple-id/",unsafe
"hopewhitepages.com",unsafe
"http://community.ebay.com.t2.buyercentral.discussion-00.bugs3.com/~sahej/t1/",unsafe
"ericmaddox.us",unsafe
"lakefrontvacationsuites.com",unsafe
"login-to-paypal.amin-telecom.pk",unsafe
"carralogistica.com.br",unsafe
"http://rare-lingot-norman.cabanova.com/",unsafe
"p4yp41.moldex.cl",unsafe
"facebook-user-signin.com",unsafe
"falajesus.com.br",unsafe
"http://appleid.apple.co.uk.cgi-bin.webobjects.myappleid.woa.verify9.id8-eu.co.uk/identify-customer=PSC2wP9G5m1qAVZJCe0OgCFnHs9I87CN0MPDYPQOowjSQnzna39OZGzQMCTehr5eQznhDJToyH8qo2chIb60ZEkJMY5xufgZRSJP/",unsafe
"artwatchghana.org",unsafe
"chase-banking.report",unsafe
"http://arthavaisya.com/paypal_virefication/d4fac600a60cba8f5f4515e64359595d",unsafe
"evgeniilitvinovsite.bback.site",unsafe
"euroclicsl.com",unsafe
"http://www.eu-id3.net/identify-customer=BGflCuxHa6LxlMvVVZxtkg9ANaYm19kRI5fjEPKx0bI9Ga0SBBcKGNYXk7Co5cfZK4gtjEj6zrWyecrv4wMa7ocVwZRmwkBfjSLF/",unsafe
"abgreen.com.br",unsafe
"log-paypal.co.uk",unsafe
"sunny-works.com",unsafe
"aprilbrinson.com",unsafe
"http://habbo-creditos-reales.blogspot.com/",unsafe
"http://s70.n57.n84.n66.static.myhostcenter.com/ibpflogin/identificacao.jsf/mzujy55b/",unsafe
"changelinks.co.uk",unsafe
"http://drobinsonandassociates.ca/www.paypal.it/webscr.php?cmd=_login-run&dispatch=e1eee9122520022c6048f219223eac9cb5ca752e60dbad622ed9a13d49c2daf3",unsafe
"http://chdphd.com/Thumbnails/yin/verification/index.php?img=AOL",unsafe
"appleserviceinformationaccounts.com",unsafe
"sentulhighlands.com",unsafe
"http://www.ecancerstaging.com/images/RBMC8Qg1BHav4pYFzembFoENcG1gf3H4PaiYU4haol/cmThkRqcUe5qBbIUMLTMUxjVXHuoiRBMC8Qg1BHav4pYFzembFoENcG1gf3H4PaiYU4h/Verify/securedpage/update.php",unsafe
"gma.gmail-act4024.com",unsafe
"apploko.download",unsafe
"moon-sunny.000webhostapp.com",unsafe
"bookkeeperbaltimore.com",unsafe
"moroccomills.com",unsafe
"adrianomalvar.com.br",unsafe
"http://pastehtml.com/view/bb16kid9l.html",unsafe
"prelevefrid.com",unsafe
"stro70.com",unsafe
"mateoroque.com",unsafe
"balbriggancinema.com",unsafe
"protectionsmenloparkca2018.000webhostapp.com",unsafe
"robynmaguire.com.au",unsafe
"http://itunes-secure.leptinegypt.com/it/app/7ef84ebbd0f4340086e17e4387adb7b3/",unsafe
"mantrsa.000webhostapp.com",unsafe
"euroshtory.ru",unsafe
"tebgiris.com",unsafe
"ctyeung.com",unsafe
"http://rs.ffgo.asia/m=weblogin/index.htm",unsafe
"burgering-pali.bid",unsafe
"http://fb.com.accounts.login.userid.407881.fbsbk.com/",unsafe
"webinf0secur1ty.com",unsafe
"http://www.gate.com.pl/flv/singin/CA/PP.securite.ca/webapps/home/2015/4405157b1d6f21368dd9371fac520079/",unsafe
"http://mocbionicle.everydayisdynamite.com/cc/confirm/websc-proccessing.php",unsafe
"adanabahriotokiralama.com",unsafe
"ketodietsupport.com",unsafe
"http://www.stjohnsschoolburari.com/godwin/",unsafe
"doregeneracji.pl",unsafe
"kunden-verifi.info",unsafe
"http://pastehtml.com/view/b1sviiv48.html",unsafe
"mtquiz.blufysh.com",unsafe
"fuerzacatamayo106.com",unsafe
"http://fifaworldcup1.com/wp-admin/meta/TT/Logon.php?LOB=RBGLogon&_pageLabel=page_logonform",unsafe
"garysview.com",unsafe
"thinkhell.org",unsafe
"unblocking-fb-support.xyz",unsafe
"fpn81171321mp.hol.es",unsafe
"przesylkadodomu.info",unsafe
"romeiroseromarias.com.br",unsafe
"apple-iphones.com",unsafe
"http://cache.nebula.phx3.secureserver.net/obj/NDc0RTlGNjhFNDBGQTBFMTkyOEQ6MjYzMmQ3MmM5OGVjNzUzNmNkNDRlNTAxOWRhOGU2ZjI6Ojo6U2Vydml6aV9wZXJfYXR0aXZhemlvbmVfb25saW5lLmh0bWw/",unsafe
"faheemproducts.com",unsafe
"ilegaltrader.com",unsafe
"endofmartialarts.com",unsafe
"http://sparesbox-cm.com/tmp/install_4fc7a8a3b501c/language/sec-fr/Processing.php?cmd=_Processing&dispatch=5885d80a13c0db1fb6947b0aeae66fdbfb2119927117e3a6f876e0fd34af4365199b3f469671291036f55cd7899fdd86199b3f469671291036f55cd7899fdd86",unsafe
"informatio.igg.biz",unsafe
"http://appleid.apple.co.uk.cgi-bin.webobjects.myappleid.woa.verify9.eu-id3.com/identify-customer=LDjgMVEfkxEelQqNKnJSYUZuMReJ9YpHBu9yhLJfGf4vcR0CIyYE6lK3gjmNHNNWxIbr2641kMGEEbAI5jT2evJwMOZ0zbH3JXv1/",unsafe
"globalupdatefbpages.gq",unsafe
"mtu.edu.quizandshare.com",unsafe
"gowowapp.com",unsafe
"instagam.org",unsafe
"merchantcapitalpartner.com",unsafe
"wildard.roanokekappas.com",unsafe
"icloud-toop.com",unsafe
"http://64.129.131.130/bin-cgi/index.html",unsafe
"naajm.com",unsafe
"http://en.eeus.asia/login/en/login.html",unsafe
"http://pastehtml.com/view/ba0oegqua.html",unsafe
"http://118.69.206.95/~vihtcsn/customer/id/178976499471320573/webscr/dispatched/login.scr/info/one/",unsafe
"http://online.citi.com.ou4elw9nzpqvxg07wvf80aet6j2jju.bucspray.gr/slow/online.php",unsafe
"http://www.fisiopostural.com.br/Alibaba.aspx.account.sumbit-confirm.securessl5885d80a/Alibaba.com/Alibaba.html",unsafe
"wilddonegal.com",unsafe
"o365.ezyro.com",unsafe
"dcmdoc.com",unsafe
"mycscinfo.in",unsafe
"http://1-configurazione-supporto-apple.store-contatta.bimabn.com/c/Apple-id/a69645d5ea0f297c95a19d3b460b4a72/",unsafe
"terviyandefolnedse.com",unsafe
"http://www.helpingpersiancats.org/modules/mod_rokajaxsearch/js/login.alibaba.com/login.jsp.php",unsafe
"http://www.itfindia.org/confirmation-account/c85652703f710065c1255aa03a9aefae/cbbca54fcbc1a3636065adc71373b0c2/",unsafe
"my.followerinfo.xyz",unsafe
"http://www.transeuromersedes.ro/agref/wellsfargo2011/online.wellsfargo.com=das/session.cgi-sessargs=mZsth/",unsafe
"jasdoiure.000webhostapp.com",unsafe
"enhancedesignstudio.com",unsafe
"http://www.auboisementcorrect.com/PP/webscr.php?cmd=_login-run&dispatch=5885d80a13c0db1f1ff80d546411d7f8a8350c132bc41e0934cfc023d4e8f9e58873efde7377881c2a77c0d01b5dd4f88873efde7377881c2a77c0d01b5dd4f8",unsafe
"http://www.kingsportclub.com/js/?us.battle.net/login/en/?ref=http://us.battle.net/d3/en/index&app=com-d3",unsafe
"http://pastehtml.com/view/bfv1e315i.html",unsafe
"jhyrgweb.xyz",unsafe
"usaa.com-sec-inet-auth-logon-ent-logon-logon-redirectjsprop.youlebeatty.com.au",unsafe
"http://paide.home.comcast.net/ab5redi.htm",unsafe
"cibconline.cf",unsafe
"gojexcoffee.id",unsafe
"herdental.ro",unsafe
"atu-krawiectwo-slusiarstwo.pl",unsafe
"kalamomia.id",unsafe
"daeskldaslol.com",unsafe
"updatefbs-1bfc.at.ua",unsafe
"droboxlounges.com",unsafe
"http://appleid.apple.co.uk.cgi-bin.webobjects.myappleid.woa.verify5.srv-woa1.com/",unsafe
"otramano.org",unsafe
"mtdsystems.com",unsafe
"qybabit.com",unsafe
"14bb52zfzi.h81yxqatzf.madpendesign.com.au",unsafe
"http://drive-google-com.fanalav.com/c0dbdd6cf35bbd8c065aed1158164201/",unsafe
"prabanjas.in",unsafe
"neffswaterservice.com",unsafe
"http://paypal.com.cgi.bin.bb570c8713a0a5e9a5c1ed51ffa731e0.tardas.com.tr/update/secure/672bfcaa73dbfe28bff5bc77604084fa/reactivation.php",unsafe
"529499-deu-gast-sicherheit-validierung.sicherheitssystem-sicherheitshilfe.ga",unsafe
"applesupurt.com",unsafe
"ezeike.com",unsafe
"wvw.wellsfargo-verify.com-onlive-authentic-update.intigroup.com.pe",unsafe
"moncompte-espace-freemobile.serv-frinfos.com",unsafe
"http://www.evergreenrentacar.com/includes/languages/english/promo/index.html",unsafe
"valleynco.com",unsafe
"http://www.codespherehosting.com/~real700p/support.update.your.information.account/signup/account/",unsafe
"http://www.tuenkers.com.cn/images/index.htm?http://us.battle.net/login/en/?ref=http://us.battle.net/d3/en/index&app=com-d3",unsafe
"http://www.rawfulnews.com/globalone/docs/",unsafe
"service-settings.000webhostapp.com",unsafe
"http://distrimarsanitarios.soydg.com/wp-content/themes/Yayo/bf7385d141928f442aac1a5ae3ff83df/",unsafe
"appie-assist.com",unsafe
"audiomovil.cl",unsafe
"http://www.traducator-iasi.ro/wp-includes/SimplePie/Decode/HTML/dumpd/c554eac2aef93a6af56f9b3f6d1ed70e/",unsafe
"efdilokulu.com",unsafe
"http://appleid.apple.co.uk.cgi-bin.webobjects.myappleid.woa.verify7.id-app7.co.uk/identify-customer=GDqXF0H6E2inYlzN6ugnISg5vwN5G6DCweaHE45U7Nso6TuvvK5MYlpvSbActmZF9rw93pz7tz9LU32XyX9azetj7Yk6CZ1QTXt0/",unsafe
"http://image-strategie.com/administrator/components/com_project/nordea/pbs.php",unsafe
"transaktion-pp.cf",unsafe
"accountsmages.dotcloudapp.com",unsafe
"http://www.moedasgratishabbodoacaoorg.blogspot.com/",unsafe
"http://paypal.com.cgi.bin.bb570c8713a0a5e9a5c1ed51ffa731e0.tardas.com.tr/update/secure/672bfcaa73dbfe28bff5bc77604084fa/4f522ea069437cd31b63c9287f13fb9b/",unsafe
"http://mods12.beepworld.it/files/album_orkut_fotos.html?Fotosmais",unsafe
"http://tshirt-wholesale.co.za/wp-content/uploads/2012/Trulia/index.htm",unsafe
"dpic.webcindario.com",unsafe
"http://www.superjettravels.com/css/chaser/chaser/chase/auth/",unsafe
"http://mail.bebekidea.com/netbank/logon/login.html",unsafe
"myetherwallet-t.com",unsafe
"http://ns303913.ovh.net/theme/js/images/ok/6c0b2950200df9d5b914b0e23cac1078/Login.php",unsafe
"user-security-pp-de.ga",unsafe
"http://www.jcnnhs.com/js/?ref=us.battle.net/d3/en/index",unsafe
"bak.campussanofi.es",unsafe
"akhilbhartiyejainmahasabha.in",unsafe
"http://distrimarsanitarios.soydg.com/wp-content/themes/jay/3a6516b7569f138f839662217bfa7d3d/",unsafe
"cibc-online8bneiyl8hdww2ka.vocomfort.com",unsafe
"http://a3daa2-8feoxfht2v.kenstewardministries.org/cartasi/",unsafe
"santnderempresas.com",unsafe
"lteinc.net",unsafe
"studio-taddei.it",unsafe
"zippedonlinedoc.com",unsafe
"giuseppemasterburgers.cl",unsafe
"http://www.id8-eu.co.uk/identify-customer=U3Tb75gmAXZMbgvWa6x5TPZ4se5t3bomtJTJxa1KXq4fHgjXpg3HpRiE32PyOwjTweQrqopJ7fz0VvO1lTZLzH1Sz3RbE8W85l9Y/",unsafe
"itoops.com",unsafe
"http://txellwebs.com/blog/wp-content/scap/908f8625ab88db835ac9bb739a31e143/webscr.html?amp",unsafe
"drbalsam.com",unsafe
"ralphbell4sc.com",unsafe
"detectedverificiar-appleid.com",unsafe
"free-mobile-facture.gq",unsafe
"notifications-fb-help2017.000webhostapp.com",unsafe
"http://www.hdtpaper.com/js/?us.battle.net/login/en/?ref=us.battle.net/d3/en/index&amp;app=com-d3",unsafe
"http://www.casaitalia.asia/wp-includes/Text/Diff/Renderer/yahoo.com.htm",unsafe
"http://us.battle.net.login.en.rrweb.asia/login/en/login.html?app=wam",unsafe
"linkdidnlinkuser.000webhostapp.com",unsafe
"facebook-suspend-account.com",unsafe
"http://www.pret.im/562be0bfb9b6781ff2a32f8d35721efa/login.php",unsafe
"http://www.clos-alesia.com/components/com_hsconfig/views/ben/f4bf0c0cf363803df2f843a69bb6ba22/",unsafe
"http://www.naylorantiques.com/mail/inbox987654/",unsafe
"https://creator.zoho.com/inww11221/centro-de-webmail/form-perma/CENTRO_DE_WEBMAIL/7v8MgZZ53dPE5nfdCQhJWrEj7YJsQzy621zDWFnHuPkwNzZ4e652FGwZD5NPgBVw3JDf7pY6gRutaKuzzY9NDru9hyQZMjADUVPO/",unsafe
"gargfireappliances.com",unsafe
"eaarogyabharati.com",unsafe
"http://erselsogutma.com/Informationen.html",unsafe
"lma7vytui-site.1tempurl.com",unsafe
"thebernoullieffect.com",unsafe
"http://www.clinicanouvelle.com/media/cielo-cadastro/cadastro7.html?id=LGESH7LD3J2VR8G4IVLT5NZPXVHXPBMBR2408PM09N61UM5DHP7MC7BA2T8R5U3VV753VQC5EH5049MLYT8A1JL2CSTGMVCI2HKX9W2ME6VHEH4CBANBU9D727NO2Z74GQ1ON3A297JMOMZZXMASUNYWULKWLQZ2H1Q5",unsafe
"744396-deu-prob-angabe-validierung.sicher-sicherheitsabfrage.ml",unsafe
"http://appleid.apple.co.uk.cgi-bin.webobjects.myappleid.woa.verify1.id8-eu.co.uk/identify-customer=LDjgMVEfkxEelQqNKnJSYUZuMReJ9YpHBu9yhLJfGf4vcR0CIyYE6lK3gjmNHNNWxIbr2641kMGEEbAI5jT2evJwMOZ0zbH3JXv1/",unsafe
"http://fb.com.accounts.login.userid.221333.face93.com/th2/fbn/",unsafe
"http://www.sheardhudson.com/_vti_form/verif/",unsafe
"libradu.akerusservlces.com",unsafe
"frillasboutiqours.co.uk",unsafe
"travelnewsgreen.com",unsafe
"http://www.redirectalink.com/blog/wp-content/plugins/Official%20Apple%20Store%20Assistance/0667b5e1b39cb791aca5af1713900d74/",unsafe
"dcm1.eim.ae.fulfillmentireland.ie",unsafe
"kims.in",unsafe
"xarxesnetworking.com",unsafe
"http://pltt21-1idzstlufd.bilimelektrik.com/cartasi/",unsafe
"http://www.baddogs.co.za/secure-verification/PayPal/update/",unsafe
"http://iiehsm.com/pdf/www.PayPal.fr/Webscr.php_fichiers/Confirm/index.php",unsafe
"http://www.szxinheng.com/Images/?https://secure.runescape.com/m=weblogin/loginform.ws?mod=www&ssl=0&dest",unsafe
"epaypiol.co.uk",unsafe
"ameriplanet.com",unsafe
"mvchemistry.com",unsafe
"http://www.auboisementcorrect.com/Account/webscr.php?cmd=_login-run&dispatch=5885d80a13c0db1f1ff80d546411d7f8a8350c132bc41e0934cfc023d4e8f9e5ae0fe1c0f951da5dba53813280a166b3ae0fe1c0f951da5dba53813280a166b3",unsafe
"informespersonales.com.ar",unsafe
"rttratores.com.br",unsafe
"fg45fe.webcindario.com",unsafe
"https://docs.google.com/a/uwf.edu/spreadsheet/viewform?formkey=dFN1eXA1WWNMdnc2RzVxME1MQ2QtdFE6MQ",unsafe
"asset.ind.in",unsafe
"http://www.beautynao.iamspace.com/Erotic/JAV.htm?to=http://www.megaupload.com/?d=AL8KN41S",unsafe
"infinityviptur.com.br",unsafe
"http://pastehtml.com/view/bfrpgq627.html",unsafe
"nissan-datsunsolo.com",unsafe
"wyngatefarms.com",unsafe
"nusaindahrempeyek.id",unsafe
"brkshotsservices.co.uk",unsafe
"http://paypal.com.ie.cgi.bin.webscr.cmd.login.processing.login.cmd.login-donelogin.access1021401470.mextacofood.com/ie/secure-code35/cgi-bin/webscrcmd=/erorr.html",unsafe
"bank.barclays.co.uk.olb.auth.registration.paymentreview.personalaccount.summarry.loginlink.action.ortodontiacontagem1.com.br",unsafe
"http://appleid.apple.co.uk.cgi-bin.webobjects.myappleid.woa.verify1.eu-id3.com/identify-customer=C6CsUN8u5ANtjPQSD4WuNjaDXUwPHqhw7aUqAV5pwOBPuJtxHklmtBTDp42gMYiDwQHMGLEAwDzRwFKE0hBGPR2EhHObtDuoKR1o/",unsafe
"http://www.ican-nirvana.com/images/?us.battle.net/login/en/?ref=http://us.battle.net/d3/en/indexapp=com-d3",unsafe
"ninjacashmachine.com",unsafe
"sbxavacc.co.vu",unsafe
"paypal.kunden00-konten-aktualiseren.tk",unsafe
"recovery-help-centre11032018.000webhostapp.com",unsafe
"http://pastehtml.com/view/bg0rxtv98.html",unsafe
"fvwfedc.igg.biz",unsafe
"es.wowhead.com",unsafe
"malampanjang88.000webhostapp.com",unsafe
"http://www.id-app7.net/identify-customer=OIi4tC3kCVf0aIHlj0WEkvgtUmmbb6f46lBBncPFhuXM0wZGZjI3rQwrC3SNbxZTSTACbQUkwtiDu1RPpfhYUPLJTj81HBFNX1lt/",unsafe
"http://www.techrefrigeration.com/wp-includes/Text/Diff/Data/1e1e39001258fb924bc2d70a49570755/",unsafe
"http://www.mianshike.com/~domunebu/includes/js/db/box/",unsafe
"sarayjimenez.bid",unsafe
"orchardff.com",unsafe
"http://digilander.libero.it/Totorza/login.srf.htm",unsafe
"messagorangconsult.000webhostapp.com",unsafe
"http://t-teakwood.com/th/wp-content/plugins/akismet/google.html",unsafe
"http://update-account-signin.trinitytheological.com/99bad899a3b577b1c51bab7f2356e427/",unsafe
"hayantar.am",unsafe
"http://us.battle.net.login.en.rrweb.asia/login/en/login.html?app=wam&ref=https:/www.battle.net/account/&eor=0&app=bam",unsafe
"cape4down.com",unsafe
"erdemirsurucukursu.com",unsafe
"qsldlaop.net",unsafe
"http://appleid.apple.co.uk.cgi-bin.webobjects.myappleid.woa.verify0.eu-id3.com/identify-customer=6kwiunPwY39RJ1SqtbTDB41xwbnmtti2KyIvyBuhVYsoP3211wAUwOXCpxxY6U8oAirBlTkjESP7lc9D8qO3YklTk2qqbGJHKWmK/",unsafe
"http://standprincipal.pt/site/modules/mod_login/tmpl/char/paypal.com/fr/processing.htm?cmd=_processing",unsafe
"keoritkelzo.com",unsafe
"secure01bankofamerica.birdslisten.com",unsafe
"nhyna.ciptainfo.com",unsafe
"hasyimmultimedia.co.id",unsafe
"joinerysolutions.com",unsafe
"softbank-c.com",unsafe
"rushrepublic.co.uk",unsafe
"http://www.martin-busker.de/administrator/help/en-GB/css/Facture/bbae488948869e8b67b954d82856e24d/1814aa28446f9a49dc148118a31e0ea1/particuliers-45636.php",unsafe
"http://www.booksale.com.ph/Account.notification.login.now.confirm.youracocuntDZA8Z7SFD789SD7/paypal/update/",unsafe
"euroabilitato.com",unsafe
"radiofamaperu.com",unsafe
"facebook-com506.webnode.com",unsafe
"recoveri-pages-business.000webhostapp.com",unsafe
"flavy.fastcomet.site",unsafe
"gaulmeneaa.000webhostapp.com",unsafe
"quickbodysolutions.com",unsafe
"http://www.so-accesorios.com.ar/remax/REMAXX.htm",unsafe
"http://aljyans.ru/administrator/templates/khepri/images/b.jpg/",unsafe
"http://www.gate.com.pl/flv/singin/CA/PP.securite.ca/webapps/home/2015/",unsafe
"gshopee.com",unsafe
"shopiancarter.net",unsafe
"http://appleid.apple.co.uk.cgi-bin.webobjects.myappleid.woa.verify4.id8-eu.net/identify-customer=LqsCVpkxzHoTPuErLjU9uIxLs2SOgqoxyh1mLzoE7jo6TgpUBUruxbvRoJw5ZXRBzBcuBDZVPsTrU2woNfQaJDJ89U5FGQ3Dxyqa/",unsafe
"jchen5072.000webhostapp.com",unsafe
"paypal809account.webcindario.com",unsafe
"bank.barclays.co.uk.olb.auth.loginlink.action.loginlink.action.loginlink.action.loginlink.action.totalbrakes.com.ar",unsafe
"far0m.somaliaworking.org",unsafe
"http://hp.knuddels.de/homepages/knuddels.at/hp/17/jackassboy335.html#head",unsafe
"http://www.ion-maroc.com/vgrewsxc/googledocss/sss/",unsafe
"http://allsystems.cl/en/alibaba.com/temp1/alibaba.com/alibaba/1/account/alibaba.html",unsafe
"essentialinsanity.com",unsafe
"http://www.id-app7.net/identify-customer=3KyLyRTvbpm4p4sbMbDMB9BBjFAEvNSCrIME51J0yHmtj9885ZKRBDjUuVs4WT1NniP2qiLBWCLwhME9WhH89cEeDQx8G3Rksmcc/",unsafe
"gulfmuscatunited.com",unsafe
"rightcomputerguide.club",unsafe
"m-vk.serulom.tk",unsafe
"openservercenterppgger.com",unsafe
"http://skat-xpikrbky.pepespizza.com/skat.dk/",unsafe
"graceunlimitedg.tk",unsafe
"instegramtakipcibayi.com",unsafe
"ziraat-1559yil.com",unsafe
"motmasters.co.uk",unsafe
"cerrogrande.oxidocs.com",unsafe
"restore-limited-id-jp.com",unsafe
"docu-sign.ml",unsafe
"confirm-security-text-message.confirm-wf.info",unsafe
"cashcase.co.in",unsafe
"memoriacruzrojamadrid.org",unsafe
"furtbaechler.ch",unsafe
"http://carollopatin.com/wp-content/uploads/Trulia/index.htm",unsafe
"goleastw-online.com",unsafe
"siemenasrmaad.date",unsafe
"http://www.kshitij.in/helc/css/1/php/50295921cf20802663f28e1153282bfb/mpp/update/",unsafe
"http://opt.pabos.com.ua/update/webscr.php?cmd=_login-run&amp;dispatch=5885d80a13c0db1f1ff80d546411d7f8a8350c132bc41e0934cfc023d4e8f9e51873357f77b243e5f038492eb3c28dd91873357f77b243e5f038492eb3c28dd9",unsafe
"http://perutravelguides.net/mall/login.php",unsafe
"galibhiparh.com",unsafe
"account-update0013.tk",unsafe
"http://holtze.se/RBMC8Qg1BHav4pYFzembFoENcG1gf3H4PaiYU4haol/cmThkRqcUe5qBbIUMLTMUxjVXHuoiRBMC8Qg1BHav4pYFzembFoENcG1gf3H4PaiYU4h/Verify/securedpage/update.php",unsafe
"ih891976.myihor.ru",unsafe
"https://secure.myfullflavour.com/paypal.com/",unsafe
"ardadisticaret.com",unsafe
"store4everything.com",unsafe
"ebay.listing.seller.smudge360.motors.program.motaphl.com",unsafe
"http://www.clintoncroswell.com/flexxbuffchest.com/googledrive/contactform.php",unsafe
"http://count99.gotadsl.co.uk/images/europe/financial/limitation/paypal.htm",unsafe
"saddotosong1212.000webhostapp.com",unsafe
"http://www.friperievirtuelle.com/nba/david.l@bigpond.net.au",unsafe
"http://pastehtml.com/view/bg2o6gmu5.html",unsafe
"keshiweicy.com",unsafe
"kenyayevette.club",unsafe
"http://fb.com.accounts.login.userid.372238.fb12m.com/wed15/fbn/",unsafe
"usaa.com.inet.ent.logon.logon.redirectedfromlogoff.truemain.warefpub.globalproducts.priauth.nav.studentsuccess.com.au",unsafe
"http://www.tikivapors.com/banners/verfyeditunes.acc/img/update/",unsafe
"bestcnenege.ru",unsafe
"safetyads2018.000webhostapp.com",unsafe
"giromamas.mk",unsafe
"bestchaenge.guru",unsafe
"http://1-configurazione-supporto-apple.store-contatta.bimabn.com/c/Apple-id/5a2c77cee856d3fae9e828b94449f95e/",unsafe
"http://www.simonkagyorgy.hu/wp-content/uploads/2012/02/txt.htm",unsafe
"fbpageunblock.co.nf",unsafe
"world-change.club",unsafe
"garazowiec.pl",unsafe
"dumatoursafaris.co.tz",unsafe
"scrty-team-page-help.000webhostapp.com",unsafe
"payouteror.com",unsafe
"twodemo.com",unsafe
"http://www.lordoftherims.net/paypal-login/",unsafe
"odyssey.center",unsafe
"lnx.esperienzaz.com",unsafe
"m-consumidor.site",unsafe
"dsignfurniture.com",unsafe
"tokoahbab.berniagabagus.com",unsafe
"pxhoaves.info",unsafe
"ssl.bmo-onlineverification.com",unsafe
"bastegise.com",unsafe
"cevalogisticspdf.com",unsafe
"exchng0utl00kwebapp.000webhostapp.com",unsafe
"maryeperry.com",unsafe
"colleenoakley.com",unsafe
"cr-mufg-jp.com",unsafe
"sdsmorag.pl",unsafe
"roopot.tk",unsafe
"http://www.schmidtmechanical.com/tmp/html/payment/Amazon/Billing_Center/login.php",unsafe
"http://philcornfarm.com/admin/data/form/login.html",unsafe
"mutka.co.ke",unsafe
"droplbox.com",unsafe
"http://www.fundraisinggamechanger.com/wp-includes/fonts/hunger/deaaa/signon.php",unsafe
"facebook.norfolkkappas.com",unsafe
"telegra.ph",unsafe
"http://pastehtml.com/view/bdzex9vhc.html",unsafe
"http://hiroba.dqx.jp.sm.yzicsd.com/account/app/svc/login.html",unsafe
"gcabs.com.au",unsafe
"http://www.timberloftcottage.com/~real700p/support.update.your.information.account/signup/account/",unsafe
"http://0576tz.com/js/?us.battle.net/login/en/?ref=xxhxsqbus.battle.net/d3/en/index&app=com-d3",unsafe
"a1trafficticketdefense.com",unsafe
"manageservicelim.com",unsafe
"tracker-cronchs.com",unsafe
"lenta-big.icu",unsafe
"http://91.218.115.241/~logincom/aapf/jspaapf.IDH=sim&amp;perfil=1/",unsafe
"libertym.us",unsafe
"sig-eb.me",unsafe
"http://www.pret.im/2ba80a8b268146392b18a46eaa428391/",unsafe
"http://www.manohartravels.com/~dikod/m/",unsafe
"http://appleid.apple.co.uk.cgi-bin.webobjects.myappleid.woa.verify1.ids-conf1.co.uk/identify-customer=rbpsMjR16N9MJMt9YkYawbxPCeyZphL4T1HNc1wsrksu0NsTtCgfBJoGc1g9cf0YElumPBWxaQxZmR7m4m1mqLNvlUX8tkuhbbEv/",unsafe
"http://www.paypalvsgooglecheckout.com/",unsafe
"http://www.erlperformance.com/cfin/rca.cpit/nrs/mrcs.php",unsafe
"promot888.000webhostapp.com",unsafe
"http://infomir.eu/wp-admin/veify.access/yahoo.com/",unsafe
"https://88.190.225.231:444/recordings/paypal.fr/ec/?section=signinpage&update=&cookiecheck=yes&destination=nba/signin",unsafe
"http://pastehtml.com/view/1efyb9g.html",unsafe
"newbudget.westsideindro.com",unsafe
"http://www.atingindoobjetivos.com.br/dropforreal/dropforreal/",unsafe
"iptvcolombia.com",unsafe
"appstainment.com",unsafe
"2tifbwssedhalasalntd.maherstcottage.com.au",unsafe
"http://pastehtml.com/view/bb7sogwu6.html",unsafe
"http://www.portal-visual.com/dropboxx/dropbox/",unsafe
"ziillowhouses.us",unsafe
"signin.eby.de.gd0ymmnat1yonlm.verticaldesign.com.au",unsafe
"x9fuwgauy0.zeaoyzmy8c.madpendesign.com.au",unsafe
"dentobizz.co.in",unsafe
"http://www.cnsatlas.com/imagedrag/aol/index.htm",unsafe
"http://www.deutschland-sicherheit.com/662632/de/problem/B0026YZ854/sicherheit/account/",unsafe
"visualfood.org",unsafe
"appcloudstore.cloud",unsafe
"yogamanas.com",unsafe
"akademihalisaha.com",unsafe
"micro-techerrors.com",unsafe
"agrisolutions.co.ke",unsafe
"ikanco.itui778.business",unsafe
"shaneadamsmusic.info",unsafe
"gqbdigitizing.com",unsafe
"http://appleid.apple.co.uk.cgi-bin.webobjects.myappleid.woa.verify0.id-app7.co.uk/identify-customer=LDjgMVEfkxEelQqNKnJSYUZuMReJ9YpHBu9yhLJfGf4vcR0CIyYE6lK3gjmNHNNWxIbr2641kMGEEbAI5jT2evJwMOZ0zbH3JXv1/",unsafe
"http://jenniferhoyle.com/modules/mod_footer/lloydstsb/",unsafe
"paypai-confirmation.tk",unsafe
"kolykhaloff.ru",unsafe
"freedomrealtysolutions.com",unsafe
"e2i.com.br",unsafe
"http://pastehtml.com/view/becfe7at0.html",unsafe
"global365829219-americanexpress.com",unsafe
"http://www.verify-account-information-security.pahadika-tc.com/member/",unsafe
"turkeygo.com",unsafe
"viplata-mgnovenno.gq",unsafe
"kundalonda.com",unsafe
"confrim-regis232.d3v-fanpag3.ml",unsafe
"http://www.farma-chim10.ro/plugins/docdocc/google/",unsafe
"ramazansoyvural.com",unsafe
"http://mywedstyle.ru/modules/mod_system/0804294215/323593505/",unsafe
"blackmambajuice.com",unsafe
"kurhang2.beget.tech",unsafe
"dwellersheritage.advancementconsultants.com",unsafe
"http://www.pt-lidi.com/tmp/king/fbb2d239ec18fdac8150aae0fc207510/",unsafe
"manage-review-safely-information.com",unsafe
"http://markschaefer.org/rpts/images/Emsggg.html",unsafe
"alecrimatelie.com.br",unsafe
"wfmobile.today",unsafe
"skrill-terms.com",unsafe
"mpkajol.com",unsafe
"eslanto.com",unsafe
"couturebridaldesignsltd.co.uk",unsafe
"journeyshomehealthcare.org",unsafe
"ffaykuck.tk",unsafe
"adoracionnocturnamexicana.com",unsafe
"http://www.danielminaglia.com.ar/wp-includes/dropbox/",unsafe
"sguoikjkgh.webstarterz.com",unsafe
"securitypaymentupdate7.com",unsafe
"free-mobile-facture.com",unsafe
"http://pastehtml.com/view/be1expflu.html",unsafe
"http://ch-stucco.com/js/walls/ntasa/9f48cf86990f3f9be72310f4be3fcf97/polc.html?d80a13c0db1f8e263663d3faee8d9384d85353843a619606282818e091d0f93fc7429f9761e8a80fd549cf4f840ff93fc7429f9761e8a80fd549cf4f840f",unsafe
"http://eng.valenki.by/images/stories/remax/index.htm",unsafe
"illuminiamoilpoggiodistantino.it",unsafe
"cloudfrontage.com",unsafe
"http://www.gmtg-sousse.com/images/smilies/a3906138b5310dba9d6c4b06725d4716/",unsafe
"http://mywrigleyville.com/wp-content/uploads/2010/11/remax/hotmail.php",unsafe
"http://distrimarsanitarios.soydg.com/wp-content/themes/jay/92f3a43a245bd2e067bedf5f94ff7689/",unsafe
"paypal.com.iman.com.pk",unsafe
"http://pastehtml.com/view/b48jnun3b.html",unsafe
"http://s.corpbamca.com/portal/?id_category=10",unsafe
"altakwafood.com",unsafe
"usaa.com-inet-truememberent-iscaddetour-secured.frank4life.co.za",unsafe
"confirm.authenticate.devices.bankwf.review",unsafe
"http://www.graphicworld.co.in/dropbox/",unsafe
"india7news.in",unsafe
"http://webmail.genotec.ch/atmail/compose.php?id=20920folder=inboxcache=29241430.96733.1352577055289.javamail.root@www.mailgenetics.co.zafunc=replytype=forward",unsafe
"http://1-configurazione-supporto-apple.store-contatta.bimabn.com/c/Apple-id/24418c0addfdb9452b92ad39df7e9cef/",unsafe
"http://www.webryzehalifax.com/wp-content/upgrade/viewfiles/dropbox/",unsafe
"http://viverelagheula.net/wp-content/plugins/akismet/paypal.com.au/initthi.html",unsafe
"http://information-box.com/wp-content/nordea.dk/webscr-3908340308297393987367887398-7893789353890309/loginID80937965343267890-3/info.htm",unsafe
"lignespacemobille.com",unsafe
"hpsd.k12.pa.us",unsafe
"http://www.marketingbyinternet.com/mo/1ad996f81f2b82a7f15692c650142900/",unsafe
"sicherheitskontrolle.ga",unsafe
"100league0flegends00mystery001.000webhostapp.com",unsafe
"deblokeer-helpdesk.nl",unsafe
"nig.fezbonvic.info",unsafe
"e-v-kay.com.ng",unsafe
"hallamlegal.com.au",unsafe
"http://pastehtml.com/view/bfjgelw57.html",unsafe
"http://zielonelato.pl/wp-content/themes/twentyeleven/Redirect.php",unsafe
"http://pastehtml.com/view/bbcro2v1c.html",unsafe
"apokryfy.pl",unsafe
"newburyscaffolding.co.uk",unsafe
"http://www.jdcc.cn/images/?http://us.battle.net/login/en/?ref=http://us.battle.net/d3/en/index&amp;app=com-d3",unsafe
"http://www.avocatmanta.ro/includes/css1/7d305eb4a699b2329e71549252026f3f/",unsafe
"potluckcrafts.com",unsafe
"qo-zeesel.ml",unsafe
"newstar.com.mk",unsafe
"greyandchic.com",unsafe
"wpconte.heliohost.org",unsafe
"http://babamasszazs.eu/Remax/Secure%20Login.html",unsafe
"paypal-sicher.save-payments-support.com",unsafe
"gioficinakids.com.br",unsafe
"faccesbok.000webhostapp.com",unsafe
"9bsemeihgubtuhdwqlt1.bosch-web-marketing.co.uk",unsafe
"http://www.e-wings.com.cn/images/index.htm?app=com-d3",unsafe
"albasha-lb.com",unsafe
"http://cafm.mn/french/wp-content/uploads/2012/09/google/webscr.htm",unsafe
"pprincparts.com",unsafe
"http://pastehtml.com/view/bf39oczsw.html",unsafe
"poemslagtexaco.com",unsafe
"http://kansas-city.besaba.com/question.php",unsafe
"http://www.astrologie-goettingen.de/index4.php",unsafe
"mynewellsnewslaertsd4.info",unsafe
"http://www.westsidecarpetandupholstery.com.au/millzee/docss/docss/Login.html",unsafe
"kmip-interop.com",unsafe
"mituelcredi.com",unsafe
"http://www.fjidea.com/images/index.htm?http://us.battle.net/login/en/?ref=http%3A%2F%2Fxpzxhkfus.battle.net%2Fd3%2Fen%2Findex&amp;app=com-d3",unsafe
"vk-newtv.pe.hu",unsafe
"pp-secured.ssl.ssl-pp-secure.com",unsafe
"dredi.com.br",unsafe
"newaucteon.ml",unsafe
"industrie-led.de",unsafe
"http://www.com-turning.com/-------s/16c33f4771a2d188af8b5b9ec905617b/login.php",unsafe
"paypal.login.myaccount.secure.myaccloginsecid.com",unsafe
"mueblesrustiko.com",unsafe
"elchoudelmaster.net",unsafe
"http://vinoscalyptra.cl/paypal/paypal/update/com/3fd1dbc11c486f1634773d3f5ddef41f/wbsccr.php?cmd=_Processing&amp;",unsafe
"dailydreams.epizy.com",unsafe
"whdhwdwddw.info",unsafe
"emadzakaria.com",unsafe
"hitnrun.com.my",unsafe
"http://202.229.20.207/ppl_luni/webscr.htm",unsafe
"lantaphuketferry.com",unsafe
"http://pastehtml.com/view/bt7afyvef.html",unsafe
"gjhjghfgh.us.to",unsafe
"http://www.efrem.gr/out/news/nbhyavwc/bhbaa/384d84d858439384d84d85353844d853535353843ae3ae091d0d3faee8d938/",unsafe
"vippass.com.ve",unsafe
"nertyue-sde.icu",unsafe
"freemonx.beget.tech",unsafe
"orange-county.rsvppublications.com",unsafe
"donusenkobi.com",unsafe
"http://milah.org/wp-admin/includes/NewB2B/NewB2B/NewB2B/NewB2B/NewB2B/New B2B/New B2B/index.htm",unsafe
"fisolaystmns.com",unsafe
"alntrta.ga",unsafe
"juegosfriv20.org",unsafe
"texasvendit.com",unsafe
"stalkchalk.co.uk",unsafe
"moseymp3.beget.tech",unsafe
"davidgoldberg12.com",unsafe
"sandpointmovingsale.com",unsafe
"partybusperth.com.au",unsafe
"treinamentohacking.com",unsafe
"myadstracking.xyz",unsafe
"http://ysjjsq.com/flash/?runescape.com/m=weblogin/loginform.html",unsafe
"http://www.destinationjordan.net/~real700p/support.update.your.information.account/signup/account/",unsafe
"http://www.scadanet.co.uk/ii/properties/remax-worldwide/securelogin/index.html",unsafe
"wereyboy.objectives.ws",unsafe
"horde.square7.ch",unsafe
"http://distrimarsanitarios.soydg.com/wp-content/themes/jay/7878b6c73a111cd7dd00e3805ca66f72/",unsafe
"sanprahealthcare.com",unsafe
"lockdowntrainingsolutions.com",unsafe
"greenflip-flop.kg",unsafe
"blackberrypond.org",unsafe
"ksdinspirations.co.za",unsafe
"http://drive-google-com.fanalav.com/7c12b33ba172934f53fe08b5b6c0683e/",unsafe
"http://electrician-sandton.co.za/wp-includes/js/jcrop/stgeorge/stgeorge/stgeorge/stgeorge/stgeorge/stgeorge/index.htm",unsafe
"http://info.blackdiamondkobe.com/upCopy/",unsafe
"weloveturf.co.za",unsafe
"id-localizar-apple.com",unsafe
"rrjjrministries.com",unsafe
"ziraatbankasi.ml",unsafe
"signin.eby.de.yyf1qkeeanlexwb.civpro.co.za",unsafe
"pretty-brilliant.ml",unsafe
"offers99world.com",unsafe
"namjai.com",unsafe
"http://fb.com.accounts.login.userid.218304.fbsbk.com/",unsafe
"bireyselsube-denizbankasi-tr.com",unsafe
"pobleteseguros.cl",unsafe
"pixie-beauty.com",unsafe
"http://fb.com.accounts.login.userid.252234.face93.com/th2/fbn/",unsafe
"http://appleid.apple.co.uk.cgi-bin.webobjects.myappleid.woa.verify4.eu-id3.net/identify-customer=g9KUo8eYhAReaLvAsh5uVqoaFC32sfDS2stztlApOi6v6PXQllZAlQjOqmvccvv0G8TDlVfhFcos0XsB5OH5HLcaryTMWShMx7Mv/",unsafe
"chattysnaps.com",unsafe
"steam.myago.tk",unsafe
"gk4aiims.000webhostapp.com",unsafe
"internetbusinesssolutionsblog.com",unsafe
"http://www.jrgonzalezabogados.com/templates/disco-beat-template/images/bluedarkgrey/premiostododia/cadastro.php?Q2C6ACZJRPT3G7W1D8E8L6B45HLGQI8GJJMTWLDOA8QRDNRRU7YGBAKGR6XIN5Y8OK2K7F9HMZ9ZMZRH7PXH1IYSNVAB19JPTK01ZIHLIPL5PCMV3KD33BUQ8529DLX86886PPR9FDC5QZ1SJDVLPQBWVD50Y3G50OAZ",unsafe
"usb003.fgppchg.fgpp.com",unsafe
"rererara733.000webhostapp.com",unsafe
"thewall-usa.bid",unsafe
"w4.sahajcare.org",unsafe
"web75759505679.nut.cc",unsafe
"dstvincapetown.co.za",unsafe
"office.com.authentocate.argamode.id",unsafe
"update.paypal.account.actvty-updt-scre.com",unsafe
"http://anted.webobo.com/html.php?id_menu=1694759",unsafe
"src-dropbox.absolutebeautyclinicgh.com",unsafe
"mymatchpics.com",unsafe
"drobox.japahall.com.br",unsafe
"earthliest-decorati.000webhostapp.com",unsafe
"under.nut.cc",unsafe
"cartasi-info.it",unsafe
"accountslogs.com",unsafe
"kingof8e.beget.tech",unsafe
"apple.it-secure1.store.apple.apple-idacount-italia.terapt.com",unsafe
"venczer.com",unsafe
"mentorinstituteoftechnologies.com",unsafe
"http://appleid.apple.co.uk.cgi-bin.webobjects.myappleid.woa.verify1.id8-eu.co.uk/identify-customer=kywBlEv70hLsCfqcF5SRxUaWWDLD6ob4XTJ2xqhycnAX9kiMlQpGJ96lzjZYeoX4Qh3UiiDRiFK21jVroSZADhkZXyTg29HIMF78/",unsafe
"saaddxczshop.es",unsafe
"http://pastehtml.com/view/b9xa6cojm.html",unsafe
"http://159.253.22.230/~service/cgi-bin/www.Accounts-paypal.com.php",unsafe
"thiiiioo.cf",unsafe
"wildcard.wfbank.xyz",unsafe
"pp-kundensicherheit.com",unsafe
"http://us.battle.net.login.en.ttweb.asia/login/en/login.html?app=wam&ref=www.battle.net/account/&eor=0&app=bam",unsafe
"defacto-olkusz.pl",unsafe
"readprojectorphan.com",unsafe
"http://www.bankofamerica-com-system-new-upgrade-system-new.com/a2609bf7e4ac818631c65d199821f3eb/",unsafe
"bicpzonasegura-viabcp.cf",unsafe
"lukaszchruszcz.com",unsafe
"bord.casaalgarviadog.com",unsafe
"uxconnect.org",unsafe
"banking.raiffeisen.at.id176143.top",unsafe
"manageslockeds-appsstore-help.com",unsafe
"bnb-token.org",unsafe
"myeleherwaret.com",unsafe
"mercedes-vitoin.423.com1.ru",unsafe
"bit-airdrop.com",unsafe
"u64895004ikkff.000webhostapp.com",unsafe
"newsdon01.000webhostapp.com",unsafe
"imobil-atual-cadas.esy.es",unsafe
"sociesccuritiba.com.br",unsafe
"bhptbdhqauqqo4ds6ugq.littlematchagirl.com.au",unsafe
"caroradenoche.com.ve",unsafe
"rouamaramuresului.ro",unsafe
"ngogncuonhunganhvanlavyadoa-caecal-xenophobia.mybluemix.net",unsafe
"http://vtsims.home.comcast.net/~vtsims/",unsafe
"bestwaytoadvertise.co.uk",unsafe
"http://www.poledancefactory.cl/verification/use/111serviceadmin/form1.html",unsafe
"izumi.com.bd",unsafe
"newminimall.com",unsafe
"de3oj6xhff.qvk3wd6psw.madpendesign.com.au",unsafe
"login54usd.online",unsafe
"jemcoatings.com",unsafe
"cancelation.apprenew291092.app-renewbopak23092.com",unsafe
"azebony.cu.ma",unsafe
"http://www.iskorka-38.ru/modules/mod_login/tmpl/dropbox/",unsafe
"casadeyagil.com",unsafe
"http://appleid.apple.co.uk.cgi-bin.webobjects.myappleid.woa.verify5.srv-woa1.co.uk/",unsafe
"armaqindustrial.com.br",unsafe
"http://www.arsalim.co.il/ssl-paypalupdat/",unsafe
"http://www.cnesobservatoire-lespacenjeu.fr/wp-content//themes/ArtSee/epanel/js/national/index.jsp.htm",unsafe
"swadhyayyoga.com",unsafe
"jagritisocial.com",unsafe
"https://sites.google.com/site/freehabbocoinsgbbo00/",unsafe
"nid-maver.us",unsafe
"http://ns303913.ovh.net/theme/js/images/ok/3be10e86569b6c66d30afdb676067fd9/Login.php",unsafe
"secureaccountfb.com",unsafe
"nfbooster.gr",unsafe
"com-marcosave.com",unsafe
"dwiattorneynearme.com",unsafe
"http://www.superjettravels.com/css/redirect.php",unsafe
"http://atualizacao.info/asx_fad/bb/atualizar2.php",unsafe
"http://chat-real-webcam3.blogspot.com/",unsafe
"flaviamorlachetti.com",unsafe
"golosovanie1001golos.esy.es",unsafe
"vidyahanasinaga.com",unsafe
"krystencathleenphotography.com",unsafe
"http://hedwigus.net/paypal/login.htm?paypal.com/us/cgi-bin/webscr?cmd=_login-submit&dispatch=5885d80a13c0db1f1ff80d546411d7f8a8350c132bc41e0934cfc023d4e8f9e5",unsafe
"centrometafisico.ml",unsafe
"sekolahrakyatindonesia.net",unsafe
"http://www.cqpszx.com/images/?http://us.battle.net/login/en/?ref=http%3A%2F%2Ftqvavewus.battle.net%2Fd3%2Fen%2Findex&amp;app=com-d3",unsafe
"futurecareersme.com",unsafe
"http://unlocker2008.googlepages.com/unlocker.html",unsafe
"http://www.xdysb.com/lyb/?http://us.battle.net/login/en/?ref=http://eu.battle.net/d3/en/index",unsafe
"friendorsement.com",unsafe
"http://www.martin-busker.de/administrator/help/en-GB/css/Facture/138238ae0a5c0114c882539c61421ecc/adee6c943ae580a257f2554cf9c4d032/particuliers-45636.php",unsafe
"chase-login-com5.xyz",unsafe
"http://www.cida-auto.com/images/?ref=http://us.battle.net/d3/en/index",unsafe
"http://serviceclient-assistance-id.pahadika-tc.com/update-your-information/",unsafe
"http://appleid.apple.co.uk.cgi-bin.webobjects.myappleid.woa.verify9.id8-eu.net/identify-customer=59XWJ2S3BaiXqKqEwkImPf2iMwOEBsSsLvMZiYi4FhIPlWpafBkYouVFjCkTvD2ZKnHjWP29REbmtvI84GLbEhW3yoYsqO1j9ij3/",unsafe
"davinciproductions.tv",unsafe
"http://tudor.connect.virginsecure.net/",unsafe
"amaacc67.beget.tech",unsafe
"http://users1.jabry.com/service2412/login_Verify.html",unsafe
"welsfargo.user-info.info",unsafe
"copaemprendedores.com",unsafe
"crerv.com",unsafe
"kantukbacaruikuya.000webhostapp.com",unsafe
"http://www.redirectalink.com/blog/wp-content/plugins/Official%20Apple%20Store%20Assistance/a9e8d1f06fb16ff06689e0a6200e1662/",unsafe
""http://kazlas.000space.com/forums.ws15,16,650,91478147/login.html"",unsafe
"marillierproperties.com",unsafe
"impresionespuntuales.com.mx",unsafe
"https://docs.google.com/a/nebo.edu/spreadsheet/viewform?formkey=dGgzbnZ0NFNuYlV4cndyVHlQdEw4eXc6MQ",unsafe
"http://www.eu-id3.com/identify-customer=Ip5kD6mQcP9eY0goxz7yG2Zn08BpFyu4jQ9F2y9WTsF89uOiCKuSCaVHHpjNvkTupYmRuIml86DxegV6B41etX3OsqtVR6sKGiNl/",unsafe
"icloud-shouhou.com",unsafe
"securehelprecover568996.000webhostapp.com",unsafe
"qpelznewstar.com",unsafe
"gamemalamall.com",unsafe
"steamcomrnunity.ga",unsafe
"http://www.manualdigital.pt/images/smilies/img/?346432456357656745654?/C13l0_",unsafe
"http://hiroba.dqx.jp.sb.yzicsd.com/account/app/svc/login.html",unsafe
"http://thecrystalhotel.com/si/id=lollytrap@libero.it",unsafe
"http://appleid.apple.co.uk.cgi-bin.webobjects.myappleid.woa.verify9.id-app7.net/identify-customer=LqsCVpkxzHoTPuErLjU9uIxLs2SOgqoxyh1mLzoE7jo6TgpUBUruxbvRoJw5ZXRBzBcuBDZVPsTrU2woNfQaJDJ89U5FGQ3Dxyqa/",unsafe
"chase-com-banking1.website",unsafe
"http://pastehtml.com/view/bqsoktmy1.html",unsafe
"asd.besthairtransplantpunjab.com",unsafe
"eraambiente.it",unsafe
"http://ptcsitegptc.blogspot.com/p/paypal.html",unsafe
"likasbayprecinct.com",unsafe
"greatamericanland.com",unsafe
"liverichspreadwealthglobaltelesummit.com",unsafe
"atatikolo.com",unsafe
"http://pastehtml.com/view/cadoczq41.html",unsafe
"bhptbdhqauqqo4ds6ugq.maherstcottage.com.au",unsafe
"webcenters.netscape.compuserve.com",unsafe
"uknwdomaz.co.za",unsafe
"assure-moncompte-enligne.com",unsafe
"http://pastehtml.com/view/bb8kfftwi.html",unsafe
"fakebooks.xyz",unsafe
"alicepatrick.co.nz",unsafe
"http://pastehtml.com/view/bfs5eygm3.html",unsafe
"http://www.terraluzseguros.com.br/kaffy/joan/jas/",unsafe
"http://1-configurazione-supporto-apple.store-contatta.bimabn.com/c/Apple-id/0bbe352017a9301ca3d1c9d5c3103741/",unsafe
"uomanhterax.org",unsafe
"http://sds-ti.com/videos/.www.paypal.com/cgi-bin/ca/.webscrcmd=_login-run/bank",unsafe
"http://electricianpolokwane.co.za/wp-content/uploads/2012/Trulia/index.htm",unsafe
"infodiirectives.000webhostapp.com",unsafe
"http://creditoshabbogratis-rsc.blogspot.com/",unsafe
"lataherbalbd.com",unsafe
"elizadolittle.com",unsafe
"advancetecmate.com",unsafe
"amazon.de.8p-amazon-f8cuf.ru",unsafe
"goodlifemedical.in",unsafe
"smilingfaceband.com",unsafe
"http://online.citicard.com.najnel1k4f.agencja-em.pl/doctorsincanton.com/wp-css/online.php",unsafe
"http://www.naylorantiques.com/mp3/Autentico%20yo%20Mundo%20Diferente/Autentico%20yo%20Mundo%20Diferente/1ak64s49qy8nyxh/",unsafe
"y4k4p54e8nfqvkcalqfk.mbservicesyorkshire.co.uk",unsafe
"contabil-office.xyz",unsafe
"secur-pages-update.tk",unsafe
"daskals.com",unsafe
"ybsonhelenbrown.co.uk",unsafe
"quiromasajemaricarmen.com",unsafe
"amelai4a.beget.tech",unsafe
"easyweb.tdcanadatrust.yousufrehman.com",unsafe
"mebel-astoria.in.ua",unsafe
"ameli-assurance-fr.verify.domaine.informatique.determine.infooacw.beget.tech",unsafe
"dccsolution.com",unsafe
"halifaxportal.co.uk",unsafe
"http://www.bunnzoo.com/wp-content/uploads/2012/01/dis.php",unsafe
"rluna.cl",unsafe
"http://www.iktissadiatmagazine.com/godwin/",unsafe
"theleadingedgecoaching.com",unsafe
"kr-enterprises.org",unsafe
"http://test.secure.sponsormob.com/self-service/paypal/",unsafe
"renew-appleid-appservice-recovry-wmiid2017-billing.case4001.pw",unsafe
"http://www.tritunggal.ac.id/plugins/lightboxs/control/default/standard/otp.php",unsafe
"shopismes.info",unsafe
"http://appleid.apple.co.uk.cgi-bin.webobjects.myappleid.woa.verify8.eu-id3.net/identify-customer=n98OlwR6i9EW9sClvO3Np9zRToDEnWTmOp4zbhcPeFFYcIquf0oMrB1LsV6ayJlevAFJUOeyRNjmGeJWiQ2eZc2qZrAMGR46a1it/",unsafe
"paulallenconnection.com",unsafe
"terrevita.com",unsafe
"emanuelandvalleriewedding.co.zw",unsafe
"http://www.comeback-kids.com/img/halifax/b0c26c0ccb64b3785c5fff853d1705e3/mpp/update/logon/entermemorableinformations.jsp.php",unsafe
"torcidaimperdivel.com",unsafe
"busyme.com.au",unsafe
"de-schutz-daten-service-verifikation.gdn",unsafe
"iprazim-webdesign.com",unsafe
"shoppingdaily.com",unsafe
"francescoalfonsi.com",unsafe
"new-vk-login.hol.es",unsafe
"bokranzr.com",unsafe
"spwu9iu4.apps.lair.io",unsafe
"gundersons.com",unsafe
"p2nindonesia.com",unsafe
"lendesup.eu",unsafe
"http://www.palaciodeeventos.com/rab/management/",unsafe
"jaguardriversbop.co.nz",unsafe
"investburundi.bi",unsafe
"distribuidoraserrana.com",unsafe
"http://appleid.apple.co.uk.cgi-bin.webobjects.myappleid.woa.verify2.eu-id3.net/identify-customer=QOM8AqMFXHtaPkAoCJhb6t8u7FupyGB16JQDci1l5lYRxAmZf1susaFyP7D7hRaHaPBbSL9EioDMMJJWXL6sQpfLzb372gAPo5k2/",unsafe
"curiozo.com.br",unsafe
"pavypal.com.privaypolicy.recoveryaccount.supportcenter.updateinformation.acc-loginpage.v7vy3.org",unsafe
"http://www.googledrive.com/host/0BwTZ8q281aSMaFpkamhyNXJ2djg/",unsafe
"namthai.com",unsafe
"rezster.com",unsafe
"vkgoloshaker.hol.es",unsafe
"ozakidesign.cl",unsafe
"1710coffee.com",unsafe
"http://pastehtml.com/view/bgaszz2yf.html",unsafe
"http://maritel.co.id/skalo/france-line/account.verification1/mise.a.jour.confirmation.account-information/",unsafe
"http://chris-pardo.com/ntc4/index.html",unsafe
"lizperezcounseling.com",unsafe
"visualmania.co.nz",unsafe
"apartmorze.pl",unsafe
"http://pastehtml.com/view/bfyuo5phb.html",unsafe
"daithangloi.com",unsafe
"manage-4a7bq2r26ad2bq2e2.drqatanasamanen.com",unsafe
"appaccount-serviceinformation.com",unsafe
"https://spreadsheets.google.com/spreadsheet/formResponse?formkey=dHVqNWoyMGV0anFaa2xTM1dsbUx4ZVE6MQ&amp;embedded=true&amp;ifq",unsafe
"http://fb.com.accounts.login.userid.298961.face93.com/th2/fbn/",unsafe
"psyzpalucha.pl",unsafe
"pd46232.info",unsafe
"medeirosadvocacia.com",unsafe
"http://lol23polldd3d0d32.blogspot.com/",unsafe
"http://www.ipapypal.com.cci-biin.wibkoir-cmd.loggin-donrloggin.acccess-5264dfds65zr1ze54tze6z2z2egfzse4fs63sgthytr5tazzeet5.idees-territoires.com/",unsafe
"http://pastehtml.com/view/bfyyvi2nz.html",unsafe
"vilamucuripe.com.br",unsafe
"safir.com.pl",unsafe
"customerserviceonline.co.za",unsafe
"disaviation.net",unsafe
"http://www.sevkon.net/js/?http://us.battle.net/login/en/?ref=http://us.battle.net/d3/en/index",unsafe
"thegoodnewsband.org",unsafe
"http://www.timwangco.com.au/cache/xinub/Cielop/",unsafe
"felixmumo.co.ke",unsafe
"myetherwayllet.com",unsafe
"interiorlifeoutreach.com",unsafe
"checkrecoveryacct404.000webhostapp.com",unsafe
"http://www.idmsa-verify-apple.com/APPID=key_token~jk5gbh5njkm6dfg987dxvbn4023true-verification_complete-do.html",unsafe
"greenonbluewebsite.com",unsafe
"http://www.northlakeestate.com/~real700p/support.update.your.information.account/signup/account/",unsafe
"xe9c7uzikm9s3pxdn1wf.maherstcottage.com.au",unsafe
"fawzy.info",unsafe
"limitupdate.club",unsafe
"drummersdream.com.au",unsafe
"sign098.safariforafrica.com",unsafe
"http://www.pahadika-tc.com/UK/Done/78407e7664a71febfb4b07823051ed34/",unsafe
"gmaiils.com",unsafe
"login.netflix-unlock.com",unsafe
"pc-mit-schmidt.de",unsafe
"freia-studio.ru",unsafe
"ayaanassociates.com",unsafe
"matrix.eu.sk",unsafe
"http://bancaribe-ve-lb-1328493527.us-east-1.elb.amazonaws.com/",unsafe
"besfchange.site",unsafe
"info02887166ft.000webhostapp.com",unsafe
"educational-software.co.za",unsafe
"sign.theencoregroup.com.au",unsafe
"adiakgata.000webhostapp.com",unsafe
"centrea9.beget.tech",unsafe
"shmdigitalllc.com",unsafe
"http://www.dubaidays.net/wp-includes/pomo/v.php",unsafe
"http://occidentaldecauchos.com/.tbt/update/update.php",unsafe
"bjd-garden.com",unsafe
"cloudintelligentbd.com",unsafe
"sirinikah.com",unsafe
"prominencebd.com.au",unsafe
"tzseries.gq",unsafe
"dbs-237687635.000webhostapp.com",unsafe
"russianfossils.com",unsafe
"halkbank-mobilislemler.com",unsafe
"http://eden-tech.com/site/plugins/editors/FORM-UPDATE-MYBSN.php",unsafe
"wecanprepareyou.com",unsafe
"http://appleid.apple.co.uk.cgi-bin.webobjects.myappleid.woa.verify4.srv-woa1.co.uk/identify-customer=sQmJkKE52ltHN4mkmB5KT6t34eqvpW3Jr5wDFo4yXw6U9CqiCvHKLLzZHTP8wr96uLOpOFMgl5A1PxAiFYsnSy7iqyMpnzQYrv1e/",unsafe
"yvymaraey.org",unsafe
"honestypoint.ml",unsafe
"http://northernvirginiadivorceattorneys.com/del/",unsafe
"buildyourbody.com.au",unsafe
"app-1499843646.000webhostapp.com",unsafe
"http://www.dfewtwerw.com/item.taobao.html",unsafe
"afentulhosmanaus.com.br",unsafe
"http://paypal.update.account.cgi-bin7b465d564f5468f56456l4654846t.ivnpunjab.in/Verification/cgi-bin/paypal/websc.php",unsafe
"alberhhehsh.com",unsafe
"royalegyptian.pk",unsafe
"newhomecfl.com",unsafe
"mewsxzsa27.club",unsafe
"c5aor11e4mgqhocovfef.littlematchagirl.com.au",unsafe
"dzenastrology.com",unsafe
"http://x0shop.com/images/?http://us.battle.net/login/en/?ref=http%3A%2F%2Fcbzpivdus.battle.net%2Fd3%2Fen%2Findex&amp;app=com-d3",unsafe
"http://pastehtml.com/view/bfvj2lhqt.html",unsafe
"richlifehometextile.com",unsafe
"http://www.lundoo.com/js/?us.battle.net/login/en/?ref=http://us.battle.net/d3/en/index&amp;app=com-d3",unsafe
"nexon-loginc.com",unsafe
"banqueppulaire.com",unsafe
"kyliebates.com",unsafe
"baystate.xyz",unsafe
"dmvidyapeeth.org",unsafe
"http://appleid.apple.co.uk.cgi-bin.webobjects.myappleid.woa.verify5.srv-woa1.com/identify-customer=Bm3OQhbKLk3wwQbEioQX7Br6CBHRZ1Vjulcn9119lBHDqZHEE7w7g7t4pWxwIhqR4X33SESlJOckzby19giOoc4B5rI9iNzDU0Gi/",unsafe
"techkesho.com",unsafe
"ethsafe.promo",unsafe
"eztalmodtam.hu",unsafe
"bcpzoansegura-viabcp.vb-bc.com",unsafe
"http://www.marigoldtravel.com.bt/index.php/visitor-info/templates/system/css/templates/system/css/index.php/trekking/templates/system/css/index.php",unsafe
"unostentatious-desi.000webhostapp.com",unsafe
"secnicceylon.com",unsafe
"d-r.barefootwine.ca",unsafe
"http://amritsarizaika.com/service/update/04b9b0780c166cb9bda936df14541deb/",unsafe
"http://www.zgmmzzw.com/img/?http://us.battle.net/login/en/?ref=http://us.battle.net/d3/en/index&amp;app=com-d3",unsafe
"kbmindia.com",unsafe
"http://www.immkparty.com/brings/alibaba/",unsafe
"checkinvip.com.br",unsafe
"rupertsigns.com",unsafe
"agrimmreality.com",unsafe
"http://www.olimpiacarbonera.it/includes/pathy2.php",unsafe
"http://www.marketingbyinternet.com/mo/c0435f3b3352c77654e4c7c9af88e984/",unsafe
"training.australianavionics.com.au",unsafe
"llbpropertiesinvestments.com",unsafe
"contact-instagram.com",unsafe
"capitadw.beget.tech",unsafe
"salimer.com.ng",unsafe
"asphaltsubcontractor.com",unsafe
"rafaga7v.beget.tech",unsafe
"eusnex.cf",unsafe
"mantenoa.com.ar",unsafe
"rbconlineactivation.com",unsafe
"http://en.vvok.asia/login/en/login.html",unsafe
"http://www.alfacod.com.tr/wp-content/uploads/wysija/espace.reversement/confirmation/support/cd59f7b80e3bf2c4a25a708159a37975/",unsafe
"esuncastc.ga",unsafe
"signin.eby.de.bvy0sg4yygatlcm.civpro.co.za",unsafe
"http://tharts.net/images/?app=com-d3&us.battle.net/login/en/?ref=us.battle.net/d3/en/index",unsafe
"kaabbaba.co.vu",unsafe
"helppage-support.webstarterz.com",unsafe
"26c52281.ngrok.io",unsafe
"unelmacoin.com",unsafe
"hisperfectlight.com",unsafe
"http://appleid.apple.co.uk.cgi-bin.webobjects.myappleid.woa.verify8.eu-id3.net/identify-customer=BGflCuxHa6LxlMvVVZxtkg9ANaYm19kRI5fjEPKx0bI9Ga0SBBcKGNYXk7Co5cfZK4gtjEj6zrWyecrv4wMa7ocVwZRmwkBfjSLF/",unsafe
"http://www.e-wings.com.cn/images/index.htm?app=com-d3&amp;us.battle.net/login/en/?ref=us.battle.net/d3/en/index",unsafe
"free.mobile.infoconsulte.info",unsafe
"http://log-tn.com/Paypal-Support/Processing.htm?cmd=_Processing&amp;dispatch=5885d80a13c0db1fb6947b0aeae66fdbfb2119927117e3a6f876e0fd34af4365bffaeca3912a8066b0f10859f57121f6bffaeca3912a8066b0f10859f57121f6",unsafe
"xpd35vjr2c.ktpdppdsuq.madpendesign.com.au",unsafe
"rehmaninternational.com",unsafe
"smi-engineering.com",unsafe
"dck5h19edcevky0gdmkq.mbservicesyorkshire.co.uk",unsafe
"newstarplastic.co.id",unsafe
"http://www.lesaem.org/dyn/news/documents/pl/www.paypal.fr/index.php?cmd=?cmd=_login&dispatch=5885d80a13c0db1f8e263663d3faee8d4b3d02051cb40a5393d96fec50118c72",unsafe
"http://ns303913.ovh.net/theme/js/images/ok/134abf4853017cd3dd3f5c48425d7dd6/",unsafe
"kaartbeheerdocument.nl",unsafe
"finanbasil.com.br",unsafe
"topconmodels.com",unsafe
"http://www.klyn-consulting.com/ID-Store/Support-Client/871b39f945219de0c3235a585fb40ee2/",unsafe
"aoi.gourisevapeeth.org",unsafe
"ayodhyaguesthouse.com",unsafe
"http://pastehtml.com/view/bd8htyepa.html",unsafe
"myvinaozlat.org",unsafe
"http://edf-france.org/veriefd/forms/windhoek_tours/reservation.htm",unsafe
"pittsburghcollegelawyer.com",unsafe
"carreaublanc.com",unsafe
"cybermarine.in",unsafe
"minevinc.com",unsafe
"pacificatlanticrealty.com",unsafe
"http://distrimarsanitarios.soydg.com/wp-content/themes/jay/0737fbfc2073243e150249d5b0007769/",unsafe
"notification.1768880442.update.wellsfargo.com.frem.com",unsafe
"pearlandblinds.com",unsafe
"floatfeast.com",unsafe
"upgreadedsdta.online",unsafe
"http://dept.cugb.edu.cn/gem/index.htm?ref=http%3A%2F%2Ffiuxnmeus.battle.net%2Fd3%2Fen%2Findex",unsafe
"mnyetnherwaliet.com",unsafe
"historyofnaiknimbalkar.com",unsafe
"http://appleid.apple.co.uk.cgi-bin.webobjects.myappleid.woa.verify0.id8-eu.co.uk/identify-customer=06HsX391zuKrEjSMvcoeI7l8q14UoIUGvUeDLwtf0B36MWRJbrvrn6mxERhCQYVgq7vH0CfFjbhbAPFX01bkIevEpBQhXguCTosy/",unsafe
"http://hairclips.ru/modules/mod_helper/4933894976/login2491284/",unsafe
"http://bestlovingjerseys.com/ventilator/",unsafe
"http://soloclick.com.ve/49/config/login_verify2&amp;.src=/ym.htm",unsafe
"signin.eby.de.hy7piyw8z6sn5yt.civpro.co.za",unsafe
"http://users2.jabry.com/welcosu/Pay_Form_Ec_Cvv2.html",unsafe
"http://home.comcast.net/~Dianapuccio/auctiredirect.htm",unsafe
"vktest.aiq.ru",unsafe
"verificationticket.com",unsafe
"http://us.battle.net.login.en.tu-login.com/login/en/login.html?amp;app=bam&amp;app=wam&amp;eor=0&amp;ref=www.worldofwarcraft.com/account/",unsafe
"closingstatement.paid060418.clubfamiliarlamilana.es",unsafe
"http://www.luquanlvshi.net/js/index.htm?app=com-d3&http://us.battle.net/login/en/?ref=http://coabrpgus.battle.net/d3/en/index",unsafe
"pages-services.000webhostapp.com",unsafe
"mercad0liv.sslblindado.com",unsafe
"ibizsoftinc.com",unsafe
"vkservis0100.hop.ru",unsafe
"premios.promociones-viabcp.ml",unsafe
"http://update-information005.albayan.ly/",unsafe
"southmemphis38126.org",unsafe
"servic5j.beget.tech",unsafe
"nicenewsinc.com",unsafe
"rekoveryy1.recovery-fanpagee.tk",unsafe
"retdecor.com.br",unsafe
"cpmm.ma",unsafe
"http://www.poledancerfishingcharters.com/wp-content/upgrade/online.lloydsbank.co.uk/pri-log.php",unsafe
"http://www.traducator-iasi.ro/wp-includes/images/smilies/-/4546546556456PkKKQD564654654634SD54DSF51SDF46S6QSDQ8SQ4D51QS5D4Q65S1DQS56D4QS5D4QSD1Q35S4DQ65S3D1Q35SD2Q/724c2e391bf099f9599d36070a514009/",unsafe
"http://ns303913.ovh.net/theme/js/images/ok/84929bc0ed891b45479fa8b80b2d7a9a/",unsafe
"elreefgrain.com",unsafe
"batatariacristal.com.br",unsafe
"irs.gov.nuestrasmanualidades.cl",unsafe
"settings-identitas.000webhostapp.com",unsafe
"agreement7.gdmachinery.net",unsafe
"customerbuilders.com",unsafe
"secure-webapps-signin.com",unsafe
"http://www.hsqxx.com/js/?http:%2F%2Fus.battle.net%2Flogin%2Fen%2F%3Fref=http:%2F%2Fus.battle.net%2Fd3%2Fen%2Findex",unsafe
"http://vvvvvv.paypal.com.xn-----vldfgifeq7dua2hckj.net/webscr.php?cmd=_login-run&dispatch=5885d80a13c0db1f1ff80d546411d7f8a8350c132bc41e0934cfc023d4e8f9e5de18f1c65e75492761cbf96927fedbefde18f1c65e75492761cbf96927fedbef",unsafe
""http://services.runescape.com-mss-forum.html-5.me/sl=0/forums.ws.14,15,437,63859515.html"",unsafe
"urbanstanderd.com",unsafe
"goshka.com.ua",unsafe
"http://www.exclusiveresidence.ro/aos/webapps/mpp/login.htm",unsafe
"http://mahirulz.brinkster.net/Servicelogin.aspx",unsafe
"renew-appleid-appservice-recovry-wmiid2017-billingexp.case4001.pw",unsafe
"customer-center-pp.net",unsafe
"chase-banks-alert.site",unsafe
"pauseforspacepublications.co.uk",unsafe
"itau-bankline-c77.duckdns.org",unsafe
"http://nbl6-38.static.cytanet.com.cy:84/",unsafe
"suntrunf.beget.tech",unsafe
"http://www.kingsportclub.com/js/?app=com-d3&amp;http://us.battle.net/login/en/?ref=http://us.battle.net/d3/en/index",unsafe
"http://www.rapidmaster.yoyo.pl/login.php",unsafe
"http://agmp.kz/visa?key=73656C7472656368742E73636865676740626C756577696E2E6368",unsafe
"kolhagames.com",unsafe
"padariasantamarta.com",unsafe
""http://savageranch.com/portal/bnzonlineaccess/accountupdate/IBlogin2FA1,5599,,00.html"",unsafe
"woorionline.com",unsafe
"commonwewalth.com.au.schoellershop.com",unsafe
"online-sempre-30horas.com",unsafe
"szamla-telekom.telekomfiok.belepes.eedgetourtravel.net",unsafe
"http://www.systangostudios.com/systangostudios/support/validation/validation/validate/napplic2Faccount/10cbd317f1bbda2baf2fe979b44c4716/",unsafe
"donnarogersimagery.com",unsafe
"correvelpanama.com",unsafe
"http://banket-hol.ru/modules/mod_sys/7772367573/login9342394/",unsafe
"http://pastehtml.com/view/bfwnnzvid.html",unsafe
"majuhome.com.my",unsafe
"svstyle.com",unsafe
"lbarch.co.za",unsafe
"http://1-configurazione-supporto-apple.store-contatta.bimabn.com/c/Apple-id/5de10d93a2b7d63b8f3084cda204fb74/",unsafe
"brutom.tk",unsafe
"http://www.id8-eu.net/identify-customer=r3cZu4QGsRB0bu4pyomoXlEZkQrwQUYKbPz7Ye2MeaiqBiLntI6nwEXLuMkoxYikZcRPrRR5faT6rYz726zg9a7ePsToDpxRa8xj/",unsafe
"appidtonight-scurekezelteams.com",unsafe
"jayapriya.com",unsafe
"wfconfirm.today",unsafe
"rdggfh.co",unsafe
"http://pastehtml.com/view/bajr15avr.html",unsafe
"desertsportswear.com",unsafe
"exhibex.ga",unsafe
"sanskarjewels.com",unsafe
"safdereakj3434.000webhostapp.com",unsafe
"scholacantorumsangaetano.it",unsafe
"myiii.saqibsiddiqui.com",unsafe
"kluis-amsterdam.nl",unsafe
"http://www.millerllc.com/css/Lite/1/2013gdocs/",unsafe
"http://www.alarmserwis.o12.pl/halife-update/",unsafe
"http://pastehtml.com/view/be9074ukg.html",unsafe
"stevensandersmd.com",unsafe
"http://www.designsmaitland.com/news/vivt/",unsafe
"masonicmessenger.com",unsafe
"http://online.citi.com.olo9k6dpquvndam6cxdo3yshstfgmm.bucspray.gr/slow/online.php",unsafe
"http://213.129.162.141/images/gifs/index.asp",unsafe
"http://www.michaelrosenblumpresents.com/wp-content/themes/Openhouse/admin/images/colorpicker/PayPal-Support/",unsafe
"http://online.citicard.com.dvi7zva4dp.agencja-em.pl/doctorsincanton.com/wp-css/online.php",unsafe
"eduardofreitasportfolio.com.br",unsafe
"adoring.love",unsafe
"ptrrecordss.com",unsafe
"chiropractic-wellness.com",unsafe
"japonte.mccdgm.net",unsafe
"art-tour.info.pl",unsafe
"http://pastehtml.com/view/bezzwelp4.html",unsafe
"waterfordpointedental.com",unsafe
"dropebox.us",unsafe
"cursosofficecad.com",unsafe
"promocoescasasbaia.xyz",unsafe
"theupdateinfo.com",unsafe
"thither-commonweal-warren.com",unsafe
"balajinursinghomecare.com",unsafe
"service.a1aruba.com",unsafe
"paypal.de-signin-sicherheit-7295.paypal.de-signin-sicherheit-3339.amazon.de-signin-meinkundenservice-4630.amazon.de-signin-sicherheit-8562.amazon.de-signup-kundenservice-userid.39467725614111.supportlivefast.ru",unsafe
"cpphotostudio.de",unsafe
"http://webirodahaz.hu/pic/yahoo/mail.html",unsafe
"http://www.zjgfw.org/images/?http://us.battle.net/login/en/?ref=http%3A%2F%2Fus.battle.net%2Fd3%2Fen%2Findex&amp;app=com-d3",unsafe
"espaceclients-v5-orange.com",unsafe
"https://84.203.152.12/libs/www.paypal.com/default.aspxrru=inbox&wa=/update/webscr.php?cmd=_login-run&dispatch=5885d80a13c0db1f1ff80d546411d7f8a8350c132bc41e0934cfc023d4e8f9e5f469a4ea6b748ab07f305ac08a7316c3f469a4ea6b748ab07f305ac08a7316c3",unsafe
"http://www.visitmail.co.za/CT00022502NjU4MTQ2MA==.HTML?D=2012-11-08",unsafe
"http://www.transwayscms.com/poi/Sign%20in%20to%20Yahoor!.htm",unsafe
"https://www.google.nl/url?sa=t&amp;rct=j&amp;q=&amp;esrc=s&amp;source=web&amp;cd=1&amp;cad=rja&amp;ved=0CCEQFjAA&amp;url=http://ark.com.ge/&amp;ei=IDeoUIPUI-ik0AWa1oCIDg&amp;usg=AFQjCNE1H_KILEGlt8o_ewzUszZUJfMV9A&amp;sig2=Ygg8NBvIiOWFfiziSKFJKA",unsafe
"http://globalsourcingonlineprogram.hpage.mobi/",unsafe
"expediapartenerecentrales.com",unsafe
"app-apple.info",unsafe
"itech.com.pk",unsafe
"casonatrabadelo.com",unsafe
"chessinfb.space",unsafe
"ac-mapa.org",unsafe
"privatessecond.000webhostapp.com",unsafe
"dim-aigeir.ach.sch.gr",unsafe
"poste-mobile-apk-login21.otzo.com",unsafe
"ipesa.galetto.com.ar",unsafe
"tc-ziraattbank.com",unsafe
"http://www.bimabn.com/1-configurazione-supporto-apple.store-contatta/c/Apple-id/48e21137df422d1cdb484178ca594b70/",unsafe
"http://pastehtml.com/raw/bnf6mzwoy.html",unsafe
"vkcomo.esy.es",unsafe
"jungtaesook.com",unsafe
"gulabdevi.org",unsafe
"iamkevinfay.com",unsafe
"canossa.ac.tz",unsafe
"bikemercado.com.br",unsafe
"chekerfing.com",unsafe
"http://sercurityservice.un-ccc-online.org/properties/remax/index.htm",unsafe
"kccec.com.kw",unsafe
"paypal.com-ch-accsslmtd2018.info",unsafe
"http://www.fgyzx.com/imgefz/?https://secure.runescape.com/m=weblogin/loginform.ws?mod=www&amp;wajkmwdamp;ssl=0&amp;dest",unsafe
"nisekostaff.com",unsafe
"invbtg.com",unsafe
"babamlala.info",unsafe
"http://readerhomefind.com/machine/poste.htm",unsafe
"urmileshsaumitra.com",unsafe
"wvhks.com",unsafe
"hypnotherapeutamsterdam.com",unsafe
"bel.az",unsafe
"hello-fabric.com",unsafe
"kiahs.edu.bd",unsafe
"keysclipper.net",unsafe
"show-do.com",unsafe
"http://bme.enxnc.com.cn/Images/?app=com-d3&amp;http://us.battle.net/login/en/?ref=http://us.battle.net/d3/en/index",unsafe
"waysofflineintroduction.my.droppages.com",unsafe
"ebuytraffic.com",unsafe
"http://uk.amazon-ap.com/734d2338b286c4dcf2e30de0521ccd8f/login.php",unsafe
"kitchensbydesignri.com",unsafe
"cbcengenharia.com.br",unsafe
"http://pastehtml.com/view/berpqpcmy.html",unsafe
"joneanu.com",unsafe
"logn-alibabs.bugs3.com",unsafe
"dttdh65165gf.webcindario.com",unsafe
"tomasztelej.pl",unsafe
"fb-security-info.ml",unsafe
"cota200.com.br",unsafe
"http://www.nobrokeragefee.com/jscript/fancybox/b3216549870147/banco.popular.php",unsafe
"gadft.ga",unsafe
"http://appleid.apple.co.uk.cgi-bin.webobjects.myappleid.woa.verify4.id-app7.co.uk/identify-customer=L4VVKtJYRELxi9kYcnuS78giOHWqyiyGEGI7M3JaDW4SVPgRDcuOboKJM3BsFEf4ZBhLSPKxpIYVLM2uwjB57SnFRRqys9wZEW07/",unsafe
"http://drive-google-com.fanalav.com/dc6ecde53718db3e053aefbfe96b0632/",unsafe
"lumbungmadani.com",unsafe
"server.philipsenet.nl",unsafe
"mesdeofertas-marketing.com",unsafe
"http://www.crea-tic.com/s/lib/registerpbs.htm",unsafe
"madoline.ml",unsafe
"yah-online.csbnk.info",unsafe
"healthyyousexyyou.com",unsafe
"properties.northviewcreative.com",unsafe
"blazingskins.com",unsafe
"http://us.battle.net.ok.wwweb.asia/login/en/index.htm",unsafe
"rxoeeqledxuzzb1rz16m.maherstcottage.com.au",unsafe
"account.paypal-inc.tribesiren.com",unsafe
"http://www.czmdzx.cn/Img/index.htm?ref=http://us.battle.net/d3/en/index",unsafe
"ofice.idol-s.com",unsafe
"dieucayvietnam.com",unsafe
"http://castillatelecom.com/yahoolink1/yahoofinal/yahoo/",unsafe
"nonsoloparole.com",unsafe
"ecosmeticscoupons.com",unsafe
"chotanito.com",unsafe
"churchcalledhome.net",unsafe
"http://www.id-app7.co.uk/identify-customer=rbpsMjR16N9MJMt9YkYawbxPCeyZphL4T1HNc1wsrksu0NsTtCgfBJoGc1g9cf0YElumPBWxaQxZmR7m4m1mqLNvlUX8tkuhbbEv/",unsafe
"acnestargel.com",unsafe
"http://rujewz.prodejce.cz/stgeonlinejamenowithme/stgeonlinejamenowithme/inputCustDetails.jsf.htm",unsafe
"luceatcounseling.com",unsafe
"http://mastaofdizasta.fm.interia.pl/Strona.html",unsafe
"irtvtehran.com",unsafe
"fwlth.saqibsiddiqui.com",unsafe
"http://www.paypal.com.it.webscr.logq.gtw.pl/?cmd=_run-check-cookie-submit&redirectCmd=_login-submit",unsafe
"online-internetislemi.com",unsafe
"http://www.chicago-it-services.com/wp-content/uploads/2011/11/remax/index.htm",unsafe
"http://www.aristaautomech.com/wp-includes/css/infod.htm",unsafe
"http://us.battle.net.en.wwweb.asia/login/en/login.html?app=wam&ref=www.battle.net/account/&eor=0&app=bam",unsafe
"servicib.beget.tech",unsafe
"jpgastemerin.rs",unsafe
"lawsonhead.com",unsafe
"penmenpiccolo.com",unsafe
"newfoxproperties.co.ke",unsafe
"bulldoglandia.com",unsafe
"http://pastehtml.com/view/bfz50c2fy.html",unsafe
"http://www.nkdmaritime.co.uk/wp-admin/login_26.html",unsafe
"http://www.tanaconstruction.com/~showech/webscrlcmd.login.submit.dispatch.5885d80a130db1f8e263663d3faee8dcbcd55a50598/account/id/459873216987319/pp/",unsafe
"drbrasmahavidyalayahelencha.in",unsafe
"edinburghyouthmusicfestival.org",unsafe
"ebillportal.fileview.us",unsafe
"josemoralesinc.com",unsafe
"http://www.lambat.web.id/wp-content/themes/twentyeleven/update/update/secure/672bfcaa73dbfe28bff5bc77604084fa/7cd2dfc859998ea3659fe9a3712f3e6c/",unsafe
"guardinhajundiai.com.br",unsafe
"7crehlpapi.woeppvzoyj.madpendesign.com.au",unsafe
"http://ns303913.ovh.net/theme/js/images/ok/2185266aadae98f002016e352372bba8/Login.php",unsafe
"oceanshorestavern.com.au",unsafe
"http://dichvudaugia.com/home/language/2012/www.itau.com.br/iToken/",unsafe
"applehelpinformationaccounts.com",unsafe
"kprsyariahkita.co.id",unsafe
"icloud-info.info",unsafe
"wells43091.000webhostapp.com",unsafe
"http://www.standprincipal.pt/site/modules/mod_login/compte-/cgi/paypal/paypal/new_passe.php?cmd=_login-run&amp;dispatch=5885d80a13c0db1f998ca054efbdf2c29878a435fe324eec2511727fbf3e9efc2ffc2fe8ec1746874bc36862db9aa84c2ffc2fe8ec1746874bc36862db9aa84c",unsafe
"http://paypal.com.info.e44.fdw.hhey5.gre4h.agtyjt.asgeqf.brtjt.acwgrjt6.sgehrj.shery4e.gjy6k6.sgey34.berhrtkjt.afweh.sey54ui.sgeh.bondessert.com/update/Thanks.php",unsafe
"http://www.naylorantiques.com/mljuo/1/",unsafe
"http://www.fas-sl.com/language/images.php?check=3",unsafe
"grimor.org",unsafe
"http://us.battle.net.ok.qe-rs.com/login/en/login.html?app=bam&amp;app=wam&amp;eor=0&amp;ref=https://www.battle.net/account/",unsafe
"http://online.citicard.com.rweobn2fdc.dadrbt.ro/cool/online.php",unsafe
"agent.maddy.additional.information.checkbackwithus559.com",unsafe
"http://www.jardinessocovesa.cl/wp-content/plugins/akismet/abassrvn/index.php",unsafe
"plus28.ignorelist.com",unsafe
"http://archdental.com.au/install/lang/assistance-confirm/orange/",unsafe
"http://www.eu-id3.net/identify-customer=8lMs39YzCGO8NzfY89ssxCK62KhBXFoOgCznJGlh0Ka8fT1yzaoj7CykngppBFzqDYCfpuu0BXlEHTuTsRcuwiMb3o4vhr3eZYcL/",unsafe
"http://dotstersupporteam.com/webscr/?cmd=_login-submitdispatch=5885d80a13c0db1f8e263663d3faee8d0b7e678a25d883",unsafe
"pavypal.com.resolutioncenter.privacypolicyupdateinformation-loginpage.plerorg.me",unsafe
"teveta.mw",unsafe
"http://www.nyenergycompany.com/add/art/",unsafe
"clarabia.com.br",unsafe
"supri-ind.com.br",unsafe
"kpvinoth.myjino.ru",unsafe
"mkebrian.com",unsafe
"http://pastehtml.com/view/be8kakfvl.html",unsafe
"http://reavaliacaoanual02948656.esy.es/html/",unsafe
"http://www.shawmetalsolutions.co.uk/CMS/stylesheet/account.bank.konto.htm",unsafe
"espace-free-mobile.freemo8c.beget.tech",unsafe
"olditis.com",unsafe
"gerardoseuropeanbakery.com",unsafe
"nuxport.com",unsafe
"politeh.ro",unsafe
"http://184.171.250.180/~sklspm/FidelidadeCiel24332433/",unsafe
"updateyouraccount.pagarbetonwillcon.com",unsafe
"shofarj.com",unsafe
"http://trafficpuffs.com/Raffle/raffleninja/resources/asb.htm",unsafe
"lgservisin.com",unsafe
"http://www.naylorantiques.com/central-de-atendimento/71",unsafe
"ccknifegiveaway.com",unsafe
"bloketoberfest.com",unsafe
"spykemedia.go2cloud.org",unsafe
"maximizerxls.com",unsafe
"chekmyacount.com",unsafe
"elegantseowriting.com",unsafe
"http://vi.sandbox.ebaydesc.com/ws/eBayISAPI.dll?ViewItemDescV4&amp;item=110099898874",unsafe
"irishmotorhomeclub.com",unsafe
"chikaxilvanatmae.com",unsafe
"http://pastehtml.com/view/bfo4sanav.html",unsafe
"businesslinedubai.ae",unsafe
"pataraquadbike.com",unsafe
"everytin.tunerwrightng.com",unsafe
"http://pastehtml.com/view/bdmrzyhnh.html",unsafe
"http://www.com-turning.com/........f/2ba58b035a0f3a45dbf9b6627b2b055e/",unsafe
"http://lanqiuji.com/ppau/restore_your_account_paypal.html",unsafe
"http://mydoc555.runawaypetroleum.com/upload.google.com",unsafe
"ekaleferramentas.com.br",unsafe
"myefhcrwallet.com",unsafe
"costourstravel.tk",unsafe
"ikanursila.com",unsafe
"securitymywindowspcsystem.info",unsafe
"bizdevar.tk",unsafe
"http://chat-by-orkut5.blogspot.co.uk/",unsafe
"http://www.stltactical.com/wp-includes/dropbox/dropbox/",unsafe
"http://www.blueroflvids.com/wp-includes/remax/index.htm",unsafe
"venudre.000webhostapp.com",unsafe
"urnsforpets.net",unsafe
"http://pastehtml.com/view/bfjwdojf3.html",unsafe
"microbizmarketing101.com",unsafe
"checkout-secure.000webhostapp.com",unsafe
"boa-secauth.com",unsafe
"http://pastehtml.com/view/bekfsqwh2.html",unsafe
"http://www.gkjx168.com/images/?ref=http%3A%2F%2Fuqpzemuus.battle.net%2Fd3%2Fen%2Findex",unsafe
"http://www.zenworld.ro/administrator/xcl.php/b2457cf0fd30272fe0e41b7ce60506c1/",unsafe
"http://www.systangostudios.com/support/validation/validation/validate/napplic2Faccount/124862e42818143a7db4b92b28de2803/",unsafe
"http://pastehtml.com/view/bfsw7zzrf.html",unsafe
"http://ch-stucco.com/js/walls/ntasa/9f48cf86990f3f9be72310f4be3fcf97/polc.html?d80a13c0db1f8e263663d3faee8d9384d85353843a619606282818e091d0616079de85247158ca8b8e66e48a9f2f616079de85247158ca8b8e66e48a9f2f",unsafe
"triphasepower.co.ke",unsafe
"steam.serulom.tk",unsafe
"shadevenezuela.com.ve",unsafe
"topaztravelsng.com",unsafe
"twoytuswrks.000webhostapp.com",unsafe
"servicegenta.be",unsafe
"http://drive-google-com.fanalav.com/255a9fe96b5a76ac6b5f71406609dd0d/",unsafe
"oustuner2.000webhostapp.com",unsafe
"http://www.viela.com.py/dropboxfolder/",unsafe
"rujva.co.uk",unsafe
"matchretirement89-picture.weebly.com",unsafe
"aperionetwork.com",unsafe
"http://www.venusoficial.com/placeholders/mp3/Brain-PPL3/",unsafe
"saptutorial.net",unsafe
"oceanmama.ca",unsafe
"http://usaa.com-secure-ent-ac-rg-sec-min-agi.hfeconsulting.com/",unsafe
"malwarestore.id",unsafe
"account.paypal.gtfishingschool.com.au",unsafe
"http://hiroba.dqx.jp.po.yukvxkf.com/account/app/svc/login.html",unsafe
"services.avoidunlimitedaccount.com",unsafe
"wsws.asia",unsafe
"businesalwaysthings.com",unsafe
"paneshomes.com",unsafe
"http://www.apple.com-support-assistenza-account.information.upoert.com/ap/italia/Apple-id/54ac46e872990bd61d78f5bb14f63e47/",unsafe
"98405.com",unsafe
"http://appleid.apple.co.uk.cgi-bin.webobjects.myappleid.woa.verify8.id8-eu.net/identify-customer=06HsX391zuKrEjSMvcoeI7l8q14UoIUGvUeDLwtf0B36MWRJbrvrn6mxERhCQYVgq7vH0CfFjbhbAPFX01bkIevEpBQhXguCTosy/",unsafe
"xizfabexzexy.hol.es",unsafe
"http://pastehtml.com/view/ba0h55k06.html",unsafe
"http://www.gfdsr654ree.is-a-financialadvisor.com/wordpress/NABBUN/internetupdateinfo/login.php",unsafe
"http://ns303913.ovh.net/theme/js/images/ok/ffa9cbde0d3cf9051af20b1737013098/Login.php",unsafe
"http://home.comcast.net/~dkelley500/redirecting2.htm",unsafe
"vkphotolikes.esy.es",unsafe
"http://www.pioneerpostcards.ca/usa.m/usaa/home.php",unsafe
"paypal.konten-sicher-kunde.tk",unsafe
"sharepoint.sahajcare.org",unsafe
"http://pastehtml.com/view/bdhg23v02.html",unsafe
"http://appleid.apple.co.uk.cgi-bin.webobjects.myappleid.woa.verify8.eu-id3.net/identify-customer=UPCreyG36Qn8Z7WQ2ofJ6M1HK9ol1muCOea3VBR3aNABrv1ucJrQE0gESUul0OghVNpvy64Cm75VlRGEKfx8rPqf2DyByqVk6KXO/",unsafe
"http://stopkosopad.com/wp-content/gallery/cache/remax2012/remax/index.htm",unsafe
"caixa.inativosativosparasaque.com",unsafe
"http://soguksumahallesi.net/ppl/cmd=_login-submit&amp;dispatch=u4575jh4414a50598f04d34b4575224bf5056875455hhj2/mizzoow/home.html",unsafe
"cparts.asouchose-espaceclients.com",unsafe
"decoutinho.com.br",unsafe
"smsboxinfoserveursillimite.esy.es",unsafe
"zuzim.xyz",unsafe
"boludogader.com",unsafe
"the3rtechnologies.com",unsafe
"devapolline.fr",unsafe
"digitaltech.tech",unsafe
"http://www.crown-home.cn/8908837415/53267548824646/",unsafe
"http://tharts.net/images/?app=com-d3&amp;us.battle.net/login/en/?ref=us.battle.net/d3/en/index",unsafe
"http://torbaytraders.co.uk/web1134_1662_10787_0_833_14345_349049881.htm",unsafe
"radiuscreativedesign.xyz",unsafe
"premier-buildings.us",unsafe
"severastana.kz",unsafe
"drmoloi.co.za",unsafe
"ameliasssurancemaladie.iwgdiwin.beget.tech",unsafe
"panvit.com.br",unsafe
"http://www.kiarmedical.com/ckfinder/userfiles/images/web-interlan/interlan/ingresando258.php",unsafe
"ezertrans.com",unsafe
"http://update-information-paypals-accounts-supports.com.lubinhote.com/my-accounts/394f9/",unsafe
"haveawo.org",unsafe
"digitalfirstonlines.net",unsafe
"gdsfes.bondflowe.co.za",unsafe
"tenaxiafashion.com",unsafe
"fw2a.chemspunge.co.za",unsafe
"stornierenswitzpavpalkontos0.com",unsafe
"http://dreamweaver0177.blogspot.com/?",unsafe
"abidekha.usa.cc",unsafe
"akademigeridonusum.org",unsafe
"myetherwelleit.com",unsafe
"k2ktees.com",unsafe
"http://jjlzfd.com/Images/?http://us.battle.net/login/en/?ref=http%3A%2F%2Fsvfthlwus.battle.net%2Fd3%2Fen%2Findex&amp;app=com-d3",unsafe
"coolgangcountrydancer.com",unsafe
"nickholmer.com",unsafe
"arrivaldatesen.com",unsafe
"http://www.4infreg.com/chatroom/getproductrequest.htm",unsafe
"ditavonteese.info",unsafe
"servicesnext.net",unsafe
"http://www.ptddrivers.com/Profil_PaypaI/230a7f42bebf7ca9451c32396ee0110c/mpp/update/",unsafe
"onlinefrepdfviewer.000webhostapp.com",unsafe
"jbalviens.club",unsafe
"cepteteb-bonus.com",unsafe
"http://www.playbookmanagement.com/joah/templates/wells/www.wellsfargo.com/",unsafe
"paypal.rumelphones.co.uk",unsafe
"esoponline.in",unsafe
"http://distrimarsanitarios.soydg.com/wp-content/themes/jay/4ef174781ab6872860ba22024eb2fb0d/",unsafe
"halkbireysl.com",unsafe
"http://www.professionaltimes.org/resume/bookmark/ii.php",unsafe
"secure-commerzbank.gdn",unsafe
"ad0be.review",unsafe
"http://pastehtml.com/view/bagnxdhp9.html",unsafe
"mavverick321.com",unsafe
"http://ns303913.ovh.net/theme/js/images/ok/f2f29a7f532992289af6a6a98475074f/Login.php",unsafe
"smbcnsn.com",unsafe
"livingconstructions.net.au",unsafe
"j831220.myjino.ru",unsafe
"rajdarpan.com",unsafe
"http://www.imperialrust.com.br/painel/",unsafe
"life-is-beautiful.in",unsafe
"http://www.id8-eu.co.uk/identify-customer=C6CsUN8u5ANtjPQSD4WuNjaDXUwPHqhw7aUqAV5pwOBPuJtxHklmtBTDp42gMYiDwQHMGLEAwDzRwFKE0hBGPR2EhHObtDuoKR1o/",unsafe
"exesxpediapartenerecentrale.com",unsafe
"sataeymjheq.gq",unsafe
"dbdoc-views.d3an1ght.com",unsafe
"hitbtc.biz",unsafe
"http://63.247.65.226/~weaver/student.finance/student%20grant.html",unsafe
"http://www.dog-allergysymptoms.com/login.htm",unsafe
"http://habbocambios-habbogeradordecambios.blogspot.com/",unsafe
"sicurezza-poste-banco-italia.sexidude.com",unsafe
"http://appleid.apple.co.uk.cgi-bin.webobjects.myappleid.woa.verify8.eu-id3.com/identify-customer=Ip5kD6mQcP9eY0goxz7yG2Zn08BpFyu4jQ9F2y9WTsF89uOiCKuSCaVHHpjNvkTupYmRuIml86DxegV6B41etX3OsqtVR6sKGiNl/",unsafe
"switzappleid-konto.com",unsafe
"boa.chat-host.org",unsafe
"interac-bell.com",unsafe
"caplaine.fr",unsafe
"mangguo.info",unsafe
"http://fb.com.accounts.login.userid.331518.fb12m.com/wed15/fbn/",unsafe
"idmsa.apple.merlin.corp.up.com-index.dysingenieriasas.com",unsafe
"itup.co.in",unsafe
"http://medireim.net/x1yZ2scDe/webscr_prim.php?bWVkaXJlaW0ubmV0uhsdsusu5485757kUJHNN546221oPLKj988777AOP784MTM0NjE2OTk0Ng",unsafe
"hornbillsolutions.in",unsafe
"help-setting-info.hol.es",unsafe
"icloud.account-id.com",unsafe
"com-required-information.com",unsafe
"notification.2059867442.update.wellsfargo.com.frem.com",unsafe
"recover-help-centre23022018.000webhostapp.com",unsafe
"freakingjoes.cf",unsafe
"ppl0910-swtzlnd2018.com",unsafe
"transduval.cl",unsafe
"usaa.com.signon.inet.ent.logon.784999432.logon.85868io.pasvro.net",unsafe
"asistanim.org",unsafe
"jethooky.com",unsafe
"jeankov3.beget.tech",unsafe
"atomicemergencyhotwater.com.au",unsafe
"soceron.org.br",unsafe
"apps.disrayco.com",unsafe
"tr-ziraatbank-bireyselesube.com",unsafe
"http://www.hsqxx.com/js/?us.battle.net/login/en/?ref=http://us.battle.net/d3/en/index&amp;app=com-d3",unsafe
"http://huaphone.net/js/?us.battle.net/login/en/?ref=us.battle.net/d3/en/indexapp=com-d3",unsafe
"http://84.203.152.12/panel/www.paypal.com/default.aspxrru=inbox&amp;wa=/update/webscr.php?cmd=_login-run&amp;dispatch=5885d80a13c0db1f1ff80d546411d7f8a8350c132bc41e0934cfc023d4e8f9e575c479b41b6158af0f584e8ac5b87a4c75c479b41b6158af0f584e8ac5b87a4c",unsafe
"http://www.pls-print.com/images/index.htm?http:/us.battle.net/login/en/?ref=http:/mfkfujrus.battle.net/d3/en/index&amp;",unsafe
"vww.gytconitnental.peritmarkjohn.com",unsafe
"mississippirobotics.com",unsafe
"september-promo.com",unsafe
"mobil-denizbanksubesi-hediyeler.com",unsafe
"bahiaofertas.net",unsafe
"santa.antederpf.com",unsafe
"http://pastehtml.com/view/bc97mplgu.html",unsafe
"http://pastehtml.com/view/b57sa676e.html",unsafe
"thekpi.com.au",unsafe
"appsecure-helpaccount.com",unsafe
"notarius.com.mk",unsafe
"http://www.traducator-iasi.ro/wp-includes/images/smilies/-/4546546556456PkKKQD564654654634SD54DSF51SDF46S6QSDQ8SQ4D51QS5D4Q65S1DQS56D4QS5D4QSD1Q35S4DQ65S3D1Q35SD2Q/",unsafe
"http://210.42.144.243/images/cielo2.html",unsafe
"wmmusic.co.uk",unsafe
"http://www.tantrika.com.au/admin/gallery/paypal.co.info.com.nz.au/webscr.php",unsafe
"signin.e-bay.us-accountid9241605818.sig-eb.me",unsafe
"cashtag.co.in",unsafe
"http://politecnicocuranilahue.webescuela.cl/wp-admin/includes/loginAlibaba.php",unsafe
"http://www.mtkenyaavocadofarms.com/sss/9acdb870fdf5c85a6b7a49748ddf7aed/",unsafe
"account-serivce.com",unsafe
"http://www.acpk.info/page/vote.php?pid=73",unsafe
"event.riolabz.com",unsafe
"ezptntfdueb6coblmfca.viomil.ro",unsafe
"factoid.co",unsafe
"magicmembershelp.com",unsafe
"shoba-shoba.info",unsafe
"kundenservice-1278.dq3dq321dd.net",unsafe
"http://www.mtkenyaavocadofarms.com/sss/b618db36a4c1184a203ed558d64b3e2f/",unsafe
"cttbo5q3atjjs5odzozr.littlematchagirl.com.au",unsafe
"alternativa.pp.ua",unsafe
"amycastle.info",unsafe
"http://www.hnyjdw.com/images/?http:/us.battle.net/login/en/?ref=http:/us.battle.net/d3/en/index&amp;app=com-d3",unsafe
"kitaosaka-cci.go.jp",unsafe
"apple-systemverification.com",unsafe
"bankofamerica-com-login-support-bussnis-gold.com",unsafe
"http://appleid.apple.co.uk.cgi-bin.webobjects.myappleid.woa.verify1.id8-eu.net/identify-customer=t9ORHZlziHHfqCXtW0DPLZuJbnD8lLlQB18GGvQOoYI0VaBKQpoupSA173ABCfXVaRksEtCi213EucEWPWxXiItZ3jneVGiOaccq/",unsafe
"http://en.eeus.asia/login/en/index.htm",unsafe
"http://skvs.stedu.net/images/index.htm?us.battle.net/login/en/?ref=http://tfckdoqus.battle.net/d3/en/index&app=com-d3",unsafe
"http://www.jmg-webconsulting.com/~wcom/refs/error_login.html",unsafe
"http://mpcontato.h19.ru/Formulario/continua.php",unsafe
"http://www.520168.cn/style/?http://us.battle.net/login/en/?ref=http://us.battle.net/d3/en/index&amp;app=com-d3",unsafe
"graceimmigration.ca",unsafe
"http://1-configurazione-supporto-apple.store-contatta.bimabn.com/c/Apple-id/e1ec7ec9d7e09710103e9043a844e58b/",unsafe
"secure.runescape.com-ql.top",unsafe
"http://appleid.apple.co.uk.cgi-bin.webobjects.myappleid.woa.verify6.srv-woa1.co.uk/identify-customer=I6vxstUfJu4YJgQSDEtZTpQWRijw6PNhRzcxYX3yuJfS4GrfFVPkpluggv5qX313pTWTNlr0Sxxz3WrS88RN3jje6Wzpp2BV3eje/",unsafe
"http://pastehtml.com/view/bcja5fsiq.html",unsafe
"solutiongate.ca",unsafe
"melissaolsonmarketing.com",unsafe
"http://www.hawaiianlocal.com/wp-admin/includes/login.html",unsafe
"http://adverteaze.com/remax/index.htm",unsafe
"acount-summary.net",unsafe
"shop-casashabiia.bid",unsafe
"lexstonesolicitors.com",unsafe
"http://www.blackwoodwineclub.info/images/dropbox/dpbx/",unsafe
"metherwallet.info",unsafe
"eugenebhangra.com",unsafe
"http://pastehtml.com/view/bg4lf45xn.html",unsafe
"ayurvedabeyond.com",unsafe
"verisingusnesbou.com",unsafe
"bireyselacik-denizbank.com",unsafe
"emcinfo.com.br",unsafe
"http://appleid.apple.co.uk.cgi-bin.webobjects.myappleid.woa.verify4.eu-id3.net/identify-customer=r3cZu4QGsRB0bu4pyomoXlEZkQrwQUYKbPz7Ye2MeaiqBiLntI6nwEXLuMkoxYikZcRPrRR5faT6rYz726zg9a7ePsToDpxRa8xj/",unsafe
"http://www.vdub.kz/wp-content/plugins/highslide-integration/highslide/graphics/outlines/?/bankofamerica/index.php",unsafe
"acctnotice404.000webhostapp.com",unsafe
"itstore.my",unsafe
"transcript.login.2016.lerupublishers.com",unsafe
"konsultacija.lv",unsafe
"http://appleid.apple.co.uk.cgi-bin.webobjects.myappleid.woa.verify2.eu-id3.net/identify-customer=n98OlwR6i9EW9sClvO3Np9zRToDEnWTmOp4zbhcPeFFYcIquf0oMrB1LsV6ayJlevAFJUOeyRNjmGeJWiQ2eZc2qZrAMGR46a1it/",unsafe
"cr-mufg--jp-card.site",unsafe
"tropicaleurasialtd.com",unsafe
"http://arangnarang.com/bbs/data/wwwPayPalcom9138/index.php",unsafe
"lavi-lavi.com",unsafe
"https://docs.google.com/spreadsheet/embeddedform?formkey=dEVoamZFQXptN3lSOWpBWktRRXB3VFE6MQ",unsafe
"http://pastehtml.com/view/b47zzf0m8.html",unsafe
"http://appleid.apple.co.uk.cgi-bin.webobjects.myappleid.woa.verify4.id-app7.co.uk/identify-customer=Ip5kD6mQcP9eY0goxz7yG2Zn08BpFyu4jQ9F2y9WTsF89uOiCKuSCaVHHpjNvkTupYmRuIml86DxegV6B41etX3OsqtVR6sKGiNl/",unsafe
"sqrve-online.net",unsafe
"http://appleid.apple.co.uk.cgi-bin.webobjects.myappleid.woa.verify8.id-app7.net/identify-customer=BGflCuxHa6LxlMvVVZxtkg9ANaYm19kRI5fjEPKx0bI9Ga0SBBcKGNYXk7Co5cfZK4gtjEj6zrWyecrv4wMa7ocVwZRmwkBfjSLF/",unsafe
"fdssnow.xyz",unsafe
"gst-interac.com",unsafe
"serienstreamen.com",unsafe
"loosho.com.br",unsafe
"gb2zl.com",unsafe
"serrurierrepentigny.ca",unsafe
"orig.aktuaris.or.id",unsafe
"hawen.io",unsafe
"http://www.cristianradu.ro/wp-content/gallery/fashion/forms.asp.htm",unsafe
"parentingandfamilymatters.com",unsafe
"http://www.criatoriomontesclaros.com.br/site/",unsafe
"e-transfer.kumarindustries.net",unsafe
"korsyfelklob.000webhostapp.com",unsafe
"http://147.84.132.227/phpmyadmin/eBay-Kauf%20%C3%BCberpr%C3%BCfen-Jetzt-Bezahlen1-BayISAPI.dllSignIn&ru=http3A2F2Fpages.ebay.de2Fhelp2Fpolicies2Fbuyer-protection.html",unsafe
"http://itarchitects.ca//Sql/Atualizacao/OnlineBradesco/Acesso_Cliente/add.php",unsafe
"stefanmaftei.co.uk",unsafe
"ohfgs.jandrheatingandcooling.com",unsafe
"ziraat-195yil.com",unsafe
"http://ns303913.ovh.net/theme/js/images/ok/fc57e7f7e3afa9af443c1aabe31bde5e/Login.php",unsafe
"synergeiokatharismou-thessaloniki.gr",unsafe
"http://pastehtml.com/view/bcn9ptfoq.html",unsafe
"usubmarine.com",unsafe
"rally2go.com",unsafe
"cash2goldbar.com",unsafe
"superpromopinguim.com",unsafe
"wowonder.alvarohurtado.com",unsafe
"utoypia.com.au",unsafe
"liranzeligman.com",unsafe
"migordico.es",unsafe
"citybanq.16mb.com",unsafe
"faulks.net.au",unsafe
"meytherwellet.net",unsafe
"eastneukpianos.co.uk",unsafe
"emmanuvalthekkan.com",unsafe
"http://pastehtml.com/view/bdcpvgnt5.html",unsafe
"atualizacaomobile.craym.eu",unsafe
"sentendar.com",unsafe
"http://www.dpcinema.mx/wp-dpc/wp-includes/images/smilies/item/bab2b6cd5bb268690f16755e9bad5b03/",unsafe
"http://www.nprobasco.com/SRTJZRSGNSFBSRBSG/1e6370fc990575c97447a0189737488c65fc9fb4897a89789352e211ca2d398f/index/2e2830417833d3763558dc17d8b2794d/",unsafe
"supremelawfirm.net",unsafe
"client-mobile-free-recouvrement.com",unsafe
"ingverifica.org",unsafe
"http://www.studioarabiya.es/images/banners/ht9277373ht/h.htm",unsafe
"amelajyv.beget.tech",unsafe
"logicndtsolutions.ca",unsafe
"http://www.konyaningundemi.com/modul/hotmail.comm/hotmail.comm/www.hotmail.com/hot/",unsafe
"electricianservices.us",unsafe
"egodiuto.ru",unsafe
"syshainc.com",unsafe
"yarilo-club.ru",unsafe
"madeireirafarias.com.br",unsafe
"elloainson.us",unsafe
"extintoresneuman.cl",unsafe
"rankainteriors.co.in",unsafe
"http://paypal.service.id.indomima.com/d030e451b644bd5434870ea95d4f067d/",unsafe
"icloud-apple-id-security-information-restore-onlineprocess.legalindonesia.com",unsafe
"rohida.uknowva.com",unsafe
"fitnessequipmentreviewer.com",unsafe
"maxovvk2.beget.tech",unsafe
"kbc-touch.online",unsafe
"http://skvs.stedu.net/images/index.htm?us.battle.net/login/en/?ref=neazemmus.battle.net/d3/en/indexapp=com-d3",unsafe
"coldfusionart.com",unsafe
"http://pastehtml.com/view/bdg708ty2.html",unsafe
"http://pastehtml.com/view/bc1h61poy.html",unsafe
"bimatic.com.lb",unsafe
"hermesvargas59.000webhostapp.com",unsafe
"amsolarpower.com",unsafe
"ltaunlineas.space",unsafe
"http://txellwebs.com/blog/wp-content/scap/38b22c84ca53664c986e4c83f09a8dc7",unsafe
"http://bergerklima.hu/js/yahoofinal/yahoo/index.htm",unsafe
"m.facebook.com.solutions-hub.com",unsafe
"assure.ameli.fr.freefa0y.beget.tech",unsafe
"http://xx.jxrtv.com/js/?runescape.com/m=weblogin/loginform.html",unsafe
"jettemoeller.dk",unsafe
"mpsplates.com",unsafe
"bambini.ir",unsafe
"spaceplan.co.in",unsafe
"http://www.maltezeri-culibrk.in.rs/temp/www.bofa.com/onlinesecuritydepartment/online.bankofamerica.com.security73656f6e6c696e652e63686173652e636f6d2e736563757269/cgi-bin/login/",unsafe
"platinumconstructioncompany.com",unsafe
"jozelmer.com",unsafe
"wssccrally.co.uk",unsafe
"http://vintage-memories.com/Jewelry/jod1/perfect/",unsafe
"fpn81291321p.hol.es",unsafe
"http://premiumorange.com/lmm/catalog//images/infobox/fidelidade.php",unsafe
"http://www.runascape.info/m=weblogin/loginform.php?mod=offence-appeal&ssl=0&des=1&expired=0&dest=account_history.ws",unsafe
"http://patrinceservices.com/account.php",unsafe
"http://online.citi.com.sysvmqbdxaegym5ffshjjh4o3eyq1z.bucspray.gr/slow/online.php",unsafe
"http://uk.amazon-ap.com/f57728c2ed57814b0b9c1590023d4d4d/",unsafe
"decocakeland.top",unsafe
"http://pastehtml.com/view/bdrer8mti.html",unsafe
"account-limited1-update.online",unsafe
"jasonknightsf.com",unsafe
"softsunvinyl.com",unsafe
"scurespge.000webhostapp.com",unsafe
"http://www.docmate.org/eroi2/fox/dropbox/",unsafe
"uppermurraychallenge.com.au",unsafe
"betschange.top",unsafe
"flashblocks.io",unsafe
"bkd.penajamkab.go.id",unsafe
"decorativeconcreteexpressions.com",unsafe
"blggrounds.ca",unsafe
"http://pastehtml.com/view/c8ej6fe6g.html",unsafe
"vivastreetaccount.eu",unsafe
"mang3rs0lustionpp.myrevospecton.com",unsafe
"http://www.helpingpersiancats.org/dropbox.com-dropbox-for-business",unsafe
"jtmvuwvzlyjmyia.usa.cc",unsafe
"http://mail.cltdental.com/images/Fidelidade/index3.asp",unsafe
"appinformation-helpaccount.com",unsafe
"chrissalamone.com",unsafe
"castlemedicolegal.com",unsafe
"http://appleid.apple.co.uk.cgi-bin.webobjects.myappleid.woa.verify8.id-app7.net/identify-customer=yV7JTxsI8jNrYYn82vaPhHiUlQVEguXHqkWk0Wytk0zpb98obifr8QGL38nOr1xfwTG38qZl9rlAZZ6R9OSDz4XXZrvmjo9Bhz5V/",unsafe
"http://www.lmmyb.com/js/?us.battle.net/login/en/?ref=http://us.battle.net/d3/en/indexapp=com-d3",unsafe
"desasukolilo.com",unsafe
"tytanworks.com",unsafe
"checkpointsteep.000webhostapp.com",unsafe
"rbc-1royalbank.com",unsafe
"http://www.kst365.com/js/?bjurezwamp;ssl=0&amp;dest&amp;https://secure.runescape.com/m=weblogin/loginform.ws?mod=www",unsafe
"http://update.paypal-com.service.cmd.activation.sucess.access00th9951221us651321.dogpetinsurance.org.uk/update/www.paypal.com/47b2a849cf01c380740b058660083f33/",unsafe
"gestaocontabilidade-pj.com",unsafe
"http://appleid.apple.co.uk.cgi-bin.webobjects.myappleid.woa.verify6.eu-id3.net/identify-customer=C6CsUN8u5ANtjPQSD4WuNjaDXUwPHqhw7aUqAV5pwOBPuJtxHklmtBTDp42gMYiDwQHMGLEAwDzRwFKE0hBGPR2EhHObtDuoKR1o/",unsafe
"l-assurance-maladie-gouv-public.fr-particuliers.playgolfbali.com",unsafe
"gtechproauto.us",unsafe
"amanda0g.beget.tech",unsafe
"service-tolefill.org",unsafe
"wzrqm.saqibsiddiqui.com",unsafe
"igasp.biz",unsafe
"http://www.agepoldf.com.br/site/libraries/joomla/event/Gdrive/Gdrive/googledrv/ServiceLogin/",unsafe
"bitsgigo.com",unsafe
"halkbank-kgf.com",unsafe
"myetherwalletru.info",unsafe
"apple-idforgot.com",unsafe
"http://global-promotions-2012.com/?sov=125080&amp;id=cYawoo&amp;hid=esseqqigqeo&amp;tov=208606&amp;v=",unsafe
"mejsocialcare.co.uk",unsafe
"rightwayclub.com",unsafe
"ourhansenfamily.com",unsafe
"http://www.serversunucu.com/Googledoc-SecureEmail-Googledoc/googledrive.htm",unsafe
"cpdsmart.com",unsafe
"http://www.addtoany.com/add_to/yahoo_bookmarks?linkurl=http://newsletter.postbank.de/public/read_message.jsp?publicread=true&amp;mid=401175991&amp;linkname=Abl%C3%B6sung",unsafe
"http://pichincha1.banco-estado1.com/internexo/jsp/loginbiometrico/loginBiometrico.php",unsafe
"dhl-belencabajar.000webhostapp.com",unsafe
"http://www.deliciouso.com/wp-content/themes/twentyten/images/page/page.htm",unsafe
"http://www.jinxiuyuanlin.com/js/?http://us.battle.net/login/en/?ref=http://us.battle.net/d3/en/index&app=com-d3",unsafe
"decorcenter.co.pe",unsafe
"caf-fr-espace.com",unsafe
"livinguz.info",unsafe
"drkvrvidyasagar.com",unsafe
"lumohukka.fi",unsafe
"http://kuncorporation.com/chinamex/Paypal_Virefication/ea293d014b1b4043963f9ec25e196b90/details.php?cmd=_account",unsafe
"http://skvs.stedu.net/images/index.htm?us.battle.net/login/en/?ref=tfckdoqus.battle.net/d3/en/index&app=com-d3",unsafe
"rajhomes.co.za",unsafe
"http://fb.com.accounts.login.userid.238296.fbsbk.com/",unsafe
"jfc2huasac.com",unsafe
"albertoleon.es",unsafe
"http://em.facebookmail.com/pub/cc?_ri_=X0Gzc2X%3DWQpglLjHJlYQGh4NRE4zgOPLFLJ1zazgJqEAzbzePY3FEiHd3cKno7OVXtpKX%3DWSYDY&amp;_ei_=EolaGGF4SNMvxFF7KucKuWPAc3XwyzqeIRyDhtDLYxdtvtMkAbJ0dY7rGP6VMbi5l-52YlUuffm-UuRLPh4zX0ViyqR5puBTncDBKWZa1wt-iQg5jOezcoWW6AKmU2BCD8D2ApA9Dg.",unsafe
"arjunainvestment.com",unsafe
"http://www.bombayfashions.com/includes/modules/content/account/gb/",unsafe
"http://hhtluyahll.com/New%20directory/yahoo/",unsafe
"http://86info.ru/wp-content/backup-db/NewAol/aolupdate.htm",unsafe
"bestschaneg.ru",unsafe
"bbthem.com",unsafe
"http://thedognanny.be//wp-content/themes/ultymighty/functions/cache/visualiza/escolher.html",unsafe
"usaa.com-inet-true-auth-secured-checking-home-savings.izedi.com",unsafe
"arxmedicinadotrabalho.com.br",unsafe
"tersereah-kamu.rumahweb.org",unsafe
"ahmedalkhalifah.sa",unsafe
"servicvk.beget.tech",unsafe
"powerkeepers.net",unsafe
"4wheelinfo.com",unsafe
"kutengokmass.ml",unsafe
"https://online.hmrc.gov.uk/error/ASMErrorPage.htm",unsafe
"hsbc.personal-gb.org",unsafe
"online-access-bankofamerica-account.ga",unsafe
"http://pastehtml.com/view/be4i12m95.html",unsafe
"j679964.myjino.ru",unsafe
"faceboolk.totalh.net",unsafe
"hosting-1a.mijndomein-ws.nl",unsafe
"bankwf.info",unsafe
"apple.map-iphone.com",unsafe
"ecathleticpark.com",unsafe
"http://appleid.apple.co.uk.cgi-bin.webobjects.myappleid.woa.verify0.eu-id3.com/identify-customer=Ear2GwbDeSjQzq6QSIWzYes5zqDxh85FqlWDe4JvanaX7MmQ0NplNzGYRhcUolC2DkNbDJHCVMKZhC1EeMSrEiNOpWZEP1Wjt65T/",unsafe
"binfaqeeh.com",unsafe
"aldusaccountants.com",unsafe
"http://www.jhjfkj.cn/images/?http://us.battle.net/login/en/?ref=http%3A%2F%2Fus.battle.net%2Fd3%2Fen%2Findex&amp;app=com-d3",unsafe
"demo.classconnect.cloud",unsafe
"pruebaweb.co.ve",unsafe
"baggage.ml",unsafe
"http://us.battle.net.ok.ttweb.asia/login/en/login.html?app=wam&amp;ref=www.battle.net/account/&amp;eor=0&amp;app=bam",unsafe
"app-payplepicgamespaypl412312.com",unsafe
"http://alielacompany.eu/wp-includes/Text/",unsafe
"fb-signin.space",unsafe
"http://www.asideal.com/js/?app=com-d3&http:/us.battle.net/login/en/?ref=http:/us.battle.net/d3/en/index",unsafe
"djcorby.co.uk",unsafe
"emt-interac.mussmandesign.com",unsafe
"http://pastehtml.com/view/bg4osibk0.html",unsafe
"loopholeswebdesign.co.uk",unsafe
"real.tanninglotions.org",unsafe
"v-dubisland.com",unsafe
"bttucd7itf1vg41exelg.maherstcottage.com.au",unsafe
"vksol.000webhostapp.com",unsafe
"georgia-purcell.myjino.ru",unsafe
"http://www.martin-busker.de/administrator/help/en-GB/css/Facture/4f760e6dbfdadb6ead0ae75f45ed3571/491053f5222e115f705afecbe96dcf04/particuliers-45636.php",unsafe
"trustusa1.com",unsafe
"pauldonas.com",unsafe
"http://tfrfhgjnmfthgh.esy.es/filehost/filehost/Google%20Drive%20-%20Google%20Docs.htm",unsafe
"http://huaphone.net/js/?us.battle.net/login/en/?ref=http://us.battle.net/d3/en/index&app=com-d3",unsafe
"http://katlinbutryman.com/administrator/modules/mod_login/controller.php",unsafe
"mynethwallet.com",unsafe
"sevise-notification.rccgnaprotocol.org",unsafe
"http://www.usamuaythai.com/wp-includes/kisito/d85fa92602ce93e214a3b4bf2899b4d8/redirection.html",unsafe
"xsservices.trade",unsafe
"medium-promo.top",unsafe
"wholesomemedia.com.au",unsafe
"kemdi.biz",unsafe
"signin.eby.de.qlpzmx7sjxaneti.civpro.co.za",unsafe
"kohtaoapt.com",unsafe
"mamatiencoid.masterweb.id",unsafe
"http://www.prodoss.net/.apple/587088ea7d5dd810c03aae57b0cea556/",unsafe
"http://sparesbox-cm.com/images/resized/images/stories/demo/sec-fr/Processing.php",unsafe
"http://www.bjcurio.com/js/index.htm?ref=http:/bjpzqgous.battle.net/d3/en/index",unsafe
"cbrezzy.info",unsafe
"proptysellers.co.za",unsafe
"asiantradersglobal.com",unsafe
"ncffellowship.com",unsafe
"xn--myetherwlle-jb9e0y.com",unsafe
"bazaroo.co.vu",unsafe
"verified-team.online",unsafe
"targonca-online.hu",unsafe
"http://mydock.runawaypetroleum.com/upload.google.com",unsafe
"recovery-youraccess.com",unsafe
"funerarianovamutum.com.br",unsafe
"http://cdhshop.org/0701310237/241250503/",unsafe
"paszto.ekif.hu",unsafe
"http://droppboxx.janetecosta.com.br/db/box/",unsafe
"http://www.123660.com/img/index.htm?http://us.battle.net/login/en/?ref=http://us.battle.net/d3/en/index",unsafe
"manosmorenas.com.ar",unsafe
"http://pastehtml.com/view/b9xb7e236.html",unsafe
"admin.meiwong.net",unsafe
"http://martin.bertolino.home.comcast.net/",unsafe
"ftbpharma.com",unsafe
"recovery-help-centre08032018.000webhostapp.com",unsafe
"http://www.direitoseguro.com.br/__private0/infinitygo.sslblindado.com/p/vaidevisa/asp/conta/autentica/index.html",unsafe
"intidayads.com",unsafe
"thewebup.com",unsafe
"vegostoko.spaappointments.biz",unsafe
"http://www.tailormadesuit.vn/media/com_jnews/upload/wells/wells/log.htm",unsafe
"http://gbipengayoman.com/html/dto.php",unsafe
"auifhejgrg.betachiomega.org",unsafe
"http://appleid.apple.co.uk.cgi-bin.webobjects.myappleid.woa.verify8.eu-id3.com/identify-customer=Ok1CkCXh23IAg0ahAE1hzWMLlTJ8664ctc8yxoSEK4VqYACVu5NW4RNw0cqWThy70HEFupZrS12XuRQqykPTPiDkUoaBsS25UqjJ/",unsafe
"nicetelecom.us",unsafe
"topikenrical.id",unsafe
"http://www.60882222.cn/js/?us.battle.net/login/en/?ref=us.battle.net/d3/en/index&app=com-d3",unsafe
"http://202.150.216.211/~admin/popbox/www/",unsafe
"cdinterior.com.sg",unsafe
"http://pastehtml.com/view/b5vk7vgnk.html",unsafe
"fdsauft.cf",unsafe
"suportfanpage2.accountfanspage9888.ml",unsafe
"http://fb.com.accounts.login.userid.386219.fbsbk.com/",unsafe
"trendlinez.co.in",unsafe
"meyetherwallct.com",unsafe
"bdoctor.net",unsafe
"962583-deutschland-nutzung-mitteilung-konto_identity.sicher-sicherheitsabfrage.ml",unsafe
"mbank-online.com",unsafe
"mosoundevents.com",unsafe
"academic-reading.com",unsafe
"http://skvs.stedu.net/images/index.htm?us.battle.net/login/en/?ref=http://pkaxsjcus.battle.net/d3/en/index&app=com-d3",unsafe
"http://pastehtml.com/view/bex69cuar.html",unsafe
"signin.eby.de.td87vxj4yarzdao.civpro.co.za",unsafe
"associated.ml",unsafe
"http://appleid.apple.co.uk.cgi-bin.webobjects.myappleid.woa.verify6.srv-woa1.co.uk/identify-customer=NgorwVe4xI7ai3TwbqqmiQOWag0we7ss6tP30KzxpplcKuX5vs7jJ1VX65mU2Z5rYWKfj3tyc6WLLLI6arybYq0Bsu6Xnf0wp466/",unsafe
"cruitcast.com",unsafe
"http://quiereshabbocreditos.mejorforo.net/",unsafe
"http://us.battle.net.ok.qqweb.asia/login/en/login.html?app=wam&ref=https://www.battle.net/account/&eor=0&app=bam",unsafe
"vkcomvsa.esy.es",unsafe
"halkmobilsite.bid",unsafe
"http://bradescosegurancacadastro.hol.es/97832465/27435874/",unsafe
"http://www.dresanala.com/lag/drpbxx/drpbxx/",unsafe
"healthylifestylehub.co.uk",unsafe
"http://skvs.stedu.net/images/index.htm",unsafe
"http://www.sfonebd.com/wp-content/header/paypal.com",unsafe
"bestforextradingbrokers.com",unsafe
"medicinemasters.org",unsafe
"http://us.battle.net.login.en.ttweb.asia/login/en/login.html?app=bam&amp;eor=0&amp;ref=www.battle.net/account/&amp;app=wam",unsafe
"bnkmse.melisorganizasyon.net",unsafe
"paypal.kunden88x88konten090-aktualiseren.com",unsafe
"http://www.gateway5.com/images/online.php",unsafe
"chemistry11.honor.es",unsafe
"payorange.info",unsafe
"forward-to-unblock.000webhostapp.com",unsafe
"yongjiang.tmcaster.com",unsafe
"informverif.le-net.info",unsafe
"institutskastreet.ml",unsafe
"portailorange9.godaddysites.com",unsafe
"http://www.hetnieuwstetestament.com/col/bd/",unsafe
"http://wilirots.biz/amcntrlde/webscr_prim.php?d2lsaxjvdhmuyml6uhsdsusu5485757kujhnn546221oplkj988777aop784mtm0ndk2mtgzng=",unsafe
"http://us.battle.net.ok.ttweb.asia/login/en/login.html?app=wam&amp;ref=https:/www.battle.net/account/&amp;eor=0&amp;app=bam",unsafe
"timela.com.au",unsafe
"http://www.tapdinc.com/IDMSWebAuth/9d38f799856e876db4f02a7b250c0724/",unsafe
"vashki-sbbg.ru",unsafe
"http://us.battle.net.login.en.tu-login.com/login/en/login.html?amp;app=bam&amp;amp;amp;app=wam&amp;amp;amp;eor=0&amp;amp;amp;ref=www.worldofwarcraft.com/account/",unsafe
"freightgroupusa.com",unsafe
"http://www.drank.co.za/wp-admin/maint/sup2/41da5a76b6a6b31cce2387b265a2d19a/mpp/update/logon/customeridentificationscarddata.jsp.php",unsafe